Dates,ABBOTINDIA.NS Y,ZYDUSLIFE.NS X,Standard Residual,Residual,Y Predicted,Signal,Coint,Trades,Investments,Net Investments,Effective Margin of ZYDUSLIFE.NS X,Effective Margin of ABBOTINDIA.NS Y,Trade Length,Percentage Return,Profit,Net Percentage Return,Long Profit,Short Profit,Effective Investment of ABBOTINDIA.NS X,Effective Investment of ABBOTINDIA.NS Y,Multiplier X,Multiplier Y
2023-05-22,21373.099609375,506.25,1.1601378289815436,2086.490843928408,19286.608765446592,,0.257995176473405,1.0,57224.99951171875,572.2499951171875,284.9759912109375,287.27400390625,11.0,6.86553094338353,3928.800048828125,686.553094338353,4057.200439453125,-128.400390625,28497.59912109375,28727.400390625,36.0,1.0
2023-05-23,21508.099609375,507.4500122070313,1.2236236084140513,2195.301098130647,19312.798511244357,,0.2460406811478335,,,,,273.7044921875,,,,,,,27658.75,27370.44921875,29.0,1.0
2023-05-24,21470.0,503.9500122070313,1.19927671278765,2145.8157229522585,19324.18427704774,,0.2259187061175536,,,,,,,,,,,,,,,
2023-05-25,21840.900390625,505.7000122070313,1.3933026371068633,2486.5671321806403,19354.33325844436,,0.2503841923118401,,,,,,,,,,,,,,,
2023-05-26,21901.44921875,508.25,1.4114267629913222,2512.172821316599,19389.2763974334,,0.2550527420475037,,,,,,,,,,,,,,,
2023-05-29,21893.80078125,512.0499877929688,1.387604412980436,2462.2229893660297,19431.57779188397,,0.2355437456006481,,,,,,,,,,,,,,,
2023-05-30,22054.599609375,505.75,1.4811365713256457,2620.6160342498515,19433.98357512515,,0.2630761475799916,,,,,,,,,,,,,,,
2023-05-31,21737.900390625,502.2999877929688,1.3004395369166484,2292.2755374120934,19445.624853212907,,0.2240438767405614,Individual Breakup,,Lot ABBOTINDIA.NS Y,Lot  ZYDUSLIFE.NS X,Total Profit,Total Trade,,,,,,,,,
2023-06-01,21602.650390625,513.4000244140625,1.184067777548397,2078.151638755029,19524.49875186997,,0.2289195293159096,Margin of ZYDUSLIFE.NS X,Margin of ABBOTINDIA.NS Y,1,4855.3507080078125,-925.5506591796875,1,,,,,,,,,
2023-06-02,21927.25,518.0,1.3436478700516143,2349.480391479072,19577.769608520928,,0.2453343117337736,1,1,,,,,,,,,,,,,
2023-06-05,21832.150390625,510.1000061035156,1.2995854958724,2263.487835277192,19568.662555347808,,0.2426734792042133,,,,,,,,,,,,,,,
2023-06-06,21823.05078125,515.4500122070312,1.2641777169098696,2192.7166348275714,19630.33414642243,,0.2249982691024328,,,,,,,,,,,,,,,
2023-06-07,21865.80078125,515.0999755859375,1.2762382608314102,2204.315616746764,19661.48516450324,,0.2152664734699162,,,,,,,,,,,,,,,
2023-06-08,21645.25,512.9500122070312,1.1431298525719098,1966.273858238383,19678.976141761617,,0.2019776734840113,,,,,,,,,,,,,,,
2023-06-09,21791.150390625,507.75,1.2351519721292723,2116.4172639018507,19674.73312672315,,0.1761580246757909,,,,,,,,,,,,,,,
2023-06-12,21960.400390625,510.0,1.3136957365286512,2242.955158707788,19717.44523191721,,0.174003849000489,,,,,,,,,,,,,,,
2023-06-13,22155.69921875,517.6500244140625,1.384635313587367,2355.4138877425285,19800.28533100747,,0.1708734353779536,,,,,,,,,,,,,,,
2023-06-14,22038.69921875,532.3499755859375,1.2393172144556754,2098.629524566772,19940.06969418323,,0.1668516925202592,,,,,,,,,,,,,,,
2023-06-15,22432.55078125,549.1500244140625,1.3793283026890324,2325.7193359822413,20106.83144526776,,0.134355782982419,,,,,,,,,,,,,,,
2023-06-16,22711.5,551.0499877929688,1.5142881396950971,2542.3615243919994,20169.138475608,,0.1651623405264929,,,,,,,,,,,,,,,
2023-06-19,23093.5,554.1500244140625,1.703583351320441,2848.9352970109976,20244.564702989,,0.1650515984610339,,,,,,,,,,,,,,,
2023-06-20,22996.900390625,556.0499877929688,1.6122258726088146,2684.2576818957896,20312.64270872921,,0.1415723224037646,,,,,,,,,,,,,,,
2023-06-21,22678.900390625,560.0999755859375,1.3746177053119328,2277.413741158238,20401.48664946676,,0.1074380634622185,,,,,,,,,,,,,,,
2023-06-22,22554.849609375,552.9000244140625,1.3142220960399282,2164.450405381187,20390.399203993813,,0.144208547247426,,,,,,,,,,,,,,,
2023-06-23,22659.30078125,557.0999755859375,1.3280400902908218,2174.2754095669297,20485.02537168307,,0.1278918058976246,,,,,,,,,,,,,,,
2023-06-26,22841.150390625,561.7999877929688,1.384090932256814,2251.935328045922,20589.21506257908,,0.1237549336595281,,,,,,,,,,,,,,,
2023-06-27,22707.80078125,570.7000122070312,1.2175494703343042,1966.766472900428,20741.03430834957,,0.088696383351383,,,,,,,,,,,,,,,
2023-06-28,23202.30078125,582.4500122070312,1.4126344367092327,2265.3002655880846,20937.000515661915,,0.0951042788353027,,,,,,,,,,,,,,,
2023-06-30,23419.150390625,583.0499877929688,1.5086860718261204,2406.7792769748667,21012.371113650133,,0.0925496923170818,,,,,,,,,,,,,,,
2023-07-03,23249.69921875,578.4000244140625,1.4017959095393522,2223.8077824659085,21025.89143628409,,0.0724190808785861,,,,,,,,,,,,,,,
2023-07-04,23209.19921875,574.0999755859375,1.3762305383554003,2170.473913336904,21038.725305413096,,0.0588041586318282,,,,,,,,,,,,,,,
2023-07-05,23306.0,585.0,1.318111559771698,2063.152406159519,21242.84759384048,,0.0529658413198963,,,,,,,,,,,,,,,
2023-07-06,23825.75,588.0999755859375,1.5850420776041387,2463.9513785296986,21361.7986214703,,0.0482090197656376,,,,,,,,,,,,,,,
2023-07-07,23499.400390625,582.25,1.3858973693391063,2138.7248073879164,21360.675583237084,,0.0265907235293072,,,,,,,,,,,,,,,
2023-07-10,23470.44921875,581.5999755859375,1.3352708860018356,2043.7800094717493,21426.66920927825,,0.033858737393346,,,,,,,,,,,,,,,
2023-07-11,23693.19921875,584.8499755859375,1.4124343957576144,2142.9189837316007,21550.2802350184,,0.0318958377759861,,,,,,,,,,,,,,,
2023-07-12,23564.5,593.4000244140625,1.2047840430448915,1809.8880571774132,21754.611942822587,,0.0338745436646071,,,,,,,,,,,,,,,
2023-07-13,23392.55078125,591.4500122070312,1.067635338632701,1586.7945773378924,21805.756203912108,,0.0521883059717056,,,,,,,,,,,,,,,
2023-07-14,23293.900390625,595.3499755859375,0.9223066918530032,1356.8778838093276,21937.022506815672,,0.0573049907194153,,,,,,,,,,,,,,,
2023-07-17,23151.94921875,603.0499877929688,0.7033063856071157,1023.4251665929188,22128.52405215708,,0.0673806883396053,,,,,,,,,,,,,,,
2023-07-18,23345.650390625,602.0499877929688,0.8084645760511835,1165.6873589303725,22179.963031694628,,0.1116959381671357,,,,,,,,,,,,,,,
2023-07-19,23468.650390625,607.5,0.7938971821490648,1134.2239879532644,22334.426402671736,,0.1679214749204844,,,,,,,,,,,,,,,
2023-07-20,23665.099609375,617.5499877929688,0.7754840024570087,1098.1324744073572,22566.967134967643,,0.1226425047929781,,,,,,,,,,,,,,,
2023-07-21,23183.849609375,613.2000122070312,0.4568176928743527,642.0850045382613,22541.76460483674,,0.0737745091951638,,,,,,,,,,,,,,,
2023-07-24,23171.25,613.7999877929688,0.4122824199315595,575.6279000049472,22595.622099995053,,0.0221436791902767,,,,,,,,,,,,,,,
2023-07-25,22986.400390625,621.75,0.1543237961286817,214.28631992630835,22772.11407069869,,0.0189669919212977,,,,,,,,,,,,,,,
2023-07-26,22945.44921875,622.75,0.090338633197707,125.02352977442206,22820.425688975574,,0.0079060044316466,,,,,,,,,,,,,,,
2023-07-27,23705.849609375,649.5,0.2651187602562841,364.5089506800723,23341.340658694928,,0.0058521859158409,,,,,,,,,,,,,,,
2023-07-28,24059.94921875,640.5,0.5987751473587649,816.302203651685,23243.647015098315,,0.0297405645975252,,,,,,,,,,,,,,,
2023-07-31,24068.599609375,632.25,0.6757980089131234,912.9587954784,23155.6408138966,,0.0593568399937064,,,,,,,,,,,,,,,
2023-08-01,23943.19921875,633.9000244140625,0.518494195628895,691.6006853897707,23251.59853336023,,0.065252191629462,,,,,,,,,,,,,,,
2023-08-02,24084.69921875,628.5999755859375,0.6578691976032179,866.4154725367916,23218.28374621321,,0.0566618933635826,,,,,,,,,,,,,,,
2023-08-03,24555.80078125,640.0,0.8124045948645968,1060.3720667807977,23495.428714469203,,0.0876545471790405,,,,,,,,,,,,,,,
2023-08-04,23864.0,649.75,0.1069979802849538,138.41626774227916,23725.58373225772,,0.0816212616418806,,,,,,,,,,,,,,,
2023-08-07,23964.75,655.2000122070312,0.0800369146726097,102.921368051655,23861.828631948345,,0.1021090301681723,,,,,,,,,,,,,,,
2023-08-08,23774.349609375,655.3499755859375,-0.0924432020228048,-118.2517251961981,23892.6013345712,,0.0757597124268606,,,,,,,,,,,,,,,
2023-08-09,23749.099609375,661.5499877929688,-0.2210688086432471,-281.61590614493616,24030.715515519936,,0.0661416355229409,,,,,,,,,,,,,,,
2023-08-10,23887.75,657.8499755859375,-0.0686762384321787,-87.20969624192367,23974.959696241924,,0.0308552944184781,,,,,,,,,,,,,,,
2023-08-11,23732.80078125,650.9500122070312,-0.1005010396002412,-127.06714497114444,23859.867926221144,,0.039895592044425,,,,,,,,,,,,,,,
2023-08-14,23637.80078125,641.6500244140625,-0.043453955778871,-54.7659370423753,23692.56671829237,,0.0275739915599488,,,,,,,,,,,,,,,
2023-08-16,23904.19921875,657.4000244140625,-0.100996805390472,-126.50661094128736,24030.705829691287,,0.0245341437003983,,,,,,,,,,,,,,,
2023-08-17,23658.75,644.8499755859375,-0.1143730334703397,-142.5998224940231,23801.349822494023,,0.0252671645229419,,,,,,,,,,,,,,,
2023-08-18,23399.599609375,647.8499755859375,-0.3856101496020048,-478.2515465138204,23877.85115588882,,0.0259613945395681,,,,,,,,,,,,,,,
2023-08-21,23436.05078125,653.0999755859375,-0.4553939094222194,-561.8561780867021,23997.906959336706,,0.0230111971605505,,,,,,,,,,,,,,,
2023-08-22,23478.349609375,650.9000244140625,-0.4010492699988873,-492.2416241105457,23970.591233485546,,0.0217353375163899,,,,,,,,,,,,,,,
2023-08-23,23231.099609375,645.3499755859375,-0.5258291950980158,-642.2265350624875,23873.326144437488,,0.0246149859877957,,,,,,,,,,,,,,,
2023-08-24,23164.650390625,640.8499755859375,-0.5190953607363428,-631.1393862990371,23795.78977692404,,0.0467200066145137,,,,,,,,,,,,,,,
2023-08-25,23221.0,629.2999877929688,-0.2881326724183457,-349.6778129055383,23570.67781290554,,0.035598612361329,,,,,,,,,,,,,,,
2023-08-28,23388.44921875,634.2999877929688,-0.2472980486711493,-299.02473196961,23687.47395071961,,0.0646215400115898,,,,,,,,,,,,,,,
2023-08-29,23414.94921875,631.9500122070312,-0.1982036531152836,-238.89090371571,23653.84012246571,,0.0271178452218585,,,,,,,,,,,,,,,
2023-08-30,23363.650390625,628.0999755859375,-0.1896296833575808,-227.6296871059567,23591.28007773096,,0.0296269310986979,,,,,,,,,,,,,,,
2023-08-31,23109.55078125,625.8499755859375,-0.3743705301893533,-447.78055685092113,23557.33133810092,,0.0357234173682118,,,,,,,,,,,,,,,
2023-09-01,22704.650390625,613.9500122070312,-0.5154357667927697,-615.1226875950924,23319.77307822009,,0.0549077562468269,,,,,,,,,,,,,,,
2023-09-04,22345.25,620.5,-0.9305701861584744,-1109.522672253479,23454.77267225348,,0.0818056414703886,,,,,,,,,,,,,,,
2023-09-05,22793.25,634.0499877929688,-0.786166689929644,-936.9625980952987,23730.2125980953,,0.0771070398027758,,,,,,,,,,,,,,,
2023-09-06,23106.599609375,636.4000244140625,-0.5624944694181626,-670.2695197331122,23776.869129108112,,0.0637133702302726,,,,,,,,,,,,,,,
2023-09-07,23029.05078125,633.0,-0.5703349438701555,-679.2871177842862,23708.337899034286,,0.0613743282386576,,,,,,,,,,,,,,,
2023-09-08,23002.30078125,628.1500244140625,-0.511629548577452,-608.980418584033,23611.281199834037,,0.0506061038368245,,,,,,,,,,,,,,,
2023-09-11,22985.099609375,628.5499877929688,-0.5383932949045285,-639.7667509744606,23624.86636034946,,0.0590737308937614,,,,,,,,,,,,,,,
2023-09-12,22897.25,627.75,-0.6001194352043449,-712.492052679263,23609.742052679263,,0.0629079296461184,,,,,,,,,,,,,,,
2023-09-13,23004.150390625,643.25,-0.7797108327737214,-924.576941110634,23928.727331735638,,0.0776765493886473,,,,,,,,,,,,,,,
2023-09-14,22910.599609375,639.9000244140625,-0.7952221951567,-943.3915577521328,23853.991167127133,,0.0785604100300517,,,,,,,,,,,,,,,
2023-09-15,23351.150390625,645.3499755859375,-0.5178578519243746,-614.1164855531424,23965.266876178142,,0.0659766922913942,,,,,,,,,,,,,,,
2023-09-18,23308.349609375,643.4000244140625,-0.5210897486628239,-617.6923667091614,23926.04197608416,,0.0683208175971024,,,,,,,,,,,,,,,
2023-09-20,23191.5,624.75,-0.2968698773554529,-352.03990986937424,23543.53990986937,,0.0669289466695025,,,,,,,,,,,,,,,
2023-09-21,22838.349609375,615.6500244140625,-0.4362807780398082,-517.4073439454442,23355.756953320444,,0.0347749674542429,,,,,,,,,,,,,,,
2023-09-22,22543.25,595.5999755859375,-0.345391613850933,-408.3191097109048,22951.569109710905,,0.0641626741275435,,,,,,,,,,,,,,,
2023-09-25,22650.650390625,603.3499755859375,-0.3958873040982186,-467.1570084293234,23117.807399054323,,0.1093653745235124,,,,,,,,,,,,,,,
2023-09-26,22710.80078125,598.0499877929688,-0.250154125754838,-295.2712632385992,23006.0720444886,,0.1026788503783558,,,,,,,,,,,,,,,
2023-09-27,22743.30078125,605.1500244140625,-0.3401228267086524,-401.1934890449993,23144.494270295,,0.1023723501488692,,,,,,,,,,,,,,,
2023-09-28,22370.650390625,602.75,-0.6041030386258361,-712.4999109624187,23083.15030158742,,0.1270773598778752,,,,,,,,,,,,,,,
2023-09-29,23179.44921875,615.0,-0.1312164124568124,-154.68651602166938,23334.13573477167,,0.1156906336991611,,,,,,,,,,,,,,,
2023-10-03,23121.80078125,611.0499877929688,-0.1112348318280385,-131.15150408097543,23252.95228533097,,0.1159969954454243,,,,,,,,,,,,,,,
2023-10-04,22815.94921875,603.4500122070312,-0.2365255254239421,-278.9753520574959,23094.924570807496,,0.1180768730598071,,,,,,,,,,,,,,,
2023-10-05,22861.94921875,605.0499877929688,-0.2233747236418571,-263.46422393995454,23125.413442689955,,0.1181425422681833,,,,,,,,,,,,,,,
2023-10-06,23036.400390625,603.75,-0.0528080043850986,-62.289501696719526,23098.68989232172,,0.1154644416534412,,,,,,,,,,,,,,,
2023-10-09,22962.55078125,601.2000122070312,-0.0717482488345854,-84.6345610319404,23047.18534228194,,0.1153902673414293,,,,,,,,,,,,,,,
2023-10-10,22748.05078125,600.0,-0.2322967347830024,-274.02975053106275,23022.080531781063,,0.1171369000576097,,,,,,,,,,,,,,,
2023-10-11,22430.25,599.8499755859375,-0.4961920122692009,-585.4710971486566,23015.721097148657,,0.1107466930014083,,,,,,,,,,,,,,,
2023-10-12,22306.80078125,593.9500122070312,-0.4980437482233493,-587.561412027113,22894.362193277117,,0.1203481026850811,,,,,,,,,,,,,,,
2023-10-13,22389.25,591.9500122070312,-0.3927855305995862,-463.3647537974393,22852.61475379744,,0.1263565038642445,,,,,,,,,,,,,,,
2023-10-16,22476.900390625,591.2000122070312,-0.3038914852229096,-358.5374331897692,22835.43782381477,,0.1175166282705597,,,,,,,,,,,,,,,
2023-10-17,22422.650390625,590.2999877929688,-0.3344112565837566,-394.4395520489125,22817.089942673912,,0.114377997139601,,,,,,,,,,,,,,,
2023-10-18,22427.94921875,583.7999877929688,-0.2177953565653461,-256.8161750586296,22684.76539380863,,0.110741934264482,,,,,,,,,,,,,,,
2023-10-19,22656.099609375,590.2000122070312,-0.138363478066201,-163.01895821226935,22819.11856758727,,0.1214982319403273,,,,,,,,,,,,,,,
2023-10-20,22640.25,578.9000244140625,0.043723682553763,51.52371701584707,22588.726282984157,,0.1153095863763699,,,,,,,,,,,,,,,
2023-10-23,22716.05078125,570.3499755859375,0.2541534563973743,299.4616363332352,22416.589144916765,,0.1101085431802296,,,,,,,,,,,,,,,
2023-10-25,22511.349609375,574.7000122070312,0.0013908250462412,1.6374331340957724,22509.712176240904,,0.1051115232106749,,,,,,,,,,,,,,,
2023-10-26,22232.400390625,571.2999877929688,-0.178115628477761,-209.56030428596569,22441.96069491097,,0.1205484593264397,,,,,,,,,,,,,,,
2023-10-27,22670.69921875,575.0499877929688,0.1263799483730956,148.6432546760334,22522.055964073967,,0.1205931899647013,,,,,,,,,,,,,,,
2023-10-30,22481.75,580.25,-0.1261417768952679,-148.3186618984364,22630.06866189844,,0.1196468810882055,,,,,,,,,,,,,,,
2023-10-31,22413.650390625,573.5499877929688,-0.0672760962566249,-79.10758724862535,22492.757977873625,,0.1118677949424024,,,,,,,,,,,,,,,
2023-11-01,22234.94921875,575.4000244140625,-0.2527255039346339,-297.0249425203474,22531.974161270347,,0.1115399580854807,,,,,,,,,,,,,,,
2023-11-02,22382.099609375,577.7999877929688,-0.1712807758854753,-201.18550562011296,22583.285114995117,,0.1074718178264244,,,,,,,,,,,,,,,
2023-11-03,22796.150390625,584.8499755859375,0.0540978671251927,63.48692099757318,22732.663469627427,,0.1102819698060522,,,,,,,,,,,,,,,
2023-11-06,23314.0,584.8499755859375,0.4902598442889724,575.2095192927372,22738.790480707263,,0.1055408688619586,,,,,,,,,,,,,,,
2023-11-07,23786.44921875,597.2999877929688,0.6662693019143713,781.0961949107659,23005.353023839238,,0.1159767037095635,,,,,,,,,,,,,,,
2023-11-08,24265.69921875,625.2000122070312,0.5746046046746572,672.7707487215885,23592.92847002841,,0.1157771086480056,,,,,,,,,,,,,,,
2023-11-09,23879.44921875,612.4500122070312,0.4650143711744681,544.6047132938475,23334.844505456156,,0.1141600743729687,,,,,,,,,,,,,,,
2023-11-10,23705.650390625,619.9000244140625,0.1812632464030796,212.15197984761107,23493.49841077739,,0.1119256899303336,,,,,,,,,,,,,,,
2023-11-13,23152.650390625,620.25,-0.2962113426031658,-346.62704377910995,23499.27743440411,,0.1112781014115358,,,,,,,,,,,,,,,
2023-11-15,22926.25,621.1500244140625,-0.5024502647276994,-587.972605893272,23514.222605893272,,0.1162864849697196,,,,,,,,,,,,,,,
2023-11-16,23293.55078125,631.8499755859375,-0.3761451413211965,-439.9794466339117,23733.53022788391,,0.1030308642057963,,,,,,,,,,,,,,,
2023-11-17,23625.5,636.5499877929688,-0.1759772759389896,-205.6684376989033,23831.168437698903,,0.1027143778837564,,,,,,,,,,,,,,,
2023-11-20,23975.80078125,636.0,0.1306830145704638,152.65370686143433,23823.14707438857,,0.1019098541346253,,,,,,,,,,,,,,,
2023-11-21,23950.599609375,639.0499877929688,0.0525205997581664,61.31141339973328,23889.288195975267,,0.099083783524615,,,,,,,,,,,,,,,
2023-11-22,23904.25,642.0499877929688,-0.0416851288928585,-48.6266806681997,23952.8766806682,,0.090479441027828,,,,,,,,,,,,,,,
2023-11-23,23886.5,631.5999755859375,0.1256362929855224,146.47081574680487,23740.029184253195,,0.0930067874248652,,,,,,,,,,,,,,,
2023-11-24,24045.849609375,639.9000244140625,0.1119067246303411,130.3084705395304,23915.54113883547,,0.0897855745734094,,,,,,,,,,,,,,,
2023-11-28,23697.75,629.7999877929688,-0.0089806450832921,-10.450888913743256,23708.200888913743,,0.0885707588931349,,,,,,,,,,,,,,,
2023-11-29,23537.80078125,635.0499877929688,-0.2403517943974197,-279.3716829663608,23817.17246421636,,0.084265951822233,,,,,,,,,,,,,,,
2023-11-30,23805.150390625,637.5499877929688,-0.0564876842408271,-65.5689385588521,23870.71932918385,,0.0865153131265273,,,,,,,,,,,,,,,
2023-12-01,23679.5,639.7000122070312,-0.2031814741831373,-235.5883199654236,23915.088319965424,,0.0832285220941345,,,,,,,,,,,,,,,
2023-12-04,23398.75,633.4000244140625,-0.3324418279413284,-385.1259801681263,23783.875980168126,,0.080642160015322,,,,,,,,,,,,,,,
2023-12-05,23110.44921875,634.0499877929688,-0.591040438073323,-683.9683849610701,23794.41760371107,,0.0718257726228999,,,,,,,,,,,,,,,
2023-12-06,23078.05078125,635.4500122070312,-0.6430224513701227,-742.8162382798255,23820.867019529825,,0.0610867396698931,,,,,,,,,,,,,,,
2023-12-07,23073.400390625,657.9500122070312,-1.045321624583612,-1204.3919923941794,24277.79238301918,,0.0633382793028,,,,,,,,,,,,,,,
2023-12-08,22858.0,638.5499877929688,-0.8830664673993087,-1015.7062627214692,23873.70626272147,,0.0714723291585381,,,,,,,,,,,,,,,
2023-12-11,23046.55078125,633.5999755859375,-0.6298853677590528,-723.1715004045509,23769.72228165455,,0.0617285463963931,,,,,,,,,,,,,,,
2023-12-12,22825.0,635.4000244140625,-0.8530278317261833,-977.4942996782048,23802.494299678205,,0.0550883800656991,,,,,,,,,,,,,,,
2023-12-13,22780.849609375,642.4000244140625,-1.0141768747246251,-1159.200318953437,23940.04992832844,,0.0628435176419023,,,,,,,,,,,,,,,
2023-12-14,22742.0,643.7999877929688,-1.0683580291318855,-1218.7929664367402,23960.79296643674,,0.0540679884013559,,,,,,,,,,,,,,,
2023-12-15,22694.80078125,645.9000244140625,-1.1434298623550272,-1301.1939810687982,23995.9947623188,,0.0586487836104159,,,,,,,,,,,,,,,
2023-12-18,22780.30078125,680.5999755859375,-1.6776392889007268,-1905.253005855473,24685.553787105477,,0.1139908115993814,,,,,,,,,,,,,,,
2023-12-19,22902.25,685.8499755859375,-1.6464375437906136,-1870.9541198624504,24773.20411986245,,0.1093503671546154,,,,,,,,,,,,,,,
2023-12-20,22135.150390625,663.75,-1.9070519208105088,-2172.6720685335717,24307.82245915857,,0.1510169346256599,,,,,,,,,,,,,,,
2023-12-21,22354.75,671.4500122070312,-1.8302675600108065,-2088.710719852628,24443.46071985263,,0.1604836771581226,,,,,,,,,,,,,,,
2023-12-22,22604.0,679.9500122070312,-1.740429260948381,-1989.822279238688,24593.822279238688,,0.1556950353786205,,,,,,,,,,,,,,,
2023-12-26,22452.55078125,676.2000122070312,-1.786019944538373,-2047.219332080764,24499.770113330764,,0.1561095956235511,,,,,,,,,,,,,,,
2023-12-27,22570.099609375,688.6500244140625,-1.8765622008082807,-2155.349751492082,24725.44936086708,,0.1705751816353608,,,,,,,,,,,,,,,
2023-12-28,22623.69921875,686.4000244140625,-1.77005887824632,-2037.7037290276712,24661.40294777767,,0.1565443404909796,,,,,,,,,,,,,,,
2023-12-29,22851.25,689.2000122070312,-1.6026704993733627,-1847.519535109357,24698.76953510936,,0.1389714086081723,,,,,,,,,,,,,,,
2024-01-01,22761.099609375,699.1500244140625,-1.827155021902703,-2110.010131900661,24871.10974127566,,0.1622475895406816,,,,,,,,,,,,,,,
2024-01-02,23327.25,712.25,-1.5391900421782054,-1778.568620363836,25105.81862036384,,0.1289360238164058,,,,,,,,,,,,,,,
2024-01-03,23606.599609375,710.4000244140625,-1.2519703661595625,-1447.023979979851,25053.62358935485,,0.0976560850162975,,,,,,,,,,,,,,,
2024-01-04,23569.80078125,709.1500244140625,-1.249447451587797,-1443.639685496677,25013.44046674668,,0.0909596487197252,,,,,,,,,,,,,,,
2024-01-05,23884.599609375,714.25,-1.0522924204722768,-1214.158464799817,25098.758074174817,,0.0817940584464935,,,,,,,,,,,,,,,
2024-01-08,23658.099609375,710.7000122070312,-1.177274656161656,-1357.3947774265616,25015.49438680156,,0.0743480213867752,,,,,,,,,,,,,,,
2024-01-09,24231.900390625,713.0,-0.7123872468693951,-819.2841636565572,25051.18455428156,,0.0516662395257658,,,,,,,,,,,,,,,
2024-01-10,24609.25,706.9000244140625,-0.2822598866995642,-323.59031376952044,24932.84031376952,,0.0434799444304722,,,,,,,,,,,,,,,
2024-01-11,25339.650390625,704.25,0.3944202386166589,450.6644256684594,24888.98596495654,,0.0278261726832337,,,,,,,,,,,,,,,
2024-01-12,25748.900390625,703.9500122070312,0.7506111196927138,854.7289949776241,24894.171395647376,,0.0226982850787216,,,,,,,,,,,,,,,
2024-01-15,26210.44921875,703.9500122070312,1.146600263884155,1301.987425146133,24908.461793603867,,0.0228667243380294,,,,,,,,,,,,,,,
2024-01-16,25806.5,706.8499755859375,0.7370065680975322,833.1291772559343,24973.370822744066,,0.025098106925614,,,,,,,,,,,,,,,
2024-01-17,25730.69921875,709.7000122070312,0.6183422050382034,695.4120446307788,25035.28717411922,,0.0142598969594319,,,,,,,,,,,,,,,
2024-01-18,25737.5,708.9000244140625,0.6345127338602786,710.8933790330411,25026.60662096696,,0.0219083341814819,,,,,,,,,,,,,,,
2024-01-19,25867.0,720.5499877929688,0.5502840388439175,612.8081543358021,25254.1918456642,,0.0140510573834003,,,,,,,,,,,,,,,
2024-01-23,25481.400390625,729.1500244140625,0.0582573999198298,64.57706586452696,25416.823324760477,,0.0075030443719982,,,,,,,,,,,,,,,
2024-01-24,25598.599609375,752.4000244140625,-0.230815836358113,-254.21405864142437,25852.813668016424,,0.0050222146225821,,,,,,,,,,,,,,,
2024-01-25,25060.75,736.5,-0.4370997485415094,-478.33391708779527,25539.083917087795,,0.0051140065856736,,,,,,,,,,,,,,,
2024-01-29,25568.05078125,748.5,-0.178340314972513,-193.4197679702884,25761.47054922029,,0.0036784007989787,,,,,,,,,,,,,,,
2024-01-30,25508.650390625,755.9000244140625,-0.3574936920298452,-384.4098884264167,25893.060279051417,,0.0034592149673094,,,,,,,,,,,,,,,
2024-01-31,25906.94921875,760.7999877929688,-0.0704953714174981,-75.1029792090194,25982.05219795902,,0.0017688964934754,,,,,,,,,,,,,,,
2024-02-01,25887.0,759.5499877929688,-0.0633761301955088,-66.90150471533343,25953.901504715333,,0.0020168978272761,,,,,,,,,,,,,,,
2024-02-02,28064.30078125,761.1500244140625,1.9611554298572105,2055.5126604728,26008.7881207772,,0.0020434491439587,,,,,,,,,,,,,,,
2024-02-05,28069.5,760.9000244140625,1.9615634783102456,2042.81298481283,26026.68701518717,,0.0098765681493713,,,,,,,,,,,,,,,
2024-02-06,28319.0,797.4000244140625,1.5357545542698543,1580.989392100717,26738.010607899283,,0.0054960846329983,,,,,,,,,,,,,,,
2024-02-07,28727.400390625,791.5999755859375,2.0155812288710377,2070.706333875401,26656.6940567496,1.0,0.0099712684837217,,,,,,,,,,,,,,,
2024-02-08,28258.30078125,802.0499877929688,1.3543952061402873,1384.48249396959,26873.81828728041,,0.0092150398476986,,,,,,,,,,,,,,,
2024-02-09,28083.69921875,805.0499877929688,1.1201726029104686,1139.4699226036282,26944.22929614637,,0.0055063981615346,,,,,,,,,,,,,,,
2024-02-12,28477.80078125,856.6500244140625,0.5419744960434537,546.1535950126345,27931.64718623737,,0.0052371184524935,,,,,,,,,,,,,,,
2024-02-13,28884.900390625,857.7999877929688,0.9176566071320892,919.8964306078416,27965.00396001716,,0.0111473829490734,,,,,,,,,,,,,,,
2024-02-14,29367.55078125,867.7999877929688,1.192625764093085,1192.427922105806,28175.122859144198,,0.0100960248708858,,,,,,,,,,,,,,,
2024-02-15,29183.94921875,878.9500122070312,0.7891869641195067,785.6591714848946,28398.290047265105,,0.0056666475079015,,,,,,,,,,,,,,,
2024-02-16,29538.599609375,891.9000244140625,0.8905591417524997,881.7165036126098,28656.88310576239,,0.0056187081587031,,,,,,,,,,,,,,,
2024-02-19,29526.69921875,907.5499877929688,0.5762492179591214,567.0540777760834,28959.64514097392,,0.0085205359925517,,,,,,,,,,,,,,,
2024-02-20,29191.05078125,895.75,0.4639323240051753,455.3375936451048,28735.71318760489,,0.0096409065351119,,,,,,,,,,,,,,,
2024-02-21,29131.349609375,893.7999877929688,0.439571295365205,430.37319356364605,28700.976415811358,,0.0116273949314886,,,,,,,,,,,,,,,
2024-02-22,28855.80078125,904.2999877929688,-0.0382875115331278,-37.3961527595784,28893.19693400958,0.0,0.013667609770876,,,,,,,,,,,,,,,
2024-02-23,28707.80078125,923.25,-0.5428106138742937,-529.3588416731072,29237.159622923107,,0.0147073723257474,,,,,,,,,,,,,,,
2024-02-26,28458.599609375,942.5499877929688,-1.1419447975882109,-1113.2750485684046,29571.874657943405,,0.0155395651985118,,,,,,,,,,,,,,,
2024-02-27,28670.349609375,942.8499755859376,-0.902068474722742,-879.0153019649588,29549.36491133996,,0.016253404168334,,,,,,,,,,,,,,,
2024-02-28,28610.0,932.5999755859376,-0.742541943932252,-723.8671565206823,29333.86715652068,,0.0161770217214607,,,,,,,,,,,,,,,
2024-02-29,28434.19921875,941.9000244140624,-1.072696326241443,-1046.0225194634404,29480.22173821344,,0.0185015446645439,,,,,,,,,,,,,,,
2024-03-01,28216.650390625,925.3499755859376,-0.9507330544417548,-928.2757145402212,29144.92610516522,,0.0191699851306681,,,,,,,,,,,,,,,
2024-03-04,27606.0,946.25,-1.9246526154102144,-1884.3404279204697,29490.34042792047,,0.0306088244204158,,,,,,,,,,,,,,,
2024-03-05,27370.44921875,953.75,-2.242167708374988,-2205.1563080958003,29575.6055268458,,0.0350570103960882,,,,,,,,,,,,,,,
2024-03-06,27321.5,961.8499755859376,-2.3732133205454566,-2343.8824944593653,29665.382494459365,,0.0346409599063735,,,,,,,,,,,,,,,
2024-03-07,27434.94921875,976.75,-2.4606911436081784,-2438.617371269109,29873.56659001911,,0.0358040500608757,,,,,,,,,,,,,,,
2024-03-11,27229.55078125,994.4500122070312,-2.896710045249524,-2885.8764453135227,30115.427226563523,,0.0611564384909955,,,,,,,,,,,,,,,
2024-03-12,26993.69921875,987.7000122070312,-2.9129302684650886,-2921.717233797652,29915.41645254765,,0.036002950647483,,,,,,,,,,,,,,,
2024-03-13,27401.94921875,968.6500244140624,-2.105983471204666,-2118.8824782881784,29520.83169703818,,0.0156826616944639,,,,,,,,,,,,,,,
2024-03-14,28308.099609375,995.2999877929688,-1.6333697371915594,-1641.9321310517553,29950.031740426755,,0.006539384699265,,,,,,,,,,,,,,,
2024-03-15,28404.349609375,983.9000244140624,-1.3006992930447323,-1307.6689415355104,29712.01855091051,,0.0042134997834466,,,,,,,,,,,,,,,
2024-03-18,28604.150390625,991.25,-1.198211629097482,-1201.468730755245,29805.619121380245,,0.003161031175351,,,,,,,,,,,,,,,
2024-03-19,28291.5,969.8499755859376,-1.1066430077281029,-1106.867722541465,29398.367722541465,,0.0018357122682351,,,,,,,,,,,,,,,
2024-03-20,27688.80078125,971.4000244140624,-1.6977465297441463,-1693.6517315413876,29382.452512791388,,0.0042341738612234,,,,,,,,,,,,,,,
2024-03-21,27673.25,993.1500244140624,-2.0452435025399764,-2032.584742629988,29705.834742629988,,0.0106789165962516,,,,,,,,,,,,,,,
2024-03-22,27067.099609375,999.75,-2.696642955451183,-2684.0926641491315,29751.19227352413,,0.0262552559052881,,,,,,,,,,,,,,,
2024-03-26,26701.05078125,1017.0499877929688,-3.2570152240723766,-3265.198762189677,29966.24954343968,,0.06396057944423,,,,,,,,,,,,,,,
2024-03-27,26711.05078125,999.7000122070312,-2.8664154464046714,-2894.49168092557,29605.54246217557,,0.0354121929058073,,,,,,,,,,,,,,,
2024-03-28,27120.80078125,1007.3499755859376,-2.51744585789654,-2556.306923193595,29677.107704443595,,0.0243704567950798,,,,,,,,,,,,,,,
2024-04-01,27521.30078125,999.7999877929688,-1.9489667594625184,-1984.7841687330256,29506.084949983026,,0.0138978308454907,,,,,,,,,,,,,,,
2024-04-02,27282.900390625,992.9500122070312,-2.0218320407589307,-2064.8203035189435,29347.720694143944,,0.0162524579097461,,,,,,,,,,,,,,,
2024-04-03,26714.44921875,987.7000122070312,-2.432543302888889,-2496.033030803272,29210.48224955327,,0.0323515753026347,,,,,,,,,,,,,,,
2024-04-04,26606.400390625,983.2000122070312,-2.407789841219853,-2481.751798043704,29088.152188668704,,0.0287298643172799,,,,,,,,,,,,,,,
2024-04-05,26636.900390625,1006.5,-2.677898971118384,-2776.74920464187,29413.64959526687,,0.0415836736214636,,,,,,,,,,,,,,,
2024-04-08,26400.400390625,1000.6500244140624,-2.741217427176665,-2862.4890155227918,29262.88940614779,,0.0440277187847632,,,,,,,,,,,,,,,
2024-04-09,26420.5,989.1500244140624,-2.48373638352506,-2608.834780515092,29029.33478051509,,0.0343415474600568,,,,,,,,,,,,,,,
2024-04-10,27021.80078125,994.2000122070312,-1.945948293749341,-2049.2750908066155,29071.075872056612,,0.0151146847366539,,,,,,,,,,,,,,,
2024-04-12,26444.650390625,962.1500244140624,-1.9680062944814771,-2080.251014087204,28524.901404712204,,0.0144598892447022,,,,,,,,,,,,,,,
2024-04-15,26219.75,935.1500244140624,-1.7454105885406346,-1847.495160445491,28067.24516044549,,0.0101411708474775,,,,,,,,,,,,,,,
2024-04-16,26144.75,944.8499755859376,-1.9292603547566285,-2042.315005343044,28187.065005343044,,0.0205982107979366,,,,,,,,,,,,,,,
2024-04-18,26065.19921875,937.0,-1.858849503733786,-1967.009872661216,28032.209091411216,,0.0232696319812587,,,,,,,,,,,,,,,
2024-04-19,26128.0,922.1500244140624,-1.556419597713,-1648.0200925631725,27776.020092563173,,0.0203723163385223,,,,,,,,,,,,,,,
2024-04-22,26316.0,959.7000122070312,-1.8990180635108775,-2013.1668453727248,28329.166845372725,,0.0253854951744868,,,,,,,,,,,,,,,
2024-04-23,25725.099609375,959.4500122070312,-2.404279788371243,-2561.261668890445,28286.361278265445,,0.0379127205547438,,,,,,,,,,,,,,,
2024-04-24,25452.55078125,933.5,-2.243633674832034,-2400.5301212005,27853.0809024505,,0.0272560759451757,,,,,,,,,,,,,,,
2024-04-25,25674.44921875,951.25,-2.2506310284853086,-2415.3549111805296,28089.80412993053,,0.0263504407307094,,,,,,,,,,,,,,,
2024-04-26,25895.0,947.4000244140624,-1.958089585784149,-2104.595716424119,27999.59571642412,,0.0203090788736579,,,,,,,,,,,,,,,
2024-04-29,26289.599609375,963.0999755859376,-1.784016731918484,-1917.1581542732165,28206.757763648216,,0.0139835008640313,,,,,,,,,,,,,,,
2024-04-30,26446.05078125,953.5499877929688,-1.4808917311961225,-1590.6564819961131,28036.707263246117,,0.009964314554459,,,,,,,,,,,,,,,
2024-05-02,26643.349609375,988.0,-1.7503774331776878,-1876.958159943588,28520.307769318588,,0.0185848796483564,,,,,,,,,,,,,,,
2024-05-03,26146.599609375,997.4000244140624,-2.3011418950002627,-2469.854319845421,28616.45392922042,,0.0224672818751196,,,,,,,,,,,,,,,
2024-05-06,25773.05078125,1020.75,-2.9045591360518364,-3133.6948043867487,28906.74558563675,,0.0414564229507467,,,,,,,,,,,,,,,
2024-05-07,25734.94921875,980.8499755859376,-2.3486701805058185,-2541.601573580112,28276.550792330112,,0.0191624162260296,,,,,,,,,,,,,,,
2024-05-08,25936.900390625,1005.5999755859376,-2.4493801929497048,-2655.426540862296,28592.326931487296,,0.0281559190338492,,,,,,,,,,,,,,,
2024-05-09,25562.400390625,968.2000122070312,-2.252980401750619,-2447.4964449558174,28009.896835580817,,0.0159645876956688,,,,,,,,,,,,,,,
2024-05-10,26370.5,982.1500244140624,-1.6681895392517454,-1810.3341128669128,28180.834112866916,,0.0074920771001035,,,,,,,,,,,,,,,
2024-05-13,27079.69921875,992.5,-1.1333519167577046,-1225.1620362145768,28304.861254964577,,0.0136180484730711,,,,,,,,,,,,,,,
2024-05-14,26778.400390625,983.6500244140624,-1.275435169603544,-1373.7962509582358,28152.19664158324,,0.017846277830995,,,,,,,,,,,,,,,
2024-05-15,26410.94921875,997.0499877929688,-1.7642752784888325,-1902.3282435395013,28313.2774622895,,0.0293385393178065,,,,,,,,,,,,,,,
2024-05-16,26542.55078125,1009.0,-1.768412620579522,-1910.012426962156,28452.56320821216,,0.0229971840085989,,,,,,,,,,,,,,,
2024-05-17,26491.44921875,1051.4000244140625,-2.321394016614599,-2516.9624442429194,29008.41166299292,,0.028961519967114,,,,,,,,,,,,,,,
2024-05-21,26438.75,1088.3499755859375,-2.778965812994457,-3029.8658370674675,29468.615837067468,,0.0404064319632651,,,,,,,,,,,,,,,
2024-05-22,26196.19921875,1080.6500244140625,-2.830916830296153,-3106.3369037235025,29302.536122473502,,0.1173785486395928,,,,,,,,,,,,,,,
