Dates,ABBOTINDIA.NS Y,LUPIN.NS X,Standard Residual,Residual,Y Predicted,Signal,Coint,Trades,Investments,Net Investments,Effective Margin of LUPIN.NS X,Effective Margin of ABBOTINDIA.NS Y,Trade Length,Percentage Return,Profit,Net Percentage Return,Long Profit,Short Profit,Effective Investment of ABBOTINDIA.NS X,Effective Investment of ABBOTINDIA.NS Y,Multiplier X,Multiplier Y
2023-05-18,20970.55078125,779.2999877929688,1.0167543168834594,1769.9041436795633,19200.64663757044,,0.4659796544678724,1.0,46197.70068359375,461.9770068359375,231.0420068359375,230.935,82.0,21.72153263977527,10034.8486328125,2172.153263977527,9371.5986328125,663.25,23104.20068359375,23093.5,28.0,1.0
2023-05-19,20898.44921875,774.4000244140625,0.9629432614527492,1676.2668549403245,19222.18236380968,,0.4531756897190213,,,,,,,,,,,,,,,
2023-05-22,21373.099609375,774.4000244140625,1.2312854420964745,2144.702247090092,19228.397362284908,,0.4827373493243124,,,,,,,,,,,,,,,
2023-05-23,21508.099609375,776.8499755859375,1.3085845094924402,2280.79519710326,19227.30441227174,,0.4990270828190714,,,,,,,,,,,,,,,
2023-05-24,21470.0,777.9500122070312,1.28416877294091,2239.3497091726317,19230.65029082737,,0.4870607057126949,,,,,,,,,,,,,,,
2023-05-25,21840.900390625,778.8499755859375,1.492357821054057,2605.532804373732,19235.36758625127,,0.5204045338351574,,,,,,,,,,,,,,,
2023-05-26,21901.44921875,779.9500122070312,1.522679097126046,2661.7081919266675,19239.741026823333,,0.5216076690232171,Individual Breakup,,Lot ABBOTINDIA.NS Y,Lot  LUPIN.NS X,Total Profit,Total Trade,,,,,,,,,
2023-05-29,21893.80078125,805.7000122070312,1.5557724235760455,2722.7495555165005,19171.0512257335,,0.5352927719773811,Margin of LUPIN.NS X,Margin of ABBOTINDIA.NS Y,1,1,10034.8486328125,1,,,,,,,,,
2023-05-30,22054.599609375,803.5999755859375,1.6360554122747908,2867.696241304726,19186.903368070278,,0.5553807109910095,1,1,,,,,,,,,,,,,
2023-05-31,21737.900390625,804.5,1.4503683943732784,2544.342161683471,19193.55822894153,,0.526318084377539,,,,,,,,,,,,,,,
2023-06-01,21602.650390625,812.1500244140625,1.3793521347459292,2421.0635745867585,19181.58681603824,,0.534659155817725,,,,,,,,,,,,,,,
2023-06-02,21927.25,816.9500122070312,1.563991737114234,2747.84981233719,19179.40018766281,,0.5553457255075734,,,,,,,,,,,,,,,
2023-06-05,21832.150390625,820.2999877929688,1.507332549141747,2650.519707959913,19181.630682665087,,0.552263459609358,,,,,,,,,,,,,,,
2023-06-06,21823.05078125,821.6500244140625,1.4964704448026955,2633.6770106732256,19189.37377057677,,0.5446817584908236,,,,,,,,,,,,,,,
2023-06-07,21865.80078125,817.6500244140625,1.5073299430162528,2655.214951495571,19210.58582975443,,0.5509855096324768,,,,,,,,,,,,,,,
2023-06-08,21645.25,811.8499755859375,1.3675130011172458,2410.715579807118,19234.53442019288,,0.5238104310554397,,,,,,,,,,,,,,,
2023-06-09,21791.150390625,806.4000244140625,1.4362282288584298,2533.688956567792,19257.461434057208,,0.5407428677537741,,,,,,,,,,,,,,,
2023-06-12,21960.400390625,818.9000244140625,1.5404068610058066,2720.669858134006,19239.730532490998,,0.5625407538518529,,,,,,,,,,,,,,,
2023-06-13,22155.69921875,817.4500122070312,1.640249432784654,2901.150255980483,19254.54896276952,,0.5569226337396727,,,,,,,,,,,,,,,
2023-06-14,22038.69921875,818.75,1.567343990095611,2775.535500387421,19263.16371836258,,0.5366074624166225,,,,,,,,,,,,,,,
2023-06-15,22432.55078125,834.75,1.7973283691394504,3188.8443188993406,19243.70646235066,,0.5924060124936585,,,,,,,,,,,,,,,
2023-06-16,22711.5,830.4500122070312,1.936901438223806,3445.0657665179133,19266.434233482087,,0.6448311565433327,,,,,,,,,,,,,,,
2023-06-19,23093.5,825.1500244140625,2.130665050344684,3802.5784348489287,19290.92156515107,1.0,0.6603142126730417,,,,,,,,,,,,,,,
2023-06-20,22996.900390625,829.9000244140625,2.067117823947583,3699.112484839665,19297.78790578533,,0.6718779653986467,,,,,,,,,,,,,,,
2023-06-21,22678.900390625,875.0499877929688,1.918537920449189,3439.036838954202,19239.8635516708,,0.6426119281618071,,,,,,,,,,,,,,,
2023-06-22,22554.849609375,852.3499755859375,1.8155018985796083,3260.197125968767,19294.652483406237,,0.6331700772635857,,,,,,,,,,,,,,,
2023-06-23,22659.30078125,858.25,1.864780910269264,3356.1892645827465,19303.111516667253,,0.646059813012668,,,,,,,,,,,,,,,
2023-06-26,22841.150390625,874.0,1.96212193364617,3538.68662710231,19302.46376352269,,0.6920119871668167,,,,,,,,,,,,,,,
2023-06-27,22707.80078125,881.7000122070312,1.877928858027574,3393.88636354464,19313.91441770536,,0.6657153768244146,,,,,,,,,,,,,,,
2023-06-28,23202.30078125,889.5999755859375,2.136564943024829,3872.749896454621,19329.55088479538,,0.725008165460599,,,,,,,,,,,,,,,
2023-06-30,23419.150390625,902.75,2.240571429708899,4074.8666424094736,19344.283748215526,,0.7427290417965396,,,,,,,,,,,,,,,
2023-07-03,23249.69921875,892.2999877929688,2.120846711808992,3868.9359229333713,19380.76329581663,,0.7274978026485739,,,,,,,,,,,,,,,
2023-07-04,23209.19921875,891.4000244140625,2.0783447532516437,3803.6458801914378,19405.55333855856,,0.7297644793013038,,,,,,,,,,,,,,,
2023-07-05,23306.0,897.2999877929688,2.11238492981379,3878.635652159996,19427.364347840004,,0.7397264118804836,,,,,,,,,,,,,,,
2023-07-06,23825.75,905.2999877929688,2.371394458216886,4373.260299001071,19452.48970099893,,0.7887431657410486,,,,,,,,,,,,,,,
2023-07-07,23499.400390625,900.5999755859375,2.170330320695663,4016.565600782702,19482.834789842294,,0.7468173983502631,,,,,,,,,,,,,,,
2023-07-10,23470.44921875,900.8499755859376,2.1322267719935346,3959.092823993949,19511.35639475605,,0.735975003299425,,,,,,,,,,,,,,,
2023-07-11,23693.19921875,914.2000122070312,2.227592168776328,4150.954655671656,19542.244563078344,,0.7646055280508433,,,,,,,,,,,,,,,
2023-07-12,23564.5,940.5,2.1311248408525483,3982.257835924873,19582.242164075127,,0.7418953181758883,,,,,,,,,,,,,,,
2023-07-13,23392.55078125,930.75,2.0145074286664606,3774.682625622914,19617.86815562709,,0.6278980573905324,,,,,,,,,,,,,,,
2023-07-14,23293.900390625,930.9500122070312,1.9372248939735648,3638.3704795771264,19655.529911047877,,0.6834438729868851,,,,,,,,,,,,,,,
2023-07-17,23151.94921875,934.4000244140624,1.8361415333978195,3453.9790813741056,19697.97013737589,,0.6986727056555505,,,,,,,,,,,,,,,
2023-07-18,23345.650390625,933.9500122070312,1.913706248012344,3607.182701567144,19738.467689057856,,0.6809647605058631,,,,,,,,,,,,,,,
2023-07-19,23468.650390625,932.75,1.952980962620791,3689.1530270546064,19779.497363570397,,0.6042541399284707,,,,,,,,,,,,,,,
2023-07-20,23665.099609375,946.0999755859376,2.0202949585641714,3825.470878713521,19839.62873066148,,0.7811976736784971,,,,,,,,,,,,,,,
2023-07-21,23183.849609375,936.7000122070312,1.7480584981682743,3315.8894292481164,19867.960180126884,,0.4910000549667495,,,,,,,,,,,,,,,
2023-07-24,23171.25,936.7999877929688,1.719102406991618,3266.4387321507857,19904.81126784921,,0.4848497305137575,,,,,,,,,,,,,,,
2023-07-25,22986.400390625,937.5999755859376,1.6000304492174446,3043.628609436506,19942.77178118849,,0.5059653110451036,,,,,,,,,,,,,,,
2023-07-26,22945.44921875,941.4000244140624,1.554837292959347,2961.211855650581,19984.23736309942,,0.486664643606654,,,,,,,,,,,,,,,
2023-07-27,23705.849609375,979.7000122070312,1.888238391078759,3603.994349655823,20101.855259719177,,0.5961380650283242,,,,,,,,,,,,,,,
2023-07-28,24059.94921875,974.0,2.052123732229365,3933.648907837669,20126.30031091233,,0.6536613339362614,,,,,,,,,,,,,,,
2023-07-31,24068.599609375,985.4500122070312,2.011621483824092,3868.842983401646,20199.756625973358,,0.6499093929992626,,,,,,,,,,,,,,,
2023-08-01,23943.19921875,988.2000122070312,1.905673252187628,3671.361831144896,20271.837387605105,,0.6475587426431486,,,,,,,,,,,,,,,
2023-08-02,24084.69921875,994.5999755859376,1.9305013992384243,3724.464627839367,20360.234590910637,,0.7428731451358751,,,,,,,,,,,,,,,
2023-08-03,24555.80078125,1035.3499755859375,2.059801226829692,3973.1063174008814,20582.69446384912,,0.7950566985020421,,,,,,,,,,,,,,,
2023-08-04,23864.0,1064.0,1.6014299016835676,3083.441167204517,20780.558832795483,,0.6443630852289204,,,,,,,,,,,,,,,
2023-08-07,23964.75,1081.1500244140625,1.5723849750851475,3026.8678182496733,20937.882181750327,,0.575338623933508,,,,,,,,,,,,,,,
2023-08-08,23774.349609375,1083.699951171875,1.4258156375378377,2745.3347182739235,21029.01489110108,,0.6163547433408226,,,,,,,,,,,,,,,
2023-08-09,23749.099609375,1099.449951171875,1.3434297683179186,2586.97316601107,21162.12644336393,,0.6647430567187922,,,,,,,,,,,,,,,
2023-08-10,23887.75,1085.3499755859375,1.4121630992072738,2724.8876181312444,21162.86238186876,,0.6627912395524651,,,,,,,,,,,,,,,
2023-08-11,23732.80078125,1076.9000244140625,1.3206300142805505,2551.9648005315903,21180.83598071841,,0.6367080116550317,,,,,,,,,,,,,,,
2023-08-14,23637.80078125,1082.0,1.230285468943155,2378.8883779148678,21258.912403335133,,0.4980902160734494,,,,,,,,,,,,,,,
2023-08-16,23904.19921875,1112.8499755859375,1.2587154711977042,2432.295762778544,21471.903455971456,,0.4981174023289719,,,,,,,,,,,,,,,
2023-08-17,23658.75,1092.0999755859375,1.1577269110745618,2241.2651473577607,21417.48485264224,,0.473605375616228,,,,,,,,,,,,,,,
2023-08-18,23399.599609375,1067.5999755859375,1.0653004190463953,2065.547340408575,21334.052268966425,,0.4588181353453824,,,,,,,,,,,,,,,
2023-08-21,23436.05078125,1086.3499755859375,1.0108937375671512,1959.1021703143235,21476.94861093568,,0.4548188208386055,,,,,,,,,,,,,,,
2023-08-22,23478.349609375,1091.0999755859375,0.9959404473805386,1930.1446709072625,21548.204938467738,,0.4524631546200122,,,,,,,,,,,,,,,
2023-08-23,23231.099609375,1094.0999755859375,0.8388813735304366,1625.429549621742,21605.670059753254,,0.4342828118668795,,,,,,,,,,,,,,,
2023-08-24,23164.650390625,1089.5,0.7979988753830005,1546.406887167388,21618.24350345761,,0.4729919166610034,,,,,,,,,,,,,,,
2023-08-25,23221.0,1077.5999755859375,0.8419590392594707,1632.3894008277457,21588.61059917225,,0.4612002197402189,,,,,,,,,,,,,,,
2023-08-28,23388.44921875,1108.0,0.8173784845312151,1582.7973742135582,21805.65184453644,,0.4599986731729366,,,,,,,,,,,,,,,
2023-08-29,23414.94921875,1097.699951171875,0.8440270835911938,1636.0506072219796,21778.89861152802,,0.4475396488667845,,,,,,,,,,,,,,,
2023-08-30,23363.650390625,1100.800048828125,0.7897781838336776,1531.2105824227292,21832.43980820227,,0.4423092027346747,,,,,,,,,,,,,,,
2023-08-31,23109.55078125,1097.8499755859375,0.6520498791360536,1264.4919627421625,21845.05881850784,,0.4264450052515439,,,,,,,,,,,,,,,
2023-09-01,22704.650390625,1093.8499755859375,0.4417249062229312,856.4467088444035,21848.2036817806,,0.4087451090410982,,,,,,,,,,,,,,,
2023-09-04,22345.25,1097.4000244140625,0.2337078755142464,452.8439700496274,21892.406029950373,,0.4139389967031112,,,,,,,,,,,,,,,
2023-09-05,22793.25,1119.25,0.3819158428294578,739.2379170082058,22054.012082991798,,0.4478977544183515,,,,,,,,,,,,,,,
2023-09-06,23106.599609375,1139.050048828125,0.4681818923418367,905.6630605383398,22200.93654883666,,0.4616342094669774,,,,,,,,,,,,,,,
2023-09-07,23029.05078125,1136.199951171875,0.4307073802408571,833.5068732139371,22195.543908036063,,0.4584609720844928,,,,,,,,,,,,,,,
2023-09-08,23002.30078125,1128.5999755859375,0.4358737194465974,844.0035962094989,22158.2971850405,,0.4611671917229339,,,,,,,,,,,,,,,
2023-09-11,22985.099609375,1126.5,0.4261134551733112,825.3894191577128,22159.710190217287,,0.4605663209861971,,,,,,,,,,,,,,,
2023-09-12,22897.25,1138.449951171875,0.3344380199931208,647.617426069748,22249.63257393025,,0.4507965864408067,,,,,,,,,,,,,,,
2023-09-13,23004.150390625,1145.5,0.3570839633092748,691.3705647490788,22312.77982587592,,0.4556312736495495,,,,,,,,,,,,,,,
2023-09-14,22910.599609375,1155.6500244140625,0.2679688256807299,518.6859218004174,22391.913687574583,,0.4540838125967079,,,,,,,,,,,,,,,
2023-09-15,23351.150390625,1150.699951171875,0.5027831871588075,973.769836576008,22377.380554048992,,0.4650620542531627,,,,,,,,,,,,,,,
2023-09-18,23308.349609375,1139.550048828125,0.5121292755128256,992.6345840500652,22315.71502532493,,0.4630229502981256,,,,,,,,,,,,,,,
2023-09-20,23191.5,1149.550048828125,0.4132037719254088,800.7074785260156,22390.792521473984,,0.4624422130967239,,,,,,,,,,,,,,,
2023-09-21,22838.349609375,1127.300048828125,0.3039818566926134,589.6715737352788,22248.67803563972,,0.4570104147473361,,,,,,,,,,,,,,,
2023-09-22,22543.25,1097.449951171875,0.252265547344083,489.93632648271887,22053.31367351728,,0.4563065625669747,,,,,,,,,,,,,,,
2023-09-25,22650.650390625,1110.550048828125,0.2586781705049049,502.22369677953975,22148.42669384546,,0.4312228151341375,,,,,,,,,,,,,,,
2023-09-26,22710.80078125,1110.550048828125,0.2801310907948519,543.6256288935438,22167.175152356456,,0.4817756258358321,,,,,,,,,,,,,,,
2023-09-27,22743.30078125,1132.3499755859375,0.2152966922886473,417.4907616120945,22325.810019637905,,0.4919287821150246,,,,,,,,,,,,,,,
2023-09-28,22370.650390625,1133.050048828125,0.024023094457023,46.57763819932734,22324.072752425676,,0.4302834111633161,,,,,,,,,,,,,,,
2023-09-29,23179.44921875,1171.25,0.3117395765819011,603.0336525660387,22576.41556618396,,0.4288334566911017,,,,,,,,,,,,,,,
2023-10-03,23121.80078125,1174.199951171875,0.2764897260757004,534.3005650254636,22587.500216224536,,0.5024629674164989,,,,,,,,,,,,,,,
2023-10-04,22815.94921875,1151.5,0.1987323950342984,384.3168976998095,22431.63232105019,,0.5161813537555543,,,,,,,,,,,,,,,
2023-10-05,22861.94921875,1149.199951171875,0.2296883651395685,444.2320346909473,22417.717184059053,,0.5138585089691947,,,,,,,,,,,,,,,
2023-10-06,23036.400390625,1155.050048828125,0.2978748128989535,576.0013004850152,22460.399090139985,,0.5113295761912542,,,,,,,,,,,,,,,
2023-10-09,22962.55078125,1149.449951171875,0.2788400926111329,539.2731297662758,22423.277651483724,,0.5232710647462093,,,,,,,,,,,,,,,
2023-10-10,22748.05078125,1155.449951171875,0.1469559238379782,284.1570368609646,22463.893744389035,,0.5200910826928585,,,,,,,,,,,,,,,
2023-10-11,22430.25,1159.8499755859375,-0.0305375814496243,-59.04073134629289,22489.290731346293,0.0,0.5155982209367107,,,,,,,,,,,,,,,
2023-10-12,22306.80078125,1172.8499755859375,-0.135757623048329,-262.35817017005684,22569.158951420057,,0.5176115085760339,,,,,,,,,,,,,,,
2023-10-13,22389.25,1187.9000244140625,-0.1415678638057854,-273.45318784280244,22662.7031878428,,0.5270050242766067,,,,,,,,,,,,,,,
2023-10-16,22476.900390625,1198.300048828125,-0.1317984138803628,-254.50564263903647,22731.40603326404,,0.5295213807392106,,,,,,,,,,,,,,,
2023-10-17,22422.650390625,1197.6500244140625,-0.1557814875900028,-300.8651511531825,22723.515541778183,,0.5323537933785604,,,,,,,,,,,,,,,
2023-10-18,22427.94921875,1191.050048828125,-0.1275142999605,-246.364291008882,22674.31350975888,,0.529470199596001,,,,,,,,,,,,,,,
2023-10-19,22656.099609375,1200.0,-0.0419309955072662,-80.9879557091408,22737.08756508414,,0.5204157857134473,,,,,,,,,,,,,,,
2023-10-20,22640.25,1179.6500244140625,0.0174242304104782,33.675327486536844,22606.574672513463,,0.525080139512671,,,,,,,,,,,,,,,
2023-10-23,22716.05078125,1168.0,0.0934326751098937,180.6375727213672,22535.413208528636,,0.5351381671376634,,,,,,,,,,,,,,,
2023-10-25,22511.349609375,1143.699951171875,0.070181046556034,135.79350522173627,22375.556104153264,,0.5305990339645056,,,,,,,,,,,,,,,
2023-10-26,22232.400390625,1141.5999755859375,-0.0672173411480463,-130.06441563121916,22362.46480625622,,0.5226047165520283,,,,,,,,,,,,,,,
2023-10-27,22670.69921875,1131.6500244140625,0.189329487019279,366.4208291199029,22304.278389630097,,0.5125316495953326,,,,,,,,,,,,,,,
2023-10-30,22481.75,1140.3499755859375,0.0570507566718082,110.35731543030124,22371.3926845697,,0.5276655172278555,,,,,,,,,,,,,,,
2023-10-31,22413.650390625,1128.1500244140625,0.0620523700324214,120.06740603875004,22293.58298458625,,0.5261182461211525,,,,,,,,,,,,,,,
2023-11-01,22234.94921875,1132.75,-0.0480397253937314,-92.93451443971207,22327.883733189712,,0.5256326837002716,,,,,,,,,,,,,,,
2023-11-02,22382.099609375,1169.199951171875,-0.1011735948092816,-195.5032266665112,22577.60283604151,,0.5182769463013873,,,,,,,,,,,,,,,
2023-11-03,22796.150390625,1186.550048828125,0.0483514139514316,93.36757692678292,22702.782813698217,,0.5159308677548609,,,,,,,,,,,,,,,
2023-11-06,23314.0,1199.300048828125,0.2644661887092812,510.4415569366392,22803.55844306336,,0.5169819373341112,,,,,,,,,,,,,,,
2023-11-07,23786.44921875,1189.699951171875,0.5321514694331654,1027.5256064969108,22758.92361225309,,0.5295339438041453,,,,,,,,,,,,,,,
2023-11-08,24265.69921875,1211.0999755859375,0.6901160279358907,1332.0186431493275,22933.680575600672,,0.5275494893931714,,,,,,,,,,,,,,,
2023-11-09,23879.44921875,1204.550048828125,0.5013530108095081,967.7416055367648,22911.707613213235,,0.5195281894086932,,,,,,,,,,,,,,,
2023-11-10,23705.650390625,1180.1500244140625,0.4891752461338602,944.9085832522104,22760.74180737279,,0.5140203616917325,,,,,,,,,,,,,,,
2023-11-13,23152.650390625,1173.25,0.2215729523338944,427.95998573202814,22724.69040489297,,0.4966401945978036,,,,,,,,,,,,,,,
2023-11-15,22926.25,1170.25,0.110821363096073,213.998596491645,22712.251403508355,,0.493531463840667,,,,,,,,,,,,,,,
2023-11-16,23293.55078125,1194.0,0.2083768073787067,401.99894665862666,22891.551834591373,,0.500339814230206,,,,,,,,,,,,,,,
2023-11-17,23625.5,1196.300048828125,0.3648137653344395,703.676597570713,22921.823402429287,,0.5125685972443248,,,,,,,,,,,,,,,
2023-11-20,23975.80078125,1198.5,0.5289534190635452,1020.3372138263948,22955.463567423605,,0.4904237911062752,,,,,,,,,,,,,,,
2023-11-21,23950.599609375,1221.550048828125,0.4206302135818883,810.4749057044646,23140.12470367053,,0.4886854655285818,,,,,,,,,,,,,,,
2023-11-22,23904.25,1218.5999755859375,0.3981862773623193,767.0234402319256,23137.226559768074,,0.4956789435340484,,,,,,,,,,,,,,,
2023-11-23,23886.5,1198.1500244140625,0.4559513211301026,878.6267879160368,23007.873212083963,,0.481936593972313,,,,,,,,,,,,,,,
2023-11-24,24045.849609375,1243.199951171875,0.3599674437234541,692.3993907852273,23353.450218589773,,0.4725726052136998,,,,,,,,,,,,,,,
2023-11-28,23697.75,1244.949951171875,0.1661490049671456,319.37928175439447,23378.37071824561,,0.457938161654446,,,,,,,,,,,,,,,
2023-11-29,23537.80078125,1249.550048828125,0.0610531017376599,117.26400459725846,23420.53677665274,,0.4564980761031745,,,,,,,,,,,,,,,
2023-11-30,23805.150390625,1280.9000244140625,0.0759006066049977,145.54651847273635,23659.603872152264,,0.4564867190630795,,,,,,,,,,,,,,,
2023-12-01,23679.5,1296.6500244140625,-0.0525479561787409,-100.65276198560969,23780.15276198561,,0.4406168241882201,,,,,,,,,,,,,,,
2023-12-04,23398.75,1260.550048828125,-0.063134480621786,-120.96935791953,23519.71935791953,,0.4387591385806549,,,,,,,,,,,,,,,
2023-12-05,23110.44921875,1258.199951171875,-0.2051755136943893,-392.8410512429182,23503.29026999292,,0.4404019221236189,,,,,,,,,,,,,,,
2023-12-06,23078.05078125,1243.5,-0.1675474099902848,-320.6640276708167,23398.714808920817,,0.4328905009366292,,,,,,,,,,,,,,,
2023-12-07,23073.400390625,1249.0,-0.1926635761965919,-368.34798943631176,23441.74838006131,,0.4169447102990559,,,,,,,,,,,,,,,
2023-12-08,22858.0,1239.3499755859375,-0.2691964212115104,-514.2598857643388,23372.25988576434,,0.3870673571840369,,,,,,,,,,,,,,,
2023-12-11,23046.55078125,1229.6500244140625,-0.1365552496014581,-260.5377019546468,23307.088483204647,,0.3243808131873434,,,,,,,,,,,,,,,
2023-12-12,22825.0,1240.1500244140625,-0.2981352405940761,-567.4038212375744,23392.40382123757,,0.3783116035764119,,,,,,,,,,,,,,,
2023-12-13,22780.849609375,1251.9000244140625,-0.3686056701134046,-700.2317748374444,23481.081384212444,,0.3829744253707066,,,,,,,,,,,,,,,
2023-12-14,22742.0,1256.3499755859375,-0.4069851476439833,-771.9148149060347,23513.914814906035,,0.3694744720680442,,,,,,,,,,,,,,,
2023-12-15,22694.80078125,1246.0999755859375,-0.3925112005719205,-743.4181956435059,23438.218976893502,,0.3444809480319076,,,,,,,,,,,,,,,
2023-12-18,22780.30078125,1257.75,-0.39321614172105,-743.0638667223939,23523.364647972398,,0.3404536592806675,,,,,,,,,,,,,,,
2023-12-19,22902.25,1270.199951171875,-0.3777571140503163,-712.1819865926991,23614.4319865927,,0.3515084617390027,,,,,,,,,,,,,,,
2023-12-20,22135.150390625,1227.5999755859375,-0.618479129393551,-1165.3631270183903,23300.51351764339,,0.4159628859175717,,,,,,,,,,,,,,,
2023-12-21,22354.75,1256.800048828125,-0.6132864154130561,-1153.562906047453,23508.312906047453,,0.3944994746934788,,,,,,,,,,,,,,,
2023-12-22,22604.0,1265.0999755859375,-0.5121335747192522,-961.7529111268376,23565.75291112684,,0.4094789887931412,,,,,,,,,,,,,,,
2023-12-26,22452.55078125,1282.6500244140625,-0.6576811824135913,-1233.4053675378018,23685.9561487878,,0.4476201526501083,,,,,,,,,,,,,,,
2023-12-27,22570.099609375,1288.0,-0.612258819237809,-1147.3059301699725,23717.40553954497,,0.4580539450753624,,,,,,,,,,,,,,,
2023-12-28,22623.69921875,1339.949951171875,-0.7769830920642753,-1453.6218403300336,24077.321059080037,,0.4763214045304234,,,,,,,,,,,,,,,
2023-12-29,22851.25,1322.949951171875,-0.5858755406841406,-1096.083537265411,23947.33353726541,,0.4541051863719848,,,,,,,,,,,,,,,
2024-01-01,22761.099609375,1312.8499755859375,-0.5918320656004901,-1107.0037546408091,23868.10336401581,,0.4403504528017893,,,,,,,,,,,,,,,
2024-01-02,23327.25,1394.3499755859375,-0.5970289973464926,-1113.515145891983,24440.765145891983,,0.4207252337700293,,,,,,,,,,,,,,,
2024-01-03,23606.599609375,1406.4000244140625,-0.4904467841503638,-913.552396472398,24520.1520058474,,0.3980950367946817,,,,,,,,,,,,,,,
2024-01-04,23569.80078125,1399.0,-0.4795974459459702,-892.5580591163271,24462.358840366327,,0.3878574153304965,,,,,,,,,,,,,,,
2024-01-05,23884.599609375,1389.449951171875,-0.2753474625722261,-511.8715419593864,24396.471151334383,,0.3398900910305559,,,,,,,,,,,,,,,
2024-01-08,23658.099609375,1382.3499755859375,-0.3706099802529166,-687.8762089377815,24345.97581831278,,0.3166032668124742,,,,,,,,,,,,,,,
2024-01-09,24231.900390625,1396.300048828125,-0.1207417945414347,-223.51123010987797,24455.41162073488,,0.2791725378685447,,,,,,,,,,,,,,,
2024-01-10,24609.25,1405.25,0.0395040955264839,72.91645652175066,24536.33354347825,,0.2340456842695866,,,,,,,,,,,,,,,
2024-01-11,25339.650390625,1400.449951171875,0.4376683259994752,805.4257843930936,24534.224606231903,,0.2223522821400721,,,,,,,,,,,,,,,
2024-01-12,25748.900390625,1397.75,0.6512477544979374,1194.7161279993525,24554.184262625648,,0.2212537594512804,,,,,,,,,,,,,,,
2024-01-15,26210.44921875,1413.0,0.8212060099888341,1501.1537182049797,24709.29550054502,,0.2157647453785495,,,,,,,,,,,,,,,
2024-01-16,25806.5,1387.6500244140625,0.6825769284849199,1243.9636697951137,24562.536330204886,,0.1577297436864312,,,,,,,,,,,,,,,
2024-01-17,25730.69921875,1399.800048828125,0.5749547802691574,1042.5709168754877,24688.128301874516,,0.1165795203214887,,,,,,,,,,,,,,,
2024-01-18,25737.5,1425.6500244140625,0.4559089659763626,821.490392027823,24916.009607972177,,0.1020136420766452,,,,,,,,,,,,,,,
2024-01-19,25867.0,1430.25,0.4917129029516767,880.7076143707127,24986.292385629287,,0.1420458518835683,,,,,,,,,,,,,,,
2024-01-23,25481.400390625,1439.25,0.2277702710815212,405.82418089052953,25075.57620973447,,0.0617727884622002,,,,,,,,,,,,,,,
2024-01-24,25598.599609375,1449.199951171875,0.2380563950456415,420.94319782453385,25177.656411550463,,0.0914887871451058,,,,,,,,,,,,,,,
2024-01-25,25060.75,1454.050048828125,-0.0955742870019801,-167.9272834204312,25228.67728342043,,0.0629248462621836,,,,,,,,,,,,,,,
2024-01-29,25568.05078125,1483.300048828125,0.0586152692367155,102.1711478289144,25465.87963342109,,0.045069531692632,,,,,,,,,,,,,,,
2024-01-30,25508.650390625,1468.1500244140625,0.0792935290949829,137.15397533528085,25371.49641528972,,0.0382713778959739,,,,,,,,,,,,,,,
2024-01-31,25906.94921875,1505.3499755859375,0.1351639197474868,231.5987773039451,25675.35044144605,,0.0398285789980681,,,,,,,,,,,,,,,
2024-02-01,25887.0,1513.699951171875,0.0755107007905814,128.28073218871214,25758.719267811288,,0.0359444522220884,,,,,,,,,,,,,,,
2024-02-02,28064.30078125,1502.75,1.3784249416128034,2326.825670156446,25737.475111093558,,0.055881813811641,,,,,,,,,,,,,,,
2024-02-05,28069.5,1573.1500244140625,1.039563917540449,1738.1444340366145,26331.355565963386,,0.0381897845657583,,,,,,,,,,,,,,,
2024-02-06,28319.0,1580.1500244140625,1.132912369604565,1879.343730411154,26439.65626958885,,0.0628432207830568,,,,,,,,,,,,,,,
2024-02-07,28727.400390625,1594.300048828125,1.290538002428444,2127.3187059701813,26600.08168465482,,0.0608869184857548,,,,,,,,,,,,,,,
2024-02-08,28258.30078125,1606.4000244140625,0.9341475429881392,1528.354214508643,26729.94656674136,,0.1185848367012605,,,,,,,,,,,,,,,
2024-02-09,28083.69921875,1622.0999755859375,0.737797362211536,1201.2578914653277,26882.441327284672,,0.0963259756103202,,,,,,,,,,,,,,,
2024-02-12,28477.80078125,1594.449951171875,1.0928266779534122,1773.1825008133385,26704.61828043666,,0.1086061550479041,,,,,,,,,,,,,,,
2024-02-13,28884.900390625,1608.75,1.251982229671286,2022.7715765491705,26862.12881407583,,0.1058707448761372,,,,,,,,,,,,,,,
2024-02-14,29367.55078125,1611.75,1.5113022685398958,2432.82824499056,26934.72253625944,,0.1553269331514608,,,,,,,,,,,,,,,
2024-02-15,29183.94921875,1605.0999755859375,1.407052796313917,2258.444450237781,26925.50476851222,,0.1863902529021641,,,,,,,,,,,,,,,
2024-02-16,29538.599609375,1620.6500244140625,1.522386146943169,2438.680553652368,27099.919055722632,,0.176516352834799,,,,,,,,,,,,,,,
2024-02-19,29526.69921875,1588.0999755859375,1.6507419675793686,2641.618534627487,26885.080684122517,,0.1510133522637188,,,,,,,,,,,,,,,
2024-02-20,29191.05078125,1587.050048828125,1.426084176829968,2274.117592342296,26916.933188907704,,0.119851040966508,,,,,,,,,,,,,,,
2024-02-21,29131.349609375,1599.3499755859375,1.308252598622627,2077.2835023463376,27054.066107028662,,0.1544881388273862,,,,,,,,,,,,,,,
2024-02-22,28855.80078125,1593.75,1.1478932581189258,1817.297911792739,27038.50286945726,,0.1634905974698424,,,,,,,,,,,,,,,
2024-02-23,28707.80078125,1614.949951171875,0.931181062334104,1469.3354688973486,27238.46531235265,,0.1530712892274419,,,,,,,,,,,,,,,
2024-02-26,28458.599609375,1604.699951171875,0.8173330004870427,1286.3297863747505,27172.26982300025,,0.1754565233401593,,,,,,,,,,,,,,,
2024-02-27,28670.349609375,1622.5999755859375,0.845974657356165,1328.2753635663394,27342.07424580866,,0.1876712021544798,,,,,,,,,,,,,,,
2024-02-28,28610.0,1616.3499755859375,0.8285706988702677,1298.8727352203096,27311.12726477969,,0.1665598438890555,,,,,,,,,,,,,,,
2024-02-29,28434.19921875,1621.050048828125,0.6832963116900513,1068.4380996710497,27365.76111907895,,0.1812814293736412,,,,,,,,,,,,,,,
2024-03-01,28216.650390625,1624.550048828125,0.5196594490960986,810.8747636928529,27405.775626932147,,0.1830164625616113,,,,,,,,,,,,,,,
2024-03-04,27606.0,1669.8499755859375,-0.1090896777557764,-169.7270859658311,27775.72708596583,,0.16279532008569,,,,,,,,,,,,,,,
2024-03-05,27370.44921875,1678.75,-0.3003405869089143,-466.2902929550946,27836.73951170509,,0.1795997748244853,,,,,,,,,,,,,,,
2024-03-06,27321.5,1665.4000244140625,-0.2542776308457565,-394.2587750484381,27715.75877504844,,0.1680106886949419,,,,,,,,,,,,,,,
2024-03-07,27434.94921875,1669.75,-0.1998116487407832,-309.2043662799369,27744.153585029937,,0.1415594914833744,,,,,,,,,,,,,,,
2024-03-11,27229.55078125,1676.6500244140625,-0.3623257356741204,-559.2283553479901,27788.77913659799,,0.120586328672183,,,,,,,,,,,,,,,
2024-03-12,26993.69921875,1646.050048828125,-0.3459306140437916,-532.5221861451573,27526.22140489516,,0.1032031376567749,,,,,,,,,,,,,,,
2024-03-13,27401.94921875,1603.5,0.1458242095003359,223.77680430590408,27178.172414444096,,0.1107342032681537,,,,,,,,,,,,,,,
2024-03-14,28308.099609375,1649.699951171875,0.485072246710973,741.4083139834656,27566.69129539153,,0.1144442274251652,,,,,,,,,,,,,,,
2024-03-15,28404.349609375,1636.800048828125,0.6109013134169594,931.1386399868352,27473.210969388165,,0.102210923294349,,,,,,,,,,,,,,,
2024-03-18,28604.150390625,1614.4000244140625,0.8535640396714044,1297.349223159319,27306.80116746568,,0.1140508968895543,,,,,,,,,,,,,,,
2024-03-19,28291.5,1570.199951171875,0.8787040670160705,1332.4938918521948,26959.006108147805,,0.0736910890024044,,,,,,,,,,,,,,,
2024-03-20,27688.80078125,1562.9000244140625,0.5177811342882063,781.1359508388778,26907.66483041112,,0.0630562491472443,,,,,,,,,,,,,,,
2024-03-21,27673.25,1611.6500244140625,0.2406903570241496,360.8708863327665,27312.379113667237,,0.0378124505485594,,,,,,,,,,,,,,,
2024-03-22,27067.099609375,1608.25,-0.1438650177066907,-214.22288561636745,27281.322494991367,,0.0242791964353433,,,,,,,,,,,,,,,
2024-03-26,26701.05078125,1614.9000244140625,-0.4231961744507435,-625.0602933465852,27326.111074596585,,0.0315701116000055,,,,,,,,,,,,,,,
2024-03-27,26711.05078125,1599.949951171875,-0.3306572780977779,-484.9347581771326,27195.985539427133,,0.0543183611616067,,,,,,,,,,,,,,,
2024-03-28,27120.80078125,1616.800048828125,-0.1434494697463095,-209.1833933690359,27329.98417461904,,0.0751823756664648,,,,,,,,,,,,,,,
2024-04-01,27521.30078125,1623.75,0.0925247021183823,134.35486893057168,27386.94591231943,,0.0982704023238828,,,,,,,,,,,,,,,
2024-04-02,27282.900390625,1609.9000244140625,0.0068412088986369,9.906359837372293,27272.994030787628,,0.0769411742355465,,,,,,,,,,,,,,,
2024-04-03,26714.44921875,1605.4000244140625,-0.3570683119656919,-515.1172265086861,27229.56644525869,,0.0671531689878876,,,,,,,,,,,,,,,
2024-04-04,26606.400390625,1587.25,-0.3278459451385758,-471.0194310231236,27077.419821648124,,0.0750444293472709,,,,,,,,,,,,,,,
2024-04-05,26636.900390625,1599.25,-0.3714813757794619,-531.5773259283487,27168.47771655335,,0.077546626825981,,,,,,,,,,,,,,,
2024-04-08,26400.400390625,1612.0,-0.6036779527529912,-860.7177390961951,27261.118129721195,,0.1030400998982149,,,,,,,,,,,,,,,
2024-04-09,26420.5,1605.6500244140625,-0.5487691285073619,-780.5217487908303,27201.02174879083,,0.091441202107123,,,,,,,,,,,,,,,
2024-04-10,27021.80078125,1604.5999755859375,-0.1191880418991766,-168.98087843175745,27190.78165968176,,0.0838434790485012,,,,,,,,,,,,,,,
2024-04-12,26444.650390625,1622.25,-0.6210655149256442,-877.8759622031139,27322.526352828118,,0.0792176173506272,,,,,,,,,,,,,,,
2024-04-15,26219.75,1609.0999755859375,-0.6995418985173596,-985.9140902799554,27205.664090279955,,0.0787723256635482,,,,,,,,,,,,,,,
2024-04-16,26144.75,1611.449951171875,-0.7597830393463082,-1067.4810006079642,27212.231000607964,,0.0563433163321697,,,,,,,,,,,,,,,
2024-04-18,26065.19921875,1594.050048828125,-0.7129222748080989,-997.335295168632,27062.534513918632,,0.0367071995086085,,,,,,,,,,,,,,,
2024-04-19,26128.0,1547.550048828125,-0.4022916816606447,-559.5454498991021,26687.545449899106,,0.0257361683785732,,,,,,,,,,,,,,,
2024-04-22,26316.0,1603.6500244140625,-0.5855268959043102,-808.2366906863535,27124.236690686357,,0.0454466866391245,,,,,,,,,,,,,,,
2024-04-23,25725.099609375,1580.050048828125,-0.8736047007956571,-1200.7133692738644,26925.812978648864,,0.0664649734764828,,,,,,,,,,,,,,,
2024-04-24,25452.55078125,1580.0,-1.063973561039098,-1457.8275922433204,26910.37837349332,,0.0851640373043771,,,,,,,,,,,,,,,
2024-04-25,25674.44921875,1594.4000244140625,-0.9763158629271128,-1334.0294264432268,27008.478645193227,,0.0632146543965076,,,,,,,,,,,,,,,
2024-04-26,25895.0,1615.949951171875,-0.9317563217263048,-1268.130478020601,27163.1304780206,,0.05970153628097,,,,,,,,,,,,,,,
2024-04-29,26289.599609375,1637.449951171875,-0.7589550207946608,-1028.4968988029505,27318.09650817795,,0.0445673794100079,,,,,,,,,,,,,,,
2024-04-30,26446.05078125,1645.9000244140625,-0.6867079658685221,-925.945576535225,27371.996357785225,,0.0357819314001819,,,,,,,,,,,,,,,
2024-05-02,26643.349609375,1647.6500244140625,-0.5461924543900553,-732.2816348662454,27375.631244241245,,0.0329458794663793,,,,,,,,,,,,,,,
2024-05-03,26146.599609375,1654.75,-0.9505955654357175,-1267.876556006071,27414.47616538107,,0.026133209344502,,,,,,,,,,,,,,,
2024-05-06,25773.05078125,1679.6500244140625,-1.3642335340814205,-1809.1932029196175,27582.243984169618,,0.0297186134133627,,,,,,,,,,,,,,,
2024-05-07,25734.94921875,1610.5999755859375,-0.9876605855804356,-1302.2409710113388,27037.19018976134,,0.0332921703921562,,,,,,,,,,,,,,,
2024-05-08,25936.900390625,1616.1500244140625,-0.8613269119164515,-1129.4143795049167,27066.31477012992,,0.0196220486076547,,,,,,,,,,,,,,,
2024-05-09,25562.400390625,1583.949951171875,-0.9562510907427128,-1245.780758154353,26808.181148779357,,0.021436059601311,,,,,,,,,,,,,,,
2024-05-10,26370.5,1608.550048828125,-0.4763819540845335,-615.9389831959234,26986.438983195923,,0.0137654424694184,,,,,,,,,,,,,,,
2024-05-13,27079.69921875,1688.5999755859375,-0.3925816061318299,-503.07604475372864,27582.77526350373,,0.0199536138378515,,,,,,,,,,,,,,,
2024-05-14,26778.400390625,1637.1500244140625,-0.3206207214110563,-408.42990002783336,27186.830290652837,,0.013291488354479,,,,,,,,,,,,,,,
2024-05-15,26410.94921875,1639.0999755859375,-0.6161953511283008,-779.058121369213,27190.007340119213,,0.0137040616283708,,,,,,,,,,,,,,,
2024-05-16,26542.55078125,1662.949951171875,-0.648318067060429,-813.3439264769477,27355.894707726948,,0.0438377816338919,,,,,,,,,,,,,,,
2024-05-17,26491.44921875,1651.75,-0.6159312474779345,-770.1607990487755,27261.610017798776,,0.0526682265508442,,,,,,,,,,,,,,,
2024-05-21,26438.75,1683.8499755859375,-0.8403181638590462,-1047.9551596420424,27486.70515964204,,0.0804619453816835,,,,,,,,,,,,,,,
