Dates,DRREDDY.NS Y,ABBOTINDIA.NS X,Standard Residual,Residual,Y Predicted,Signal,Coint,Trades,Investments,Net Investments,Effective Margin of ABBOTINDIA.NS X,Effective Margin of DRREDDY.NS Y,Trade Length,Percentage Return,Profit,Net Percentage Return,Long Profit,Short Profit,Effective Investment of DRREDDY.NS X,Effective Investment of DRREDDY.NS Y,Multiplier X,Multiplier Y
2023-04-25,4833.2998046875,22301.849609375,0.9623006727671342,364.0524975158378,4469.247307171662,,0.24873799383154,1.0,45022.298828125,450.22298828124997,236.65099609375,213.5719921875,126.0,1.5228000951091205,685.599609375,152.28000951091207,2083.80078125,-1398.201171875,23665.099609375,21357.19921875,1.0,4.0
2023-04-26,4845.10009765625,22310.69921875,0.978548264806596,370.005853583405,4475.094244072845,,0.2902274322706832,,,,,,,,,,,,,,,
2023-04-27,4918.5498046875,22147.349609375,1.1467571747118377,433.46840491504463,4485.081399772455,,0.2628450070236323,,,,,,,,,,,,,,,
2023-04-28,4929.85009765625,22297.25,1.1672769235722726,440.72173315428427,4489.128364501966,,0.264836975055302,,,,,,,,,,,,,,,
2023-05-02,4950.39990234375,22379.849609375,1.2081289902817245,456.08686027699696,4494.313042066753,,0.2609817407789121,,,,,,,,,,,,,,,
2023-05-03,4952.25,22567.25,1.2019703045213128,453.2601191391632,4498.989880860837,,0.1870198041996699,,,,,,,,,,,,,,,
2023-05-04,4968.0,22585.44921875,1.224656583774839,461.4356666093736,4506.564333390626,,0.206586929557509,Individual Breakup,,Lot DRREDDY.NS Y,Lot  ABBOTINDIA.NS X,Total Profit,Total Trade,,,,,,,,,
2023-05-05,4942.5,22650.80078125,1.141247914673743,429.4576078442879,4513.042392155712,,0.1849113622359093,Margin of ABBOTINDIA.NS X,Margin of DRREDDY.NS Y,1,1,685.599609375,1,,,,,,,,,
2023-05-08,4907.10009765625,22471.19921875,1.0278684555842106,385.7957926219906,4521.304305034259,,0.2228571769772542,1,1,,,,,,,,,,,,,
2023-05-09,4933.25,21929.30078125,1.0755507649667175,403.04579640863176,4530.204203591368,,0.1930734604548178,,,,,,,,,,,,,,,
2023-05-10,4867.2998046875,21391.0,0.8851904057297071,330.94164584363625,4536.358158843864,,0.139386057104411,,,,,,,,,,,,,,,
2023-05-11,4532.0,21236.400390625,-0.0162536718540343,-6.059781636923617,4538.059781636924,,0.1296154945724855,,,,,,,,,,,,,,,
2023-05-12,4466.10009765625,21229.400390625,-0.1959563609557497,-72.79921826429927,4538.899315920549,,0.0972395306096595,,,,,,,,,,,,,,,
2023-05-15,4518.5498046875,21228.0,-0.0581125378472652,-21.518022749951346,4540.067827437451,,0.1312639543824459,,,,,,,,,,,,,,,
2023-05-16,4515.0498046875,21194.19921875,-0.0710377998916561,-26.210470518463808,4541.260275205964,,0.1079545959715033,,,,,,,,,,,,,,,
2023-05-17,4481.5,21215.5,-0.165513046994478,-60.84437454349245,4542.344374543492,,0.0950481533165491,,,,,,,,,,,,,,,
2023-05-18,4423.10009765625,20970.55078125,-0.3252529451132252,-119.1907642371334,4542.290861893383,,0.1009057582483114,,,,,,,,,,,,,,,
2023-05-19,4391.9501953125,20898.44921875,-0.4120022780088839,-150.38007282243507,4542.330268134935,,0.1013687657315218,,,,,,,,,,,,,,,
2023-05-22,4457.64990234375,21373.099609375,-0.2425505389122741,-88.06012795967217,4545.710030303422,,0.1206921005965482,,,,,,,,,,,,,,,
2023-05-23,4460.5498046875,21508.099609375,-0.2418168791930765,-87.37891247012794,4547.928717157628,,0.0774586241271623,,,,,,,,,,,,,,,
2023-05-24,4519.25,21470.0,-0.0837570256739537,-30.13025812410251,4549.380258124103,,0.0748371114816392,,,,,,,,,,,,,,,
2023-05-25,4503.9501953125,21840.900390625,-0.1407330688680873,-50.40831604442064,4554.358511356921,,0.0707420523951501,,,,,,,,,,,,,,,
2023-05-26,4530.9501953125,21901.44921875,-0.0743433899938959,-26.486789541088,4557.436984853588,,0.07399282261717,,,,,,,,,,,,,,,
2023-05-29,4556.25,21893.80078125,-0.0109256847232277,-3.8712768222903833,4560.12127682229,,0.0766133518710074,,,,,,,,,,,,,,,
2023-05-30,4518.89990234375,22054.599609375,-0.1306400684936259,-46.01947969059711,4564.919382034347,,0.0831638050082254,,,,,,,,,,,,,,,
2023-05-31,4501.0498046875,21737.900390625,-0.1750040694259931,-61.352916084646495,4562.4027207721465,,0.0634491060130328,,,,,,,,,,,,,,,
2023-06-01,4552.0498046875,21602.650390625,-0.0296650094962012,-10.348838899885775,4562.398643587386,,0.0761914998748402,,,,,,,,,,,,,,,
2023-06-02,4610.4501953125,21927.25,0.1133496871886011,39.332919441819286,4571.117275870681,,0.0522689901933561,,,,,,,,,,,,,,,
2023-06-05,4603.5498046875,21832.150390625,0.0908988797324455,31.368565248221785,4572.181239439278,,0.0229858137595786,,,,,,,,,,,,,,,
2023-06-06,4636.64990234375,21823.05078125,0.1802527139078175,61.89017144123045,4574.75973090252,,0.0210753093461895,,,,,,,,,,,,,,,
2023-06-07,4673.75,21865.80078125,0.2777244918331822,94.76686530439474,4578.983134695605,,0.0245412148335828,,,,,,,,,,,,,,,
2023-06-08,4649.39990234375,21645.25,0.2158469463553734,73.02316990896634,4576.376732434784,,0.0211606404231521,,,,,,,,,,,,,,,
2023-06-09,4666.7998046875,21791.150390625,0.2485549081644086,83.28377384012492,4583.516030847375,,0.0392324166871772,,,,,,,,,,,,,,,
2023-06-12,4675.64990234375,21960.400390625,0.2531713042035358,84.07357259005676,4591.576329753693,,0.0337890884590297,,,,,,,,,,,,,,,
2023-06-13,4702.0,22155.69921875,0.3060378911037954,100.69854399483664,4601.301456005163,,0.0330077876140096,,,,,,,,,,,,,,,
2023-06-14,4699.0,22038.69921875,0.3011759130854948,98.4277684046274,4600.572231595373,,0.0263557717290251,,,,,,,,,,,,,,,
2023-06-15,4803.4501953125,22432.55078125,0.5702946635525565,184.9605937539773,4618.489601558523,,0.0196806853042072,,,,,,,,,,,,,,,
2023-06-16,4915.0498046875,22711.5,0.8713632227686394,280.57869121233307,4634.471113475167,,0.0199253178936599,,,,,,,,,,,,,,,
2023-06-19,4879.0,23093.5,0.7005372710954468,223.6942917100614,4655.305708289939,,0.0182184853346398,,,,,,,,,,,,,,,
2023-06-20,4901.2001953125,22996.900390625,0.7667669275792681,243.023860694022,4658.176334618478,,0.0139118861724246,,,,,,,,,,,,,,,
2023-06-21,4910.39990234375,22678.900390625,0.8249432376645058,259.68962049349284,4650.710281850257,,0.0008407995575086,,,,,,,,,,,,,,,
2023-06-22,4899.4501953125,22554.849609375,0.796511567415004,248.71381712180755,4650.736378190692,,0.0045043708882633,,,,,,,,,,,,,,,
2023-06-23,4993.89990234375,22659.30078125,1.0743843757395477,332.1531851965374,4661.746717147213,,0.005609317608459,,,,,,,,,,,,,,,
2023-06-26,5041.60009765625,22841.150390625,1.1879380548650171,363.1501656069231,4678.449932049327,,0.0011541441012625,,,,,,,,,,,,,,,
2023-06-27,5025.60009765625,22707.80078125,1.148991266199792,347.5413168011109,4678.058780855139,,0.0010252628165254,,,,,,,,,,,,,,,
2023-06-28,5107.85009765625,23202.30078125,1.3218332630674732,393.64073926211495,4714.209358394135,,0.0006671431407615,,,,,,,,,,,,,,,
2023-06-30,5159.60009765625,23419.150390625,1.4414203021650251,422.4912087248949,4737.108888931355,,0.0015727234428751,,,,,,,,,,,,,,,
2023-07-03,5098.2998046875,23249.69921875,1.2556679032143947,362.5218446427343,4735.777960044766,,0.000833466846171,,,,,,,,,,,,,,,
2023-07-04,5188.39990234375,23209.19921875,1.570418972234362,446.8262133325025,4741.573689011248,,0.0006557232826242,,,,,,,,,,,,,,,
2023-07-05,5178.35009765625,23306.0,1.508083264883979,422.07422414564735,4756.275873510603,,0.0008074062862869,,,,,,,,,,,,,,,
2023-07-06,5231.7998046875,23825.75,1.560420843339314,430.1118290688101,4801.68797561869,,0.000971363122723,,,,,,,,,,,,,,,
2023-07-07,5182.5,23499.400390625,1.4553941928804617,395.580535202128,4786.919464797872,,0.0005449732285336,,,,,,,,,,,,,,,
2023-07-10,5154.9501953125,23470.44921875,1.355951284988726,362.4349525082398,4792.51524280426,,0.0003259078308652,,,,,,,,,,,,,,,
2023-07-11,5165.85009765625,23693.19921875,1.325882187991289,348.7074374033018,4817.142660252948,,0.0001435109093042,,,,,,,,,,,,,,,
2023-07-12,5189.0,23564.5,1.443872064039386,374.3446163126209,4814.655383687379,,0.0003353022409605,,,,,,,,,,,,,,,
2023-07-13,5142.4501953125,23392.55078125,1.3118802485079477,334.8746930452826,4807.575502267217,,9.924289261740436e-05,,,,,,,,,,,,,,,
2023-07-14,5092.0498046875,23293.900390625,1.143740185669296,287.0388278229075,4805.0109768645925,,0.0001114738455792,,,,,,,,,,,,,,,
2023-07-17,5229.75,23151.94921875,1.7418457008508352,429.805731088265,4799.944268911735,,0.0001280287065307,,,,,,,,,,,,,,,
2023-07-18,5191.0,23345.650390625,1.5156058801835448,367.9896502819947,4823.010349718005,,6.423182858388904e-05,,,,,,,,,,,,,,,
2023-07-19,5221.35009765625,23468.650390625,1.5963643395897875,380.7316427709429,4840.618454885307,,0.0233529833202252,,,,,,,,,,,,,,,
2023-07-20,5339.2998046875,23665.099609375,2.02018181382176,473.26211569739735,4866.037688990103,1.0,0.0618048943791543,,,,,,,,,,,,,,,
2023-07-21,5288.2001953125,23183.849609375,2.00132234476455,460.9839913111528,4827.216204001347,,0.0599122994896958,,,,,,,,,,,,,,,
2023-07-24,5391.7001953125,23171.25,2.4285155718452844,560.0287153863464,4831.671479926154,,0.1245886668299458,,,,,,,,,,,,,,,
2023-07-25,5425.39990234375,22986.400390625,2.617081280928028,606.0997477925739,4819.300154551176,,0.1730405105019883,,,,,,,,,,,,,,,
2023-07-26,5475.64990234375,22945.44921875,2.8103068393418846,654.9215413418588,4820.728361001891,,0.1857948048129263,,,,,,,,,,,,,,,
2023-07-27,5507.0,23705.849609375,2.583064687921506,604.3017133677149,4902.698286632285,,0.1128722642107508,,,,,,,,,,,,,,,
2023-07-28,5583.0,24059.94921875,2.706920999297344,637.1152566758565,4945.884743324144,,0.1433480656140979,,,,,,,,,,,,,,,
2023-07-31,5640.4501953125,24068.599609375,2.8911011164485205,685.4762569815957,4954.973938330904,,0.1332108994794068,,,,,,,,,,,,,,,
2023-08-01,5667.0498046875,23943.19921875,3.0014652133643898,715.9941759621415,4951.055628725359,,0.135388593410081,,,,,,,,,,,,,,,
2023-08-02,5660.4501953125,24084.69921875,2.859807710490741,685.08619354026,4975.36400177224,,0.1790992892118496,,,,,,,,,,,,,,,
2023-08-03,5659.5,24555.80078125,2.59582714073412,622.4966094350757,5037.003390564924,,0.1456796166781803,,,,,,,,,,,,,,,
2023-08-04,5649.5498046875,23864.0,2.822431793021906,679.8012325530926,4969.748572134407,,0.2252672145142141,,,,,,,,,,,,,,,
2023-08-07,5630.7001953125,23964.75,2.6549357540325484,641.9976298612091,4988.702565451291,,0.2389601791670597,,,,,,,,,,,,,,,
2023-08-08,5657.9501953125,23774.349609375,2.81043871869252,683.5158217788921,4974.434373533608,,0.2749380172384599,,,,,,,,,,,,,,,
2023-08-09,5871.0,23749.099609375,3.618823897161345,890.3947147923263,4980.605285207674,,0.4813343406843201,,,,,,,,,,,,,,,
2023-08-10,5851.14990234375,23887.75,3.399184111421341,845.4151426049075,5005.7347597388425,,0.4253247968617383,,,,,,,,,,,,,,,
2023-08-11,5823.0,23732.80078125,3.2933233028233424,827.757486130824,4995.242513869176,,0.4908690309278308,,,,,,,,,,,,,,,
2023-08-14,5823.35009765625,23637.80078125,3.2770877385163595,832.010306389062,4991.339791267188,,0.5027771713050919,,,,,,,,,,,,,,,
2023-08-16,5857.85009765625,23904.19921875,3.2216702895221343,825.3026510694999,5032.54744658675,,0.4753005631491566,,,,,,,,,,,,,,,
2023-08-17,5880.64990234375,23658.75,3.35892623464132,870.7463328903168,5009.903569453433,,0.5426259947223211,,,,,,,,,,,,,,,
2023-08-18,5874.4501953125,23399.599609375,3.3917559991550355,890.0330248176851,4984.417170494815,,0.5717191262974556,,,,,,,,,,,,,,,
2023-08-21,5910.85009765625,23436.05078125,3.4435262647710942,914.2668413194853,4996.583256336765,,0.5886955853628474,,,,,,,,,,,,,,,
2023-08-22,5925.5498046875,23478.349609375,3.4096690455304337,915.8709378176318,5009.678866869868,,0.5829396753248356,,,,,,,,,,,,,,,
2023-08-23,5953.35009765625,23231.099609375,3.559392829284909,968.951124275859,4984.398973380391,,0.6458643933894213,,,,,,,,,,,,,,,
2023-08-24,5907.14990234375,23164.650390625,3.3598520761642443,925.0443304016826,4982.105571942067,,0.6066541136467617,,,,,,,,,,,,,,,
2023-08-25,5779.25,23221.0,2.8267342336024,784.0242785788541,4995.225721421146,,0.4133013097173368,,,,,,,,,,,,,,,
2023-08-28,5775.89990234375,23388.44921875,2.6950580200808445,752.3055639379254,5023.594338405825,,0.3732224091006688,,,,,,,,,,,,,,,
2023-08-29,5723.7998046875,23414.94921875,2.4635662842276536,691.5960789270175,5032.2037257604825,,0.2843801686680722,,,,,,,,,,,,,,,
2023-08-30,5649.75,23363.650390625,2.20218226939002,620.526746765785,5029.223253234215,,0.2426658322526865,,,,,,,,,,,,,,,
2023-08-31,5607.85009765625,23109.55078125,2.1591628137205654,610.5613735747729,4997.288724081477,,0.2430270080610386,,,,,,,,,,,,,,,
2023-09-01,5578.5498046875,22704.650390625,2.237937078819598,635.1081743414352,4943.441630346065,,0.2971993363956391,,,,,,,,,,,,,,,
2023-09-04,5659.4501953125,22345.25,2.6751700295622047,763.750118974519,4895.700076337981,,0.4267648203963399,,,,,,,,,,,,,,,
2023-09-05,5578.89990234375,22793.25,2.154597668628948,616.7862905036163,4962.113611840134,,0.3195973186635904,,,,,,,,,,,,,,,
2023-09-06,5583.2998046875,23106.599609375,1.9973911041942387,573.4410684342747,5009.858736253225,,0.2864300954224418,,,,,,,,,,,,,,,
2023-09-07,5615.14990234375,23029.05078125,2.126465027607345,613.1817757355047,5001.968126608245,,0.3130680449397817,,,,,,,,,,,,,,,
2023-09-08,5583.7998046875,23002.30078125,2.012793937711555,582.6642140681834,5001.135590619317,,0.2840831079239617,,,,,,,,,,,,,,,
2023-09-11,5613.7998046875,22985.099609375,2.106579909771697,612.2006047899777,5001.599199897522,,0.338031938340559,,,,,,,,,,,,,,,
2023-09-12,5673.7998046875,22897.25,2.333680966890035,681.6819102085583,4992.117894478942,,0.3763125435140741,,,,,,,,,,,,,,,
2023-09-13,5738.89990234375,23004.150390625,2.4763317543782906,727.2834200277666,5011.616482315983,,0.4428470961264267,,,,,,,,,,,,,,,
2023-09-14,5744.64990234375,22910.599609375,2.512831552958531,742.7557099114556,5001.894192432294,,0.4696527764729006,,,,,,,,,,,,,,,
2023-09-15,5819.5,23351.150390625,2.514785075041333,747.4630237222336,5072.036976277766,,0.4742737329797322,,,,,,,,,,,,,,,
2023-09-18,5728.0,23308.349609375,2.202716259786768,657.9886442017096,5070.01135579829,,0.4015861039695685,,,,,,,,,,,,,,,
2023-09-20,5615.0498046875,23191.5,1.8637940706544405,558.8230979062482,5056.226706781252,,0.3289116787841811,,,,,,,,,,,,,,,
2023-09-21,5668.5,22838.349609375,2.196094616003384,662.0204496017504,5006.47955039825,,0.3706177942523326,,,,,,,,,,,,,,,
2023-09-22,5517.0498046875,22543.25,1.8269360229594136,552.8044496173743,4964.245355070126,,0.2224746840715806,,,,,,,,,,,,,,,
2023-09-25,5438.75,22650.650390625,1.5042147486063089,456.09788482035947,4982.6521151796405,,0.1511906714977433,,,,,,,,,,,,,,,
2023-09-26,5467.75,22710.80078125,1.561707458552257,473.9564865457796,4993.79351345422,,0.1932503815254119,,,,,,,,,,,,,,,
2023-09-27,5496.4501953125,22743.30078125,1.6296001916209153,495.6136156328376,5000.836579679663,,0.2273809163162304,,,,,,,,,,,,,,,
2023-09-28,5429.10009765625,22370.650390625,1.586159118642288,483.8198770529889,4945.280220603261,,0.2269365010073056,,,,,,,,,,,,,,,
2023-09-29,5587.0,23179.44921875,1.6793356008405564,513.2109242779352,5073.789075722065,,0.2399471098288018,,,,,,,,,,,,,,,
2023-10-03,5461.7001953125,23121.80078125,1.287407807256126,394.1249743366343,5067.575220975866,,0.1939576823589171,,,,,,,,,,,,,,,
2023-10-04,5417.7998046875,22815.94921875,1.2907726619533384,395.97462919202735,5021.825175495473,,0.1955126160607548,,,,,,,,,,,,,,,
2023-10-05,5407.25,22861.94921875,1.224773017121805,376.2772734038044,5030.972726596196,,0.1911033816933041,,,,,,,,,,,,,,,
2023-10-06,5424.89990234375,23036.400390625,1.1843457549775438,364.2976874797969,5060.602214863953,,0.1881380542725773,,,,,,,,,,,,,,,
2023-10-09,5494.85009765625,22962.55078125,1.4378446263521003,443.2496548605177,5051.600442795732,,0.2119259297861396,,,,,,,,,,,,,,,
2023-10-10,5478.5498046875,22748.05078125,1.4840525027531624,458.62970906652754,5019.9200956209725,,0.2165354856097968,,,,,,,,,,,,,,,
2023-10-11,5567.60009765625,22430.25,1.919666677723513,595.6450984080884,4971.954999248162,,0.2737203111172727,,,,,,,,,,,,,,,
2023-10-12,5530.2001953125,22306.80078125,1.8494464988833184,575.838946503769,4954.361248808731,,0.2715520774620272,,,,,,,,,,,,,,,
2023-10-13,5460.2001953125,22389.25,1.5722754430958945,490.7152221518809,4969.484973160619,,0.2273076102378473,,,,,,,,,,,,,,,
2023-10-16,5493.10009765625,22476.900390625,1.6222965509267715,507.5646500328421,4985.535447623408,,0.241656764409878,,,,,,,,,,,,,,,
2023-10-17,5544.10009765625,22422.650390625,1.7994532146740838,564.8706045605368,4979.229493095713,,0.3642273130086509,,,,,,,,,,,,,,,
2023-10-18,5677.4501953125,22427.94921875,2.199931083377341,693.9399221880685,4983.510273124432,,0.4433137969064546,,,,,,,,,,,,,,,
2023-10-19,5630.89990234375,22656.099609375,1.919048067458116,607.473841068294,5023.426061275456,,0.3923704337678969,,,,,,,,,,,,,,,
2023-10-20,5569.2998046875,22640.25,1.7194379650980978,545.9132622357356,5023.386542451764,,0.3650557837589623,,,,,,,,,,,,,,,
2023-10-23,5551.9501953125,22716.05078125,1.6137857289842084,513.684089237272,5038.266106075228,,0.3396003112685899,,,,,,,,,,,,,,,
2023-10-25,5513.85009765625,22511.349609375,1.5872742848175736,506.65578519325663,5007.194312462993,,0.3281240009543243,,,,,,,,,,,,,,,
2023-10-26,5421.9501953125,22232.400390625,1.433422692253447,458.630095729608,4963.320099582892,,0.3102003721601943,,,,,,,,,,,,,,,
2023-10-27,5397.2998046875,22670.69921875,1.1248120431481134,360.1851156276816,5037.114689059818,,0.264882571484949,,,,,,,,,,,,,,,
2023-10-30,5345.35009765625,22481.75,1.0554985616274757,338.29323031355307,5007.056867342697,,0.2592554431325599,,,,,,,,,,,,,,,
2023-10-31,5367.5498046875,22413.650390625,1.1540153659594723,370.36247373395145,4997.187330953549,,0.2609016048772024,,,,,,,,,,,,,,,
2023-11-01,5346.4501953125,22234.94921875,1.175010292615514,377.6382238473216,4968.811971465178,,0.2637626918232406,,,,,,,,,,,,,,,
2023-11-02,5338.5,22382.099609375,1.0695810286016754,344.06121539245305,4994.438784607547,,0.2482232053329655,,,,,,,,,,,,,,,
2023-11-03,5263.0498046875,22796.150390625,0.6191598967880078,199.09603786067328,5063.953766826827,,0.2109250645149293,,,,,,,,,,,,,,,
2023-11-06,5338.10009765625,23314.0,0.5821338596780521,187.07710255956957,5151.0229950966805,,0.1966572989879233,,,,,,,,,,,,,,,
2023-11-07,5404.35009765625,23786.44921875,0.540750539377964,173.63306208465474,5230.717035571595,,0.1919357464977019,,,,,,,,,,,,,,,
2023-11-08,5453.5498046875,24265.69921875,0.4422921200000481,141.8756361675787,5311.674168519921,,0.1910204940581805,,,,,,,,,,,,,,,
2023-11-09,5457.9501953125,23879.44921875,0.6535180327695557,209.6915029637557,5248.258692348744,,0.205016875679073,,,,,,,,,,,,,,,
2023-11-10,5424.89990234375,23705.650390625,0.6383668883695763,204.81081284929127,5220.089089494459,,0.2191756726376835,,,,,,,,,,,,,,,
2023-11-13,5419.85009765625,23152.650390625,0.9074065835648076,291.4045639771893,5128.445533679061,,0.2410045678977346,,,,,,,,,,,,,,,
2023-11-15,5419.9501953125,22926.25,1.0213496100011366,328.2694461344654,5091.680749178035,,0.250870422952008,,,,,,,,,,,,,,,
2023-11-16,5544.25,23293.55078125,1.2074580989341173,388.4228739916607,5155.827126008339,,0.2604232968128122,,,,,,,,,,,,,,,
2023-11-17,5611.5498046875,23625.5,1.2325214043905344,396.9000383251114,5214.649766362389,,0.2666859190725575,,,,,,,,,,,,,,,
2023-11-20,5604.14990234375,23975.80078125,1.0165906564257368,327.5330312633105,5276.61687108044,,0.2351901920941969,,,,,,,,,,,,,,,
2023-11-21,5646.4501953125,23950.599609375,1.1511636738936184,371.3447860266506,5275.105409285849,,0.2476230957437342,,,,,,,,,,,,,,,
2023-11-22,5664.5498046875,23904.25,1.221090405131064,394.4930237192639,5270.056780968236,,0.2524716034772025,,,,,,,,,,,,,,,
2023-11-23,5644.64990234375,23886.5,1.16004692368496,375.12495171869887,5269.524950625051,,0.2553652432740854,,,,,,,,,,,,,,,
2023-11-24,5646.14990234375,24045.849609375,1.0714085704417695,346.5988257764748,5299.551076567275,,0.2379226856252501,,,,,,,,,,,,,,,
2023-11-28,5675.7998046875,23697.75,1.337900944499964,433.5954983668307,5242.204306320669,,0.2801360104033954,,,,,,,,,,,,,,,
2023-11-29,5715.35009765625,23537.80078125,1.53262311292127,497.8370280505542,5217.513069605696,,0.3088279121481094,,,,,,,,,,,,,,,
2023-11-30,5788.14990234375,23805.150390625,1.5996531234588494,520.5180403774839,5267.631861966266,,0.3182088375108475,,,,,,,,,,,,,,,
2023-12-01,5749.39990234375,23679.5,1.5346907267254315,500.5360197669179,5248.863882576832,,0.309613979394048,,,,,,,,,,,,,,,
2023-12-04,5756.0,23398.75,1.6910823026061663,553.2783728248232,5202.721627175177,,0.3317832744489729,,,,,,,,,,,,,,,
2023-12-05,5776.4501953125,23110.44921875,1.8922782011646853,621.4731569692476,5154.977038343252,,0.3610846011668736,,,,,,,,,,,,,,,
2023-12-06,5730.35009765625,23078.05078125,1.7555879024265637,578.2896551565836,5152.060442499666,,0.3273608545577135,,,,,,,,,,,,,,,
2023-12-07,5785.10009765625,23073.400390625,1.9085457690738057,630.8056173604491,5154.294480295801,,0.3465415202304436,,,,,,,,,,,,,,,
2023-12-08,5763.89990234375,22858.0,1.945268254515034,645.267201629691,5118.632700714059,,0.3757367473680569,,,,,,,,,,,,,,,
2023-12-11,5473.5,23046.55078125,0.9630901364310204,319.46181337113376,5154.038186628866,,0.2186565128010699,,,,,,,,,,,,,,,
2023-12-12,5540.35009765625,22825.0,1.2783398088649722,424.3506465295068,5115.999451126743,,0.18448076673212,,,,,,,,,,,,,,,
2023-12-13,5598.64990234375,22780.849609375,1.4695129616840397,488.6038041254005,5110.0460982183495,,0.2666952089779132,,,,,,,,,,,,,,,
2023-12-14,5573.35009765625,22742.0,1.40695426949576,468.4441649964274,5104.905932659823,,0.247349429472054,,,,,,,,,,,,,,,
2023-12-15,5589.4501953125,22694.80078125,1.4725807719749282,491.10688327950265,5098.343312032997,,0.263200528188123,,,,,,,,,,,,,,,
2023-12-18,5591.0498046875,22780.30078125,1.4228950389432249,474.9967171678545,5116.0530875196455,,0.2655166805459892,,,,,,,,,,,,,,,
2023-12-19,5637.4501953125,22902.25,1.4868300573799178,496.6867413088567,5140.763454003643,,0.2754536980485871,,,,,,,,,,,,,,,
2023-12-20,5579.14990234375,22135.150390625,1.7260743181457487,578.0058772819675,5001.144025061783,,0.3018636484250854,,,,,,,,,,,,,,,
2023-12-21,5554.5,22354.75,1.5247220090354503,511.220637887478,5043.279362112522,,0.2848392494883807,,,,,,,,,,,,,,,
2023-12-22,5627.7001953125,22604.0,1.597005160798613,536.23664863464,5091.46354667786,,0.2872972806852993,,,,,,,,,,,,,,,
2023-12-26,5632.14990234375,22452.55078125,1.6856681279379848,567.0800140212377,5065.069888322512,,0.2815777078231474,,,,,,,,,,,,,,,
2023-12-27,5714.5,22570.099609375,1.8542537582368048,625.3769433270036,5089.123056672996,,0.3143202387058852,,,,,,,,,,,,,,,
2023-12-28,5858.5498046875,22623.69921875,2.2351586658769462,756.8252882812185,5101.7245164062815,,0.3918673422582966,,,,,,,,,,,,,,,
2023-12-29,5797.89990234375,22851.25,1.91873499822888,651.0188686103302,5146.88103373342,,0.3191911467986424,,,,,,,,,,,,,,,
2024-01-01,5821.64990234375,22761.099609375,2.0261309726991605,689.4509701701327,5132.198932173617,,0.3589171037322268,,,,,,,,,,,,,,,
2024-01-02,5926.7998046875,23327.25,2.0054366751089128,683.9748214408055,5242.824983246695,,0.2435023563545354,,,,,,,,,,,,,,,
2024-01-03,5931.89990234375,23606.599609375,1.850909400057928,632.3172417864453,5299.582660557305,,0.2249140372810895,,,,,,,,,,,,,,,
2024-01-04,5842.2001953125,23569.80078125,1.5980910727270532,546.6472238180868,5295.552971494413,,0.2694143956563597,,,,,,,,,,,,,,,
2024-01-05,5835.64990234375,23884.599609375,1.3922789916450733,476.43054657907487,5359.219355764675,,0.2344230536417966,,,,,,,,,,,,,,,
2024-01-08,5761.35009765625,23658.099609375,1.29434708068058,443.1464048070029,5318.203692849247,,0.1943728247200948,,,,,,,,,,,,,,,
2024-01-09,5749.7998046875,24231.900390625,0.928804111432306,317.5675528837255,5432.232251803775,,0.1261549718368189,,,,,,,,,,,,,,,
2024-01-10,5787.2001953125,24609.25,0.8158078781654758,278.5557937034946,5508.644401609005,,0.0981313249871765,,,,,,,,,,,,,,,
2024-01-11,5692.4501953125,25339.650390625,0.1154533679374068,39.2913579802389,5653.158837332261,,0.0748164293104744,,,,,,,,,,,,,,,
2024-01-12,5688.85009765625,25748.900390625,-0.1346577428522727,-45.675802182717234,5734.525899838967,0.0,0.0482373770464723,,,,,,,,,,,,,,,
2024-01-15,5783.25,26210.44921875,-0.12832500330029,-43.381782277439015,5826.631782277439,,0.0530089919339981,,,,,,,,,,,,,,,
2024-01-16,5758.14990234375,25806.5,0.0266387615328924,8.988443570999152,5749.161458772751,,0.0729606622646458,,,,,,,,,,,,,,,
2024-01-17,5649.9501953125,25730.69921875,-0.2554537340262044,-85.89533788592416,5735.845533198424,,0.0719697578586343,,,,,,,,,,,,,,,
2024-01-18,5649.9501953125,25737.5,-0.2662784566340006,-89.17876816416538,5739.128963476665,,0.077525962836251,,,,,,,,,,,,,,,
2024-01-19,5668.2001953125,25867.0,-0.2954076512550014,-98.57504519715712,5766.775240509657,,0.0826550990275927,,,,,,,,,,,,,,,
2024-01-23,5674.39990234375,25481.400390625,-0.0519608166780702,-17.311802152467862,5691.711704496218,,0.0691804034912279,,,,,,,,,,,,,,,
2024-01-24,5902.10009765625,25598.599609375,0.5483871273815791,182.3105663558963,5719.789531300354,,0.0744575381759745,,,,,,,,,,,,,,,
2024-01-25,5855.5,25060.75,0.7221750299637164,239.945906153921,5615.554093846079,,0.0826643613678781,,,,,,,,,,,,,,,
2024-01-29,5843.7001953125,25568.05078125,0.3679748198645394,121.97613051285045,5721.72406479965,,0.0740631752135663,,,,,,,,,,,,,,,
2024-01-30,5840.9501953125,25508.650390625,0.3855487451043111,127.62716784493476,5713.323027467565,,0.0494114499510905,,,,,,,,,,,,,,,
2024-01-31,6121.14990234375,25906.94921875,0.9680438770007588,319.7675628192883,5801.382339524462,,0.0505317762173701,,,,,,,,,,,,,,,
2024-02-01,5993.14990234375,25887.0,0.578175502224407,190.59733202650568,5802.552570317244,,0.0453466812610499,,,,,,,,,,,,,,,
2024-02-02,6039.5,28064.30078125,-0.6535915825179774,-213.82312369116065,6253.323123691161,,0.0326653214846483,,,,,,,,,,,,,,,
2024-02-05,6094.4501953125,28069.5,-0.4978076297294688,-162.37230356310283,6256.822498875603,,0.0523649345757304,,,,,,,,,,,,,,,
2024-02-06,6166.60009765625,28319.0,-0.4474977218665514,-145.38277940545595,6311.982877061706,,0.0463651964954628,,,,,,,,,,,,,,,
2024-02-07,6179.75,28727.400390625,-0.6765901181975325,-218.9508514891677,6398.700851489168,,0.0519258104232612,,,,,,,,,,,,,,,
2024-02-08,6160.0498046875,28258.30078125,-0.4497034422654888,-145.1288349033539,6305.178639590854,,0.049022565225844,,,,,,,,,,,,,,,
2024-02-09,6155.85009765625,28083.69921875,-0.3550355909243421,-114.39407698578816,6270.244174642038,,0.0470061977437146,,,,,,,,,,,,,,,
2024-02-12,6333.5,28477.80078125,-0.0719105878945747,-23.094928349712063,6356.594928349712,,0.0504365261817284,,,,,,,,,,,,,,,
2024-02-13,6335.35009765625,28884.900390625,-0.3395618054752758,-108.73407319869692,6444.084170854947,,0.0482814568198294,,,,,,,,,,,,,,,
2024-02-14,6258.35009765625,29367.55078125,-0.89252848521348,-285.1881420302016,6543.538239686452,,0.0446725075919299,,,,,,,,,,,,,,,
2024-02-15,6252.64990234375,29183.94921875,-0.7850601971825711,-250.6801205971169,6503.330022940867,,0.0428958718185024,,,,,,,,,,,,,,,
2024-02-16,6317.14990234375,29538.599609375,-0.8083439522974404,-257.7500004400845,6574.8999027838345,,0.0583385267066273,,,,,,,,,,,,,,,
2024-02-19,6417.14990234375,29526.69921875,-0.4872052811075353,-155.16942237477906,6572.319324718529,,0.0606118474744512,,,,,,,,,,,,,,,
2024-02-20,6376.0,29191.05078125,-0.401218789527784,-127.59899632710676,6503.598996327107,,0.0661172872892164,,,,,,,,,,,,,,,
2024-02-21,6349.14990234375,29131.349609375,-0.4522537071040661,-143.52686216770144,6492.676764511451,,0.0973126668424113,,,,,,,,,,,,,,,
2024-02-22,6363.9501953125,28855.80078125,-0.2263125411598086,-71.7957485097204,6435.74594382222,,0.097865464368077,,,,,,,,,,,,,,,
2024-02-23,6442.14990234375,28707.80078125,0.1111761980575089,35.26141941134938,6406.888482932401,,0.076851868834158,,,,,,,,,,,,,,,
2024-02-26,6440.75,28458.599609375,0.2640717283653441,83.77675680899392,6356.973243191006,,0.1083549929527061,,,,,,,,,,,,,,,
2024-02-27,6449.60009765625,28670.349609375,0.1446456085753804,45.86244782594167,6403.737649830308,,0.1066119293147381,,,,,,,,,,,,,,,
2024-02-28,6428.0498046875,28610.0,0.1147716983179342,36.40006865560008,6391.6497360319,,0.0744311631537421,,,,,,,,,,,,,,,
2024-02-29,6424.25,28434.19921875,0.2190852063721447,69.5104566443515,6354.7395433556485,,0.0781694280461894,,,,,,,,,,,,,,,
2024-03-01,6193.5498046875,28216.650390625,-0.3522554325728861,-111.73671341954925,6305.286518107049,,0.1105368519384397,,,,,,,,,,,,,,,
2024-03-04,6335.10009765625,27606.0,0.4982702097448873,158.2174101567507,6176.882687499499,,0.1151224899681908,,,,,,,,,,,,,,,
2024-03-05,6303.2998046875,27370.44921875,0.5521340669388535,175.3497233189364,6127.950081368564,,0.1177855528568578,,,,,,,,,,,,,,,
2024-03-06,6314.64990234375,27321.5,0.6157570121231736,195.57372430168925,6119.076178042061,,0.1275247247642284,,,,,,,,,,,,,,,
2024-03-07,6324.14990234375,27434.94921875,0.5650554425495952,179.45357370082183,6144.696328642928,,0.1276584463741951,,,,,,,,,,,,,,,
2024-03-11,6387.4501953125,27229.55078125,0.8927493544460517,283.8055139274429,6103.644681385057,,0.1349212460326004,,,,,,,,,,,,,,,
2024-03-12,6302.14990234375,26993.69921875,0.7737244682042701,246.2148821377068,6055.935020206043,,0.1304868619677892,,,,,,,,,,,,,,,
2024-03-13,6303.7998046875,27401.94921875,0.4995065889367981,158.90354785596537,6144.896256831535,,0.1230129096083755,,,,,,,,,,,,,,,
2024-03-14,6294.60009765625,28308.099609375,-0.1346513065946987,-42.77341613485714,6337.373513791107,,0.1075142453848326,,,,,,,,,,,,,,,
2024-03-15,6284.89990234375,28404.349609375,-0.2257711403228468,-71.7147674607786,6356.614669804529,,0.1048163604721266,,,,,,,,,,,,,,,
2024-03-18,6341.0498046875,28604.150390625,-0.1814688389321764,-57.62710216424239,6398.676906851742,,0.0989098515202832,,,,,,,,,,,,,,,
2024-03-19,6134.89990234375,28291.5,-0.612226890534769,-194.6137175204958,6329.513619864246,,0.0488661837725563,,,,,,,,,,,,,,,
2024-03-20,6103.2998046875,27688.80078125,-0.3071671054983271,-97.7234332168373,6201.023237904337,,0.0546221731198666,,,,,,,,,,,,,,,
2024-03-21,6128.2001953125,27673.25,-0.2207685843141573,-70.19076510194282,6198.390960414443,,0.0640682434908495,,,,,,,,,,,,,,,
2024-03-22,6203.2001953125,27067.099609375,0.4102495843331934,130.22407729244424,6072.976118020056,,0.077256148179741,,,,,,,,,,,,,,,
2024-03-26,6134.85009765625,26701.05078125,0.4293265984080138,135.78990316647833,5999.060194489772,,0.0913933676010146,,,,,,,,,,,,,,,
2024-03-27,6044.10009765625,26711.05078125,0.1269630268985027,40.040664345479854,6004.05943331077,,0.0859099053010467,,,,,,,,,,,,,,,
2024-03-28,6157.89990234375,27120.80078125,0.2002114174013636,62.990857836444775,6094.909044507305,,0.0827893143367046,,,,,,,,,,,,,,,
2024-04-01,6250.35009765625,27521.30078125,0.2117250452173371,66.47890701232609,6183.871190643924,,0.0804047498169401,,,,,,,,,,,,,,,
2024-04-02,6237.5498046875,27282.900390625,0.3297837375660125,103.53738808873914,6134.012416598761,,0.086386903577005,,,,,,,,,,,,,,,
2024-04-03,6124.39990234375,26714.44921875,0.3569699103726719,112.0914917834798,6012.30841056027,,0.0915510572463905,,,,,,,,,,,,,,,
2024-04-04,6142.5,26606.400390625,0.4831474696519987,151.6330428139836,5990.866957186016,,0.0784178967940588,,,,,,,,,,,,,,,
2024-04-05,6179.2998046875,26636.900390625,0.5723333005444695,179.518925490931,5999.780879196569,,0.0849480233123222,,,,,,,,,,,,,,,
2024-04-08,6174.5498046875,26400.400390625,0.7146352306403823,224.2093206884647,5950.340483999035,,0.0801018099211552,,,,,,,,,,,,,,,
2024-04-09,6167.89990234375,26420.5,0.6732629804426021,211.26346360919524,5956.636438734555,,0.0853424718248528,,,,,,,,,,,,,,,
2024-04-10,6157.89990234375,27021.80078125,0.216680754404712,67.87637284099674,6090.023529502753,,0.0678909056377719,,,,,,,,,,,,,,,
2024-04-12,6083.85009765625,26444.650390625,0.3806410253831986,119.25857557635844,5964.591522079892,,0.0690028999994066,,,,,,,,,,,,,,,
2024-04-15,6010.85009765625,26219.75,0.3016975393742825,94.4669027939517,5916.383194862298,,0.0542784485533653,,,,,,,,,,,,,,,
2024-04-16,6050.35009765625,26144.75,0.4760665106231196,149.026154362341,5901.323943293909,,0.075810903248365,,,,,,,,,,,,,,,
2024-04-18,5957.14990234375,26065.19921875,0.2306107226832406,72.11982069700935,5885.030081646741,,0.0835304359507507,,,,,,,,,,,,,,,
2024-04-19,5942.85009765625,26128.0,0.1364656255912363,42.62387193966788,5900.226225716582,,0.0985740746495384,,,,,,,,,,,,,,,
2024-04-22,6016.10009765625,26316.0,0.2316589663009888,72.19312240036743,5943.906975255883,,0.1099433751255719,,,,,,,,,,,,,,,
2024-04-23,5952.10009765625,25725.099609375,0.443354154658753,138.09586237395524,5814.004235282295,,0.1078221533770422,,,,,,,,,,,,,,,
2024-04-24,5950.7998046875,25452.55078125,0.6297892350201201,196.2171010097063,5754.582703677794,,0.0808405349159228,,,,,,,,,,,,,,,
2024-04-25,6218.75,25674.44921875,1.3209732699106629,412.1634636345216,5806.586536365478,,0.0907916259802328,,,,,,,,,,,,,,,
