Dates,TORNTPHARM.NS Y,ABBOTINDIA.NS X,Standard Residual,Residual,Y Predicted,Signal,Coint,Trades,Investments,Net Investments,Effective Margin of ABBOTINDIA.NS X,Effective Margin of TORNTPHARM.NS Y,Trade Length,Percentage Return,Profit,Net Percentage Return,Long Profit,Short Profit,Effective Investment of TORNTPHARM.NS X,Effective Investment of TORNTPHARM.NS Y,Multiplier X,Multiplier Y
2023-05-18,1650.050048828125,20970.55078125,1.2250421585111475,87.34243376959375,1562.7076150585312,,0.0062944505016238,1.0,43767.5009765625,437.67500976562496,217.37900390625,220.296005859375,209.0,-3.278231045121437,-1434.7998046875,-327.8231045121437,6553.599609375,-7988.3994140625,21737.900390625,22029.6005859375,1.0,12.0
2023-05-19,1661.9000244140625,20898.44921875,1.4168939048168605,101.19123784961424,1560.7087865644482,,0.0072698640721897,,,,,263.739990234375,,,,,,,25725.099609375,26373.9990234375,1.0,10.0
2023-05-22,1669.8499755859375,21373.099609375,1.305227625386965,93.28873882449466,1576.5612367614428,,0.0067678476682468,,,,,,,,,,,,,,,
2023-05-23,1691.0999755859375,21508.099609375,1.5314123128484516,109.6469692095552,1581.4530063763823,,0.0081339289749393,,,,,,,,,,,,,,,
2023-05-24,1690.050048828125,21470.0,1.5241740102762336,109.35706842613628,1580.6929804019887,,0.0080830213885011,,,,,,,,,,,,,,,
2023-05-25,1701.3499755859375,21840.900390625,1.502528612881986,107.94311997500472,1593.4068556109328,,0.0086492404937802,,,,,,,,,,,,,,,
2023-05-26,1700.25,21901.44921875,1.4485824023146936,104.26065368364902,1595.989346316351,,0.0090075414689663,,,,,,,,,,,,,,,
2023-05-29,1705.949951171875,21893.80078125,1.5179470635075365,109.51194612993731,1596.4380050419377,,0.0096460169926878,Individual Breakup,,Lot TORNTPHARM.NS Y,Lot  ABBOTINDIA.NS X,Total Profit,Total Trade,,,,,,,,,
2023-05-30,1713.550048828125,22054.599609375,1.5352868725329734,111.00009372159184,1602.5499551065332,,0.0099338642470789,Margin of ABBOTINDIA.NS X,Margin of TORNTPHARM.NS Y,1,-269.64990234375,-1164.14990234375,1,,,,,,,,,
2023-05-31,1835.800048828125,21737.900390625,3.3131310771194595,242.380205992652,1593.419842835473,1.0,0.0422444627077478,1,1,,,,,,,,,,,,,
2023-06-01,1774.800048828125,21602.650390625,2.510391766799829,184.87996099848988,1589.9200878296351,,0.017368028337404,,,,,,,,,,,,,,,
2023-06-02,1777.449951171875,21927.25,2.3677237801485185,175.27824930717998,1602.171701864695,,0.0158667301694957,,,,,,,,,,,,,,,
2023-06-05,1775.25,21832.150390625,2.3527927955880985,175.17826092087626,1600.0717390791235,,0.0169859984206339,,,,,,,,,,,,,,,
2023-06-06,1788.0999755859375,21823.05078125,2.4979942258604644,187.18549992060207,1600.9144756653354,,0.0205494686622923,,,,,,,,,,,,,,,
2023-06-07,1802.050048828125,21865.80078125,2.628191891392734,198.29833204156648,1603.7517167865583,,0.0248366139979633,,,,,,,,,,,,,,,
2023-06-08,1797.800048828125,21645.25,2.639887821913451,200.6424103454733,1597.1576384826517,,0.0228743235108762,,,,,,,,,,,,,,,
2023-06-09,1805.949951171875,21791.150390625,2.6444815953342697,202.14193377540664,1603.8080173964684,,0.0287015905096531,,,,,,,,,,,,,,,
2023-06-12,1806.3499755859373,21960.400390625,2.536212621686198,195.00043195081437,1611.3495436351232,,0.0287503091622834,,,,,,,,,,,,,,,
2023-06-13,1816.1500244140625,22155.69921875,2.535596465923998,196.1339699551413,1620.0160544589212,,0.027798849763463,,,,,,,,,,,,,,,
2023-06-14,1831.5,22038.69921875,2.749059502813729,214.1913021702276,1617.3086978297724,,0.0406485742121598,,,,,,,,,,,,,,,
2023-06-15,1839.199951171875,22432.55078125,2.619257261621429,205.32257217179085,1633.877379000084,,0.0364401499442914,,,,,,,,,,,,,,,
2023-06-16,1858.199951171875,22711.5,2.681935113910978,211.5927869405521,1646.607164231323,,0.0408973949203742,,,,,,,,,,,,,,,
2023-06-19,1857.75,23093.5,2.4483590886987234,194.12067744766364,1663.6293225523364,,0.0335846868685232,,,,,,,,,,,,,,,
2023-06-20,1860.050048828125,22996.900390625,2.480918641260913,197.92230711231127,1662.1277417158135,,0.036846262051463,,,,,,,,,,,,,,,
2023-06-21,1862.199951171875,22678.900390625,2.620400769575455,210.61816255821577,1651.5817886136592,,0.0444185071501467,,,,,,,,,,,,,,,
2023-06-22,1862.6500244140625,22554.849609375,2.6448111925260367,214.11252979605388,1648.5374946180086,,0.0464550663844128,,,,,,,,,,,,,,,
2023-06-23,1863.050048828125,22659.30078125,2.5574188742296853,208.3037343106232,1654.7463145175018,,0.0436124767930471,,,,,,,,,,,,,,,
2023-06-26,1867.75,22841.150390625,2.483530641302014,203.3908796294352,1664.3591203705648,,0.0449548904268813,,,,,,,,,,,,,,,
2023-06-27,1879.050048828125,22707.80078125,2.645251882603031,218.2138313885771,1660.836217439548,,0.0529680585618851,,,,,,,,,,,,,,,
2023-06-28,1953.6500244140625,23202.30078125,3.228989687240013,268.8454844067053,1684.8045400073572,,0.0952531617840609,,,,,,,,,,,,,,,
2023-06-30,1904.949951171875,23419.150390625,2.486487584122344,208.1085506847444,1696.8414004871306,,0.0445035585446071,,,,,,,,,,,,,,,
2023-07-03,1890.9000244140625,23249.69921875,2.364518779471719,199.02207509788968,1691.8779493161728,,0.043647459874424,,,,,,,,,,,,,,,
2023-07-04,1877.75,23209.19921875,2.1941534986984697,185.5787210568424,1692.1712789431576,,0.0376892786775157,,,,,,,,,,,,,,,
2023-07-05,1886.0,23306.0,2.2050226395514314,187.33548242203256,1698.6645175779674,,0.0390929535379891,,,,,,,,,,,,,,,
2023-07-06,1899.4000244140625,23825.75,2.052239785730352,174.84305683668504,1724.5569675773777,,0.031570781207692,,,,,,,,,,,,,,,
2023-07-07,1902.25,23499.400390625,2.219946125103184,190.09473853959025,1712.1552614604095,,0.0367492666978477,,,,,,,,,,,,,,,
2023-07-10,1911.949951171875,23470.44921875,2.3088324048335216,198.64051297176863,1713.3094382001063,,0.0408404145536137,,,,,,,,,,,,,,,
2023-07-11,1941.5999755859373,23693.19921875,2.4867074611011715,215.02423682013136,1726.575738765806,,0.0492493649241367,,,,,,,,,,,,,,,
2023-07-12,1930.0,23564.5,2.3799526604798675,206.89835757996295,1723.101642420037,,0.0459141329873345,,,,,,,,,,,,,,,
2023-07-13,1930.3499755859373,23392.55078125,2.43612903725706,213.0035701084917,1717.3464054774458,,0.0518837531763043,,,,,,,,,,,,,,,
2023-07-14,1945.199951171875,23293.900390625,2.6147525164115724,230.16255155022327,1715.0373996216515,,0.0640040986202864,,,,,,,,,,,,,,,
2023-07-17,1942.800048828125,23151.94921875,2.6219079018149247,232.38771660572505,1710.4123322224,,0.0686566333361123,,,,,,,,,,,,,,,
2023-07-18,1928.5,23345.650390625,2.3162581299910925,206.2796143798546,1722.2203856201454,,0.0490272578642052,,,,,,,,,,,,,,,
2023-07-19,1924.550048828125,23468.650390625,2.169333313594872,193.94191705485517,1730.60813177327,,0.0434276442291403,,,,,,,,,,,,,,,
2023-07-20,1930.3499755859373,23665.099609375,2.0906345181460857,187.5302867756409,1742.8196888102966,,0.0382941870215898,,,,,,,,,,,,,,,
2023-07-21,1938.75,23183.849609375,2.4200651251771244,218.3800660767856,1720.3699339232144,,0.2265271266664596,,,,,,,,,,,,,,,
2023-07-24,1941.0,23171.25,2.4158199744889104,219.25052122259692,1721.749478777403,,0.2382518083536777,,,,,,,,,,,,,,,
2023-07-25,1972.5,22986.400390625,2.8232549613279856,258.15271652681304,1714.347283473187,,0.2966147720374197,,,,,,,,,,,,,,,
2023-07-26,1970.800048828125,22945.44921875,2.784036510215731,256.5236635559188,1714.2763852722062,,0.2784064070677975,,,,,,,,,,,,,,,
2023-07-27,1992.0,23705.849609375,2.5349820108915337,234.74236149401827,1757.2576385059815,,0.2459347196899007,,,,,,,,,,,,,,,
2023-07-28,1990.300048828125,24059.94921875,2.2723520901523897,211.37695707752164,1778.9230917506034,,0.2024121327903055,,,,,,,,,,,,,,,
2023-07-31,2002.8499755859373,24068.599609375,2.359888436553753,220.7593568726056,1782.090618713332,,0.2107515927725577,,,,,,,,,,,,,,,
2023-08-01,1983.5,23943.19921875,2.189491484254503,205.7257810424544,1777.7742189575456,,0.2209884149289575,,,,,,,,,,,,,,,
2023-08-02,1965.800048828125,24084.69921875,1.888103544172249,177.8675555746886,1787.9324932534364,,0.2041655187055969,,,,,,,,,,,,,,,
2023-08-03,1995.800048828125,24555.80078125,1.8940989560313088,178.6476063137825,1817.1524425143425,,0.2111183745483693,,,,,,,,,,,,,,,
2023-08-04,2062.14990234375,23864.0,2.94815355867143,280.5925732116548,1781.5573291320952,,0.3860801330145097,,,,,,,,,,,,,,,
2023-08-07,2051.39990234375,23964.75,2.723851052128451,261.11441713683735,1790.2854852069129,,0.3462330709744101,,,,,,,,,,,,,,,
2023-08-08,2040.3499755859373,23774.349609375,2.674689101658494,258.40043335100154,1781.949542234936,,0.3651300771789687,,,,,,,,,,,,,,,
2023-08-09,2073.85009765625,23749.099609375,2.9790962949729187,290.451202277143,1783.398895379107,,0.3259577163937716,,,,,,,,,,,,,,,
2023-08-10,2030.449951171875,23887.75,2.4110237048598613,236.3995850314145,1794.0503661404605,,0.2237967316786323,,,,,,,,,,,,,,,
2023-08-11,1995.25,23732.80078125,2.1144119135719617,208.32798555911768,1786.9220144408823,,0.186925768188297,,,,,,,,,,,,,,,
2023-08-14,1971.9000244140625,23637.80078125,1.909451010090199,188.8776427000032,1783.0223817140593,,0.1525266211692016,,,,,,,,,,,,,,,
2023-08-16,1986.300048828125,23904.19921875,1.86851330593416,185.3845690068947,1800.9154798212303,,0.1468159318694755,,,,,,,,,,,,,,,
2023-08-17,1983.25,23658.75,1.9603342147888252,195.3592779922724,1787.8907220077276,,0.1551463464670913,,,,,,,,,,,,,,,
2023-08-18,1980.5999755859373,23399.599609375,2.064980286170973,206.7714159247264,1773.828559661211,,0.1671866151742516,,,,,,,,,,,,,,,
2023-08-21,1975.75,23436.05078125,1.9704092546166936,198.06342287653752,1777.6865771234625,,0.1616657909537273,,,,,,,,,,,,,,,
2023-08-22,1976.5999755859373,23478.349609375,1.9297727452390463,194.6936088216687,1781.9063667642688,,0.1581130846840495,,,,,,,,,,,,,,,
2023-08-23,1938.5,23231.099609375,1.6856984729931186,170.62560626366144,1767.8743937363386,,0.1357166604597349,,,,,,,,,,,,,,,
2023-08-24,1961.949951171875,23164.650390625,1.9366484199982863,196.7986252495068,1765.1513259223682,,0.1618579008283471,,,,,,,,,,,,,,,
2023-08-25,1937.800048828125,23221.0,1.6482277725175207,167.9262388523755,1769.8738099757495,,0.1340678802987726,,,,,,,,,,,,,,,
2023-08-28,1958.1500244140625,23388.44921875,1.7269515050953022,176.42355910518427,1781.7264653088782,,0.1408229503749195,,,,,,,,,,,,,,,
2023-08-29,1958.800048828125,23414.94921875,1.6989438321220118,174.06776047482117,1784.7322883533038,,0.2065743709103135,,,,,,,,,,,,,,,
2023-08-30,1954.699951171875,23363.650390625,1.6731509193305618,171.93093573243164,1782.7690154394434,,0.2044671555575129,,,,,,,,,,,,,,,
2023-08-31,1842.5,23109.55078125,0.7336074390705707,75.44816118663744,1767.0518388133626,,0.0355140662114188,,,,,,,,,,,,,,,
2023-09-01,1785.800048828125,22704.650390625,0.4307156695236274,44.32924788328637,1741.4708009448386,,0.0329779527732093,,,,,,,,,,,,,,,
2023-09-04,1827.0,22345.25,1.0470551492741842,107.93076901083214,1719.069230989168,,0.0870478050607815,,,,,,,,,,,,,,,
2023-09-05,1873.5,22793.25,1.2119275438835646,125.04215105135836,1748.4578489486416,,0.0892537322143076,,,,,,,,,,,,,,,
2023-09-06,1922.050048828125,23106.599609375,1.474137205363341,152.31601148778623,1769.7340373403388,,0.1023097532220266,,,,,,,,,,,,,,,
2023-09-07,1891.5,23029.05078125,1.214262274662778,125.55923489257476,1765.9407651074252,,0.092370609535742,,,,,,,,,,,,,,,
2023-09-08,1872.75,23002.30078125,1.0389104504261,107.45309391037812,1765.296906089622,,0.1402064389343802,,,,,,,,,,,,,,,
2023-09-11,1867.25,22985.099609375,0.9870513880339552,102.12854158689196,1765.121458413108,,0.1294130798734925,,,,,,,,,,,,,,,
2023-09-12,1857.5,22897.25,0.9393024008789156,97.23008127878713,1760.269918721213,,0.0767733311454319,,,,,,,,,,,,,,,
2023-09-13,1868.550048828125,23004.150390625,0.9707833488780668,100.54410074600536,1768.0059480821196,,0.0708995421310738,,,,,,,,,,,,,,,
2023-09-14,1839.699951171875,22910.599609375,0.744489833473755,77.11505369294355,1762.5848974789317,,0.0632861510075761,,,,,,,,,,,,,,,
2023-09-15,1872.0,23351.150390625,0.7702536802945412,79.70528173154003,1792.29471826846,,0.1073528248865006,,,,,,,,,,,,,,,
2023-09-18,1884.449951171875,23308.349609375,0.906668907455766,93.76653197925862,1790.6834191926164,,0.0696914943743371,,,,,,,,,,,,,,,
2023-09-20,1884.1500244140625,23191.5,0.9666547324398918,99.92795037429278,1784.2220740397695,,0.0776716410220189,,,,,,,,,,,,,,,
2023-09-21,1874.4000244140625,22838.349609375,1.0873195283382298,112.4782106719024,1761.92181374216,,0.1433739132129314,,,,,,,,,,,,,,,
2023-09-22,1850.4000244140625,22543.25,1.0351339245958913,107.11649410784936,1743.2835303062132,,0.0868533255725628,,,,,,,,,,,,,,,
2023-09-25,1847.1500244140625,22650.650390625,0.927267619288793,95.9573945217628,1751.1926298922997,,0.059202555236209,,,,,,,,,,,,,,,
2023-09-26,1832.5999755859373,22710.80078125,0.7440485125869695,77.03242926242751,1755.56754632351,,0.0369033126661216,,,,,,,,,,,,,,,
2023-09-27,1847.800048828125,22743.30078125,0.8633486608553358,89.41136912355614,1758.3886797045689,,0.0249858324440407,,,,,,,,,,,,,,,
2023-09-28,1863.5999755859373,22370.650390625,1.244599644150923,128.7963307392763,1734.8036448466612,,0.019124028536095,,,,,,,,,,,,,,,
2023-09-29,1929.0999755859373,23179.44921875,1.336542434002883,137.7914786105107,1791.3084969754268,,0.0178151730298138,,,,,,,,,,,,,,,
2023-10-03,1880.25,23121.80078125,0.8844148589456977,90.80818299441262,1789.4418170055874,,0.0193702732108075,,,,,,,,,,,,,,,
2023-10-04,1864.1500244140625,22815.94921875,0.9185094795812774,94.10779091427004,1770.0422334997925,,0.0240690533525166,,,,,,,,,,,,,,,
2023-10-05,1850.5999755859373,22861.94921875,0.7463336219328459,76.31822795873131,1774.2817476272062,,0.0211660530727675,,,,,,,,,,,,,,,
2023-10-06,1894.050048828125,23036.400390625,1.0428837272324507,106.46000573231731,1787.5900430958077,,0.0285927598747923,,,,,,,,,,,,,,,
2023-10-09,1890.6500244140625,22962.55078125,1.0476568772149495,106.88918811153144,1783.760836302531,,0.0272120699651049,,,,,,,,,,,,,,,
2023-10-10,1868.25,22748.05078125,0.9631508162227976,98.19790410149405,1770.052095898506,,0.0280791480079457,,,,,,,,,,,,,,,
2023-10-11,1885.5,22430.25,1.3365464166764525,136.35207662450284,1749.1479233754972,,0.0338782870372382,,,,,,,,,,,,,,,
2023-10-12,1881.5,22306.80078125,1.3703714454727371,139.8818399455895,1741.6181600544105,,0.0340602535123684,,,,,,,,,,,,,,,
2023-10-13,1895.5999755859373,22389.25,1.4407812469424497,147.14475754609748,1748.45521803984,,0.0431283600161702,,,,,,,,,,,,,,,
2023-10-16,1912.3499755859373,22476.900390625,1.5330337719495348,156.81793829677554,1755.532037289162,,0.0367220143236585,,,,,,,,,,,,,,,
2023-10-17,1921.550048828125,22422.650390625,1.6474084473424693,168.678650303189,1752.871398524936,,0.0380169016846423,,,,,,,,,,,,,,,
2023-10-18,1917.0,22427.94921875,1.5870398159769732,162.57853304372566,1754.4214669562743,,0.043499342100278,,,,,,,,,,,,,,,
2023-10-19,1919.199951171875,22656.099609375,1.440871364446023,147.69197241401366,1771.507978757861,,0.0527208589164245,,,,,,,,,,,,,,,
2023-10-20,1891.5999755859373,22640.25,1.1743782772150866,120.52451099391556,1771.075464592022,,0.0361665129299532,,,,,,,,,,,,,,,
2023-10-23,1877.300048828125,22716.05078125,0.9756571931049284,100.0651872917324,1777.2348615363926,,0.0170667324362912,,,,,,,,,,,,,,,
2023-10-25,1922.25,22511.349609375,1.545741621151066,158.23474804399143,1764.0152519560086,,0.0282032694382897,,,,,,,,,,,,,,,
2023-10-26,1889.6500244140625,22232.400390625,1.4135682523457298,144.50603990476384,1745.143984509299,,0.0340524088479173,,,,,,,,,,,,,,,
2023-10-27,1920.6500244140625,22670.69921875,1.402327852542829,143.22787359559675,1777.4221508184658,,0.0372454260752226,,,,,,,,,,,,,,,
2023-10-30,1930.3499755859373,22481.75,1.618047853488201,165.40328417484852,1764.946691411089,,0.0311469601380653,,,,,,,,,,,,,,,
2023-10-31,1924.25,22413.650390625,1.5962214270666015,163.0358842351668,1761.2141157648332,,0.0258303755782294,,,,,,,,,,,,,,,
2023-11-01,1920.050048828125,22234.94921875,1.6714023772844904,170.51641709009436,1749.5336317380306,,0.0286033887434787,,,,,,,,,,,,,,,
2023-11-02,1927.4000244140625,22382.099609375,1.6304435086244868,166.1141771225516,1761.285847291511,,0.0448826484171791,,,,,,,,,,,,,,,
2023-11-03,1960.4000244140625,22796.150390625,1.649234466642904,168.10145326160114,1792.2985711524614,,0.0370666631933383,,,,,,,,,,,,,,,
2023-11-06,1966.5,23314.0,1.3319158819985393,135.52828661709873,1830.9717133829013,,0.0267210749752388,,,,,,,,,,,,,,,
2023-11-07,1998.4000244140625,23786.44921875,1.29799216134881,131.7890771919565,1866.610947222106,,0.0274897047437588,,,,,,,,,,,,,,,
2023-11-08,2028.0999755859373,24265.69921875,1.2353926361361127,125.16561256332488,1902.9343630226128,,0.0248618018773545,,,,,,,,,,,,,,,
2023-11-09,2051.199951171875,23879.44921875,1.7242517299619688,174.7918067944804,1876.4081443773944,,0.0298292482704883,,,,,,,,,,,,,,,
2023-11-10,2058.199951171875,23705.650390625,1.900833329815776,192.75938573040048,1865.4405654414743,,0.036562349383841,,,,,,,,,,,,,,,
2023-11-13,2066.0,23152.650390625,2.354344369791165,239.49455094231007,1826.50544905769,,0.0678312609392566,,,,,,,,,,,,,,,
2023-11-15,2054.60009765625,22926.25,2.382539882073492,243.28728570129735,1811.3128119549528,,0.0638829102564872,,,,,,,,,,,,,,,
2023-11-16,2039.550048828125,23293.55078125,1.9537558365538703,199.6349197006441,1839.915129127481,,0.0386289256635676,,,,,,,,,,,,,,,
2023-11-17,2082.35009765625,23625.5,2.11313609899908,216.11211127964725,1866.2379863766027,,0.0502991891574113,,,,,,,,,,,,,,,
2023-11-20,2110.75,23975.80078125,2.1139973546013127,216.5048063086456,1894.2451936913544,,0.0650371392299233,,,,,,,,,,,,,,,
2023-11-21,2119.64990234375,23950.599609375,2.194030188119427,225.4772789937988,1894.1726233499512,,0.0960735364470822,,,,,,,,,,,,,,,
2023-11-22,2111.550048828125,23904.25,2.1231547390980463,219.1657946200021,1892.384254208123,,0.093192286441546,,,,,,,,,,,,,,,
2023-11-23,2106.550048828125,23886.5,2.0631318712532223,213.8601912779468,1892.6898575501784,,0.0951739618519258,,,,,,,,,,,,,,,
2023-11-24,2090.800048828125,24045.849609375,1.7756281043036066,184.60819911792143,1906.1918497102035,,0.0778327214759668,,,,,,,,,,,,,,,
2023-11-28,2079.0,23697.75,1.895337668652697,197.87881804650715,1881.1211819534929,,0.085141941973881,,,,,,,,,,,,,,,
2023-11-29,2091.85009765625,23537.80078125,2.1116362399241813,221.49749036491423,1870.352607291336,,0.1012304689581317,,,,,,,,,,,,,,,
2023-11-30,2126.550048828125,23805.150390625,2.221769821281657,234.11840159825735,1892.431647229868,,0.1137525554790002,,,,,,,,,,,,,,,
2023-12-01,2151.25,23679.5,2.5142875897978074,266.6860541573385,1884.5639458426613,,0.1480893153005417,,,,,,,,,,,,,,,
2023-12-04,2133.60009765625,23398.75,2.519842801533596,269.08992756869293,1864.510170087557,,0.1600276554637311,,,,,,,,,,,,,,,
2023-12-05,2100.0,23110.44921875,2.3872480425492952,256.4850342973707,1843.5149657026293,,0.1445222152950555,,,,,,,,,,,,,,,
2023-12-06,2079.949951171875,23078.05078125,2.2025852339454897,237.77966743693835,1842.170283734937,,0.1283660873826271,,,,,,,,,,,,,,,
2023-12-07,2100.550048828125,23073.400390625,2.371671183597217,257.4725801702325,1843.0774686578925,,0.1500415241457546,,,,,,,,,,,,,,,
2023-12-08,2053.449951171875,22858.0,2.0744889330681944,226.2131135674383,1827.2368376044367,,0.1165756264420382,,,,,,,,,,,,,,,
2023-12-11,2078.35009765625,23046.55078125,2.1475589627449048,235.1609026016422,1843.189195054608,,0.117930867953125,,,,,,,,,,,,,,,
2023-12-12,2048.0,22825.0,2.0135322933425743,221.28773213631007,1826.71226786369,,0.1147951667306024,,,,,,,,,,,,,,,
2023-12-13,2079.10009765625,22780.849609375,2.3067016012925494,254.79624618814955,1824.3038514681004,,0.1476588530062179,,,,,,,,,,,,,,,
2023-12-14,2103.39990234375,22742.0,2.528176421796832,281.0024143652972,1822.3974879784528,,0.1739505481320645,,,,,,,,,,,,,,,
2023-12-15,2093.35009765625,22694.80078125,2.4477747894600643,273.57935532720467,1819.770742329045,,0.1632648922591308,,,,,,,,,,,,,,,
2023-12-18,2144.199951171875,22780.30078125,2.808799843042781,316.2179762275198,1827.9819749443552,,0.2240778114564074,,,,,,,,,,,,,,,
2023-12-19,2170.550048828125,22902.25,2.919379232329661,331.24996901179543,1839.3000798163296,,0.2666986700342985,,,,,,,,,,,,,,,
2023-12-20,2147.050048828125,22135.150390625,3.2133041814929744,368.5359407669269,1778.5141080611982,,0.3527705596050912,,,,,,,,,,,,,,,
2023-12-21,2195.199951171875,22354.75,3.426832248187129,397.5455169180361,1797.6544342538389,,0.4534789485551814,,,,,,,,,,,,,,,
2023-12-22,2222.5,22604.0,3.4331444035453766,402.9961480852903,1819.5038519147097,,0.4681582650794276,,,,,,,,,,,,,,,
2023-12-26,2282.300048828125,22452.55078125,3.969406402343695,473.4972211411673,1808.8028276869577,,0.6720213406229628,,,,,,,,,,,,,,,
2023-12-27,2263.75,22570.099609375,3.668541915553922,443.624558012144,1820.125441987856,,0.5928226996684918,,,,,,,,,,,,,,,
2023-12-28,2255.60009765625,22623.69921875,3.50692616218788,429.41582169956905,1826.184275956681,,0.5596796290953713,,,,,,,,,,,,,,,
2023-12-29,2305.550048828125,22851.25,3.6937682710547457,458.56635132578936,1846.983697502336,,0.6316964333300034,,,,,,,,,,,,,,,
2024-01-01,2296.300048828125,22761.099609375,3.617286081688985,455.0463703746064,1841.253678453519,,0.6251405656444289,,,,,,,,,,,,,,,
2024-01-02,2322.199951171875,23327.25,3.3915046652942458,431.32522584919707,1890.874725322678,,0.5639125524646391,,,,,,,,,,,,,,,
2024-01-03,2351.39990234375,23606.599609375,3.378804143506368,434.4814786146594,1916.9184237290904,,0.5719766576345188,,,,,,,,,,,,,,,
2024-01-04,2371.699951171875,23569.80078125,3.4979713946617847,455.3293135773631,1916.370637594512,,0.6300478922623576,,,,,,,,,,,,,,,
2024-01-05,2350.10009765625,23884.599609375,3.077605139267692,404.2337016165093,1945.8663960397407,,0.4910324734993186,,,,,,,,,,,,,,,
2024-01-08,2324.60009765625,23658.099609375,2.9871978816761517,395.85831123307184,1928.7417864231784,,0.4680819534997031,,,,,,,,,,,,,,,
2024-01-09,2337.89990234375,24231.900390625,2.676624835352293,356.8282360346416,1981.0716663091084,,0.3774167288597542,,,,,,,,,,,,,,,
2024-01-10,2352.89990234375,24609.25,2.507403331200817,336.0214342665838,2016.8784680771664,,0.3103575769433123,,,,,,,,,,,,,,,
2024-01-11,2468.949951171875,25339.650390625,2.845563111487026,383.5722658663208,2085.377685305554,,0.3775666656883228,,,,,,,,,,,,,,,
2024-01-12,2468.75,25748.900390625,2.530439213460012,342.5124796458472,2126.237520354153,,0.2819249914339367,,,,,,,,,,,,,,,
2024-01-15,2475.14990234375,26210.44921875,2.232331503311663,302.8449084643112,2172.304993879439,,0.2074423093884075,,,,,,,,,,,,,,,
2024-01-16,2449.699951171875,25806.5,2.27181269574923,309.36898612488403,2140.330965046991,,0.1873738790951807,,,,,,,,,,,,,,,
2024-01-17,2472.199951171875,25730.69921875,2.4443350636997003,333.93953099556256,2138.2604201763124,,0.1905875493819437,,,,,,,,,,,,,,,
2024-01-18,2462.550048828125,25737.5,2.3297095395922445,318.8693212375465,2143.6807275905785,,0.1487965628305329,,,,,,,,,,,,,,,
2024-01-19,2463.85009765625,25867.0,2.2142491209874686,303.18906858577566,2160.6610290704743,,0.1583239716715965,,,,,,,,,,,,,,,
2024-01-23,2493.35009765625,25481.400390625,2.64668488883866,364.001618378516,2129.348479277734,,0.1842508477641239,,,,,,,,,,,,,,,
2024-01-24,2507.050048828125,25598.599609375,2.6205378849907093,361.1973604002401,2145.852688427885,,0.1885290279407117,,,,,,,,,,,,,,,
2024-01-25,2473.39990234375,25060.75,2.706425163280148,374.56561273043735,2098.8342896133126,,0.428841930859501,,,,,,,,,,,,,,,
2024-01-29,2437.89990234375,25568.05078125,2.0641619303464243,286.55520272785634,2151.3446996158937,,0.2662683371338967,,,,,,,,,,,,,,,
2024-01-30,2473.14990234375,25508.650390625,2.3201610422142265,323.74519713796144,2149.404705205789,,0.3106826395411485,,,,,,,,,,,,,,,
2024-01-31,2531.10009765625,25906.94921875,2.412060508162729,338.1453929574068,2192.954704698843,,0.3310451641198944,,,,,,,,,,,,,,,
2024-02-01,2512.5,25887.0,2.252679376509988,317.2691683089233,2195.2308316910767,,0.2816296869694739,,,,,,,,,,,,,,,
2024-02-02,2525.64990234375,28064.30078125,0.7874691638450514,110.3682337241744,2415.281668619576,,0.0976533145024355,,,,,,,,,,,,,,,
2024-02-05,2643.699951171875,28069.5,1.582037688577042,222.12051679408887,2421.579434377786,,0.2641709321217,,,,,,,,,,,,,,,
2024-02-06,2610.75,28319.0,1.1337801664795677,159.13912084695176,2451.610879153048,,0.1501168577123074,,,,,,,,,,,,,,,
2024-02-07,2649.35009765625,28727.400390625,1.0796617695963422,151.46759271566316,2497.882504940587,,0.1776699458952781,,,,,,,,,,,,,,,
2024-02-08,2645.89990234375,28258.30078125,1.3545831626790743,190.44455115333085,2455.455351190419,,0.1955375163036339,,,,,,,,,,,,,,,
2024-02-09,2657.35009765625,28083.69921875,1.5280758544129338,215.4578624089254,2441.8922352473246,,0.2086643254112409,,,,,,,,,,,,,,,
2024-02-12,2619.64990234375,28477.80078125,0.9502084580275452,133.98730894122446,2485.662593402525,,0.4058306586839746,,,,,,,,,,,,,,,
2024-02-13,2621.75,28884.900390625,0.6489462919239753,91.4615929662591,2530.288407033741,,0.1358553970150851,,,,,,,,,,,,,,,
2024-02-14,2604.25,29367.55078125,0.1600887714461884,22.534774336475493,2581.7152256635245,,0.1233405968459707,,,,,,,,,,,,,,,
2024-02-15,2577.85009765625,29183.94921875,0.1020803892566934,14.377056854084003,2563.473040802166,,0.1208398146847866,,,,,,,,,,,,,,,
2024-02-16,2639.449951171875,29538.599609375,0.2696029847779534,37.94806367750925,2601.5018874943657,,0.1139474423241492,,,,,,,,,,,,,,,
2024-02-19,2615.0,29526.69921875,0.100626549083158,14.167210596556744,2600.8327894034437,,0.1108391230151293,,,,,,,,,,,,,,,
2024-02-20,2644.64990234375,29191.05078125,0.5412523226915235,76.26274640981865,2568.387155933932,,0.1192894768702809,,,,,,,,,,,,,,,
2024-02-21,2603.0,29131.349609375,0.2772188405320241,39.05221161487407,2563.947788385126,,0.1182343685406437,,,,,,,,,,,,,,,
2024-02-22,2608.0,28855.80078125,0.503064231499047,70.91318487555327,2537.0868151244467,,0.123112703074621,,,,,,,,,,,,,,,
2024-02-23,2626.949951171875,28707.80078125,0.7303394257998466,103.02409335271112,2523.925857819164,,0.1338883664109312,,,,,,,,,,,,,,,
2024-02-26,2624.10009765625,28458.599609375,0.8771422980427631,123.87960660610634,2500.220491050144,,0.1376955204736384,,,,,,,,,,,,,,,
2024-02-27,2625.949951171875,28670.349609375,0.7177091392191599,101.38209936462316,2524.567851807252,,0.1262641385478669,,,,,,,,,,,,,,,
2024-02-28,2613.10009765625,28610.0,0.6592288584179409,93.18241286988176,2519.917684786368,,0.1236776134807959,,,,,,,,,,,,,,,
2024-02-29,2666.10009765625,28434.19921875,1.1429465425809475,161.79583866616258,2504.3042589900874,,0.1469510104132333,,,,,,,,,,,,,,,
2024-03-01,2668.64990234375,28216.650390625,1.3001344281876612,184.41495244712405,2484.234949896626,,0.1574988630809713,,,,,,,,,,,,,,,
2024-03-04,2690.85009765625,27606.0,1.883541518138588,268.4279221816796,2422.4221754745704,,0.206091101652969,,,,,,,,,,,,,,,
2024-03-05,2661.949951171875,27370.44921875,1.829114826030653,261.6732086058614,2400.2767425660136,,0.2036901438777807,,,,,,,,,,,,,,,
2024-03-06,2691.199951171875,27321.5,2.0375272143721137,292.7630720318525,2398.4368791400225,,0.2281641013361612,,,,,,,,,,,,,,,
2024-03-07,2664.800048828125,27434.94921875,1.7418582471949235,251.02147040398583,2413.778578424139,,0.1847684232259299,,,,,,,,,,,,,,,
2024-03-11,2697.800048828125,27229.55078125,2.0916178491304724,302.84648785082663,2394.9535609772984,,0.2191655848555604,,,,,,,,,,,,,,,
2024-03-12,2673.949951171875,26993.69921875,2.072212041159324,301.3081590467432,2372.641792125132,,0.2164163147783158,,,,,,,,,,,,,,,
2024-03-13,2663.949951171875,27401.94921875,1.6689032684350729,243.00135014507805,2420.948601026797,,0.1719957695442832,,,,,,,,,,,,,,,
2024-03-14,2690.39990234375,28308.099609375,1.1424702202776926,166.17554837700573,2524.2243539667443,,0.0797154445407793,,,,,,,,,,,,,,,
2024-03-15,2594.449951171875,28404.349609375,0.3995984082906763,58.08769334918543,2536.3622578226896,,0.0549073513078617,,,,,,,,,,,,,,,
2024-03-18,2569.64990234375,28604.150390625,0.0699395292015564,10.154605875393829,2559.495296468356,,0.0599749973279363,,,,,,,,,,,,,,,
2024-03-19,2501.5,28291.5,-0.160430643751852,-23.300081740878795,2524.800081740879,0.0,0.0518684840180543,,,,,,,,,,,,,,,
2024-03-20,2518.949951171875,27688.80078125,0.4117671699865559,59.810920256581085,2459.139030915294,,0.0437983703575197,,,,,,,,,,,,,,,
2024-03-21,2554.39990234375,27673.25,0.6541303656672519,94.89872544369835,2459.501176900052,,0.0411481509069559,,,,,,,,,,,,,,,
2024-03-22,2559.800048828125,27067.099609375,1.1414289159652902,165.61186830895667,2394.1881805191683,,0.0452680985791125,,,,,,,,,,,,,,,
2024-03-26,2570.5,26701.05078125,1.4783181353642303,214.5740075256608,2355.925992474339,,0.0604464045138066,,,,,,,,,,,,,,,
2024-03-27,2572.39990234375,26711.05078125,1.4642880282601076,212.62766242328237,2359.772239920468,,0.0666876171370913,,,,,,,,,,,,,,,
2024-03-28,2600.60009765625,27120.80078125,1.3204797535694468,191.7565762333816,2408.8435214228684,,0.0663522692865361,,,,,,,,,,,,,,,
2024-04-01,2675.35009765625,27521.30078125,1.4995426564499623,217.97399194369245,2457.376105712557,,0.0842333568368731,,,,,,,,,,,,,,,
2024-04-02,2668.550048828125,27282.900390625,1.6185078883887642,235.94073833069524,2432.6093104974298,,0.0882405944766795,,,,,,,,,,,,,,,
2024-04-03,2588.64990234375,26714.44921875,1.5001354947683336,219.2834854444618,2369.366416899288,,0.0792790582705595,,,,,,,,,,,,,,,
2024-04-04,2537.550048828125,26606.400390625,1.222543146913435,178.9180142464702,2358.632034581655,,0.0709368818402817,,,,,,,,,,,,,,,
2024-04-05,2577.10009765625,26636.900390625,1.4529546267229454,213.0419808311608,2364.058116825089,,0.0831274599470145,,,,,,,,,,,,,,,
2024-04-08,2597.300048828125,26400.400390625,1.7579919053924782,258.6391723672414,2338.660876460884,,0.1030670888230141,,,,,,,,,,,,,,,
2024-04-09,2578.10009765625,26420.5,1.595745951035673,235.3793969082617,2342.7207007479883,,0.0928096652529975,,,,,,,,,,,,,,,
2024-04-10,2578.949951171875,27021.80078125,1.115622541252451,164.64235382842526,2414.3075973434497,,0.0700767468835357,,,,,,,,,,,,,,,
2024-04-12,2577.699951171875,26444.650390625,1.5470624782362703,229.02704773021745,2348.6729034416576,,0.084880410892396,,,,,,,,,,,,,,,
2024-04-15,2519.85009765625,26219.75,1.3216861222751175,196.02585370587985,2323.82424395037,,0.0717946795352068,,,,,,,,,,,,,,,
2024-04-16,2537.60009765625,26144.75,1.4866614173597474,220.93429811002943,2316.665799546221,,0.0703196327145145,,,,,,,,,,,,,,,
2024-04-18,2546.85009765625,26065.19921875,1.596455876809927,237.66000577593604,2309.190091880314,,0.0660937472113119,,,,,,,,,,,,,,,
2024-04-19,2539.39990234375,26128.0,1.482436338203148,220.8146920719541,2318.585210271796,,0.0551070091821431,,,,,,,,,,,,,,,
2024-04-22,2591.89990234375,26316.0,1.668309549859609,248.65394690133328,2343.2459554424167,,0.0829446821417229,,,,,,,,,,,,,,,
2024-04-23,2637.39990234375,25725.099609375,2.4156298988151863,362.136805270889,2275.263097072861,,0.1576740990231006,,,,,,,,,,,,,,,
2024-04-24,2686.449951171875,25452.55078125,2.918396541849845,441.3684658974821,2245.081485274393,,0.2439880401880512,,,,,,,,,,,,,,,
2024-04-25,2694.300048828125,25674.44921875,2.757887692792976,420.207122214038,2274.092926614087,,0.2173836520863331,,,,,,,,,,,,,,,
2024-04-26,2691.0,25895.0,2.53059361038945,387.9476906255013,2303.0523093744987,,0.1825163806175836,,,,,,,,,,,,,,,
2024-04-29,2687.449951171875,26289.599609375,2.171745015717377,334.3326529520841,2353.117298219791,,0.1263226459562512,,,,,,,,,,,,,,,
2024-04-30,2642.550048828125,26446.05078125,1.7384829814379503,268.2130385221999,2374.337010305925,,0.0815670567882227,,,,,,,,,,,,,,,
2024-05-02,2670.0,26643.349609375,1.7414251430845311,269.1048160075147,2400.8951839924853,,0.0833556241304647,,,,,,,,,,,,,,,
2024-05-03,2734.699951171875,26146.599609375,2.518995787573495,391.56778744774965,2343.1321637241253,,0.1457737741689056,,,,,,,,,,,,,,,
2024-05-06,2717.199951171875,25773.05078125,2.6662584797569715,417.1522372287836,2300.047713943092,,0.1671553693343191,,,,,,,,,,,,,,,
2024-05-07,2619.35009765625,25734.94921875,2.050307755400892,321.7846444026718,2297.565453253578,,0.1111512527437686,,,,,,,,,,,,,,,
2024-05-08,2587.550048828125,25936.900390625,1.6731740198658651,263.16499921012564,2324.385049618,,0.0821053701653941,,,,,,,,,,,,,,,
2024-05-09,2524.35009765625,25562.400390625,1.5538532497224882,244.93609794479016,2279.41399971146,,0.0760770227168118,,,,,,,,,,,,,,,
2024-05-10,2599.89990234375,26370.5,1.3818765012387026,217.95806261297457,2381.9418397307754,,0.0680646996569319,,,,,,,,,,,,,,,
2024-05-13,2604.60009765625,27079.69921875,0.8400047767963503,132.4050792907915,2472.1950183654585,,0.0553706763942449,,,,,,,,,,,,,,,
2024-05-14,2630.64990234375,26778.400390625,1.2316954559547268,194.4789122019029,2436.170990141847,,0.057769361139191,,,,,,,,,,,,,,,
2024-05-15,2648.949951171875,26410.94921875,1.6220906014648415,256.70853919677984,2392.241411975095,,0.0699737876451531,,,,,,,,,,,,,,,
2024-05-16,2699.949951171875,26542.55078125,1.8190367639046177,288.5570586514832,2411.392892520392,,0.1009454720121937,,,,,,,,,,,,,,,
2024-05-17,2698.699951171875,26491.44921875,1.8328853798376303,291.76569922354565,2406.9342519483293,,0.1036660508962294,,,,,,,,,,,,,,,
2024-05-21,2681.699951171875,26438.75,1.7510014146360344,279.62404594606824,2402.0759052258068,,0.0984352400511531,,,,,,,,,,,,,,,
