Dates,TORNTPHARM.NS Y,ALKEM.NS X,Standard Residual,Residual,Y Predicted,Signal,Coint,Trades,Investments,Net Investments,Effective Margin of ALKEM.NS X,Effective Margin of TORNTPHARM.NS Y,Trade Length,Percentage Return,Profit,Net Percentage Return,Long Profit,Short Profit,Effective Investment of TORNTPHARM.NS X,Effective Investment of TORNTPHARM.NS Y,Multiplier X,Multiplier Y
2023-05-30,1713.550048828125,3358.699951171875,2.181144118280928,205.30777564190063,1508.2422731862243,1.0,0.1534900180464228,1.0,6785.800048828125,67.85800048828125,33.58699951171875,34.2710009765625,121.0,4.482156036072714,304.150146484375,448.2156036072714,986.250244140625,-682.10009765625,3358.699951171875,3427.10009765625,1.0,2.0
2023-05-31,1835.800048828125,3359.60009765625,3.4319898044572112,326.6911874480893,1509.1088613800357,,0.3980282538274367,2.0,10211.44970703125,102.1144970703125,49.240498046875,52.8739990234375,74.0,3.952919538418334,403.650390625,395.2919538418334,513.650390625,-110.0,4924.0498046875,5287.39990234375,1.0,2.0
2023-06-01,1774.800048828125,3380.35009765625,2.7593465786842266,264.49002636007845,1510.3100224680466,,0.3891475996454834,,,,,,,,,,,,,,,
2023-06-02,1777.449951171875,3363.75,2.7647687985740474,266.7833399350293,1510.6666112368457,,0.3957298487720289,,,,,,,,,,,,,,,
2023-06-05,1775.25,3395.699951171875,2.708506668049313,263.1546757311769,1512.095324268823,,0.426015384952181,,,,,,,,,,,,,,,
2023-06-06,1788.0999755859375,3388.800048828125,2.8133768207588936,275.4462217809478,1512.6537538049895,,0.4551794123450216,,,,,,,,,,,,,,,
2023-06-07,1802.050048828125,3407.60009765625,2.918966045528604,288.2789225546446,1513.7711262734804,,0.4948400305873289,,,,,,,,,,,,,,,
2023-06-08,1797.800048828125,3442.050048828125,2.837191853587465,282.44576745186464,1515.3542813762604,,0.5029132698195908,Individual Breakup,,Lot TORNTPHARM.NS Y,Lot  ALKEM.NS X,Total Profit,Total Trade,,,,,,,,,
2023-06-09,1805.949951171875,3414.5,2.894109354841171,290.5091523518445,1515.4407988200303,,0.5175424580268488,Margin of ALKEM.NS X,Margin of TORNTPHARM.NS Y,1,1,707.800537109375,2,,,,,,,,,
2023-06-12,1806.3499755859373,3347.5,2.8835260053667846,291.9358839346801,1514.4140916512574,,0.5331328313583104,1,1,,,,,,,,,,,,,
2023-06-13,1816.1500244140625,3389.449951171875,2.937493274909067,299.92858768807173,1516.2214367259908,,0.5632459966936425,,,,,,,,,,,,,,,
2023-06-14,1831.5,3372.85009765625,3.055751659785562,314.95281333584444,1516.5471866641556,,0.6075643905933505,,,,,,,,,,,,,,,
2023-06-15,1839.199951171875,3394.39990234375,3.0878665038886437,321.321630488296,1517.878320683579,,0.6294997161820765,,,,,,,,,,,,,,,
2023-06-16,1858.199951171875,3398.949951171875,3.2275145985579514,339.3682753400972,1518.8316758317778,,0.6833171744678153,,,,,,,,,,,,,,,
2023-06-19,1857.75,3402.60009765625,3.1822593470291745,337.974527199337,1519.775472800663,,0.7012689615866454,,,,,,,,,,,,,,,
2023-06-20,1860.050048828125,3383.89990234375,3.1689666218602577,339.92843435271243,1520.1216144754126,,0.7075839315527305,,,,,,,,,,,,,,,
2023-06-21,1862.199951171875,3389.89990234375,3.148253519132986,341.10938126436827,1521.0905699075067,,0.7114865330935995,,,,,,,,,,,,,,,
2023-06-22,1862.6500244140625,3349.39990234375,3.1241781252400616,341.85120971350057,1520.798814700562,,0.721559165931462,,,,,,,,,,,,,,,
2023-06-23,1863.050048828125,3349.949951171875,3.090708471814962,341.4077319752196,1521.6423168529054,,0.7307399448410793,,,,,,,,,,,,,,,
2023-06-26,1867.75,3401.5,3.08356932440381,343.8585543266054,1523.8914456733946,,0.7383121878253368,,,,,,,,,,,,,,,
2023-06-27,1879.050048828125,3395.449951171875,3.146991655576852,354.4828777663379,1524.5671710617871,,0.7642656809740591,,,,,,,,,,,,,,,
2023-06-28,1953.6500244140625,3446.14990234375,3.7336324076626366,426.5293589087478,1527.1206655053147,,0.8908720896044499,,,,,,,,,,,,,,,
2023-06-30,1904.949951171875,3512.85009765625,3.245586848692547,374.6199266562119,1530.3300245156631,,0.824759719443501,,,,,,,,,,,,,,,
2023-07-03,1890.9000244140625,3493.89990234375,3.0891388022331845,360.0544618556344,1530.845562558428,,0.7936798865691226,,,,,,,,,,,,,,,
2023-07-04,1877.75,3494.800048828125,2.94108438904708,345.7920153466607,1531.9579846533393,,0.7667219210078018,,,,,,,,,,,,,,,
2023-07-05,1886.0,3512.25,2.969939656167033,352.3244514133928,1533.6755485866072,,0.7813022044527033,,,,,,,,,,,,,,,
2023-07-06,1899.4000244140625,3523.25,3.0407091850023007,364.1386746914754,1535.261349722587,,0.8075212117721323,,,,,,,,,,,,,,,
2023-07-07,1902.25,3490.75,3.036747259328284,367.18633922284175,1535.0636607771582,,0.8171838020303496,,,,,,,,,,,,,,,
2023-07-10,1911.949951171875,3487.64990234375,3.0789485313130025,375.9366151861536,1536.0133359857214,,0.8343095998977728,,,,,,,,,,,,,,,
2023-07-11,1941.5999755859373,3514.050048828125,3.266701736211316,403.2018535222967,1538.3981220636408,,0.875556480462651,,,,,,,,,,,,,,,
2023-07-12,1930.0,3529.0,3.1256238290687133,389.6285161593637,1540.3714838406363,,0.8620927841196769,,,,,,,,,,,,,,,
2023-07-13,1930.3499755859373,3511.14990234375,3.0943141487058954,389.5197907807788,1540.8301848051588,,0.8669616325721168,,,,,,,,,,,,,,,
2023-07-14,1945.199951171875,3519.35009765625,3.166167947586273,402.61183066185686,1542.588120510018,,0.8883287951843464,,,,,,,,,,,,,,,
2023-07-17,1942.800048828125,3628.60009765625,3.06143226149443,392.750183382846,1550.049865445279,,0.8810638542718019,,,,,,,,,,,,,,,
2023-07-18,1928.5,3666.64990234375,2.8940341173530864,374.3556328244069,1554.144367175593,,0.8547365137522349,,,,,,,,,,,,,,,
2023-07-19,1924.550048828125,3639.449951171875,2.8377991563606155,370.2324250481343,1554.3176237799908,,0.8491129039484631,,,,,,,,,,,,,,,
2023-07-20,1930.3499755859373,3690.10009765625,2.8198225134512884,370.7015293438426,1559.648446242095,,0.8499110690886802,,,,,,,,,,,,,,,
2023-07-21,1938.75,3700.949951171875,2.838144066115344,376.1774682427417,1562.5725317572585,,0.8597018001375176,,,,,,,,,,,,,,,
2023-07-24,1941.0,3781.800048828125,2.7714192431531552,369.89673929475566,1571.1032607052443,,0.8543875896737961,,,,,,,,,,,,,,,
2023-07-25,1972.5,3950.64990234375,2.859222289871042,383.86587131509737,1588.6341286849026,,0.8742540103549974,,,,,,,,,,,,,,,
2023-07-26,1970.800048828125,4004.89990234375,2.753528596100612,372.2286999217422,1598.5713489063828,,0.8637078483035638,,,,,,,,,,,,,,,
2023-07-27,1992.0,4028.35009765625,2.8285372972489387,385.3938133226032,1606.6061866773969,,0.8802359793006425,,,,,,,,,,,,,,,
2023-07-28,1990.300048828125,3995.699951171875,2.7755969031092382,381.4588932968545,1608.8411555312705,,0.878767943055208,,,,,,,,,,,,,,,
2023-07-31,2002.8499755859373,3978.75,2.8175166536035605,390.5389313681597,1612.311044217778,,0.889815692407355,,,,,,,,,,,,,,,
2023-08-01,1983.5,3986.5,2.617675533469676,365.3698617448658,1618.1301382551342,,0.86082240035248,,,,,,,,,,,,,,,
2023-08-02,1965.800048828125,3935.5,2.4856716188922072,349.4591311978736,1616.3409176302514,,0.8237216824889805,,,,,,,,,,,,,,,
2023-08-03,1995.800048828125,4023.39990234375,2.570067544054315,363.2068799062004,1632.5931689219246,,0.8406596006603104,,,,,,,,,,,,,,,
2023-08-04,2062.14990234375,4099.0,2.89406015705904,411.58400346777216,1650.5658988759778,,0.9038995486492536,,,,,,,,,,,,,,,
2023-08-07,2051.39990234375,4131.85009765625,2.7126032735534946,388.1603566364458,1663.2395457073042,,0.8827908264091076,,,,,,,,,,,,,,,
2023-08-08,2040.3499755859373,4131.85009765625,2.566459811337128,369.5617168388103,1670.7882587471272,,0.8663906477038499,,,,,,,,,,,,,,,
2023-08-09,2073.85009765625,4227.25,2.61829973301249,378.6788012724872,1695.1712963837629,,0.877051044750097,,,,,,,,,,,,,,,
2023-08-10,2030.449951171875,4141.39990234375,2.3509506624858454,342.4321696385791,1688.017781533296,,0.8316101564844531,,,,,,,,,,,,,,,
2023-08-11,1995.25,3822.10009765625,2.43858050921229,358.99487393223944,1636.2551260677606,,0.8518423967500852,,,,,,,,,,,,,,,
2023-08-14,1971.9000244140625,3795.449951171875,2.2793653593358125,337.2411085665226,1634.65891584754,,0.8243608159339961,,,,,,,,,,,,,,,
2023-08-16,1986.300048828125,3794.699951171875,2.344297122208236,348.636932351229,1637.663116476896,,0.8352228396695389,,,,,,,,,,,,,,,
2023-08-17,1983.25,3789.64990234375,2.29747628416383,343.3280427913078,1639.9219572086922,,0.825437400509675,,,,,,,,,,,,,,,
2023-08-18,1980.5999755859373,3801.300048828125,2.2332608929680524,335.1857774894688,1645.414198096469,,0.8080140069039932,,,,,,,,,,,,,,,
2023-08-21,1975.75,3823.10009765625,2.140824405634042,322.49106548016334,1653.2589345198369,,0.7975236087989854,,,,,,,,,,,,,,,
2023-08-22,1976.5999755859373,3767.75,2.1900678504828184,331.4305922868876,1645.16938329905,,0.8129316600507835,,,,,,,,,,,,,,,
2023-08-23,1938.5,3760.199951171875,1.924169405870584,292.1064805859637,1646.3935194140363,,0.7806438741376589,,,,,,,,,,,,,,,
2023-08-24,1961.949951171875,3715.050048828125,2.1162023159953027,322.6730653126549,1639.27688585922,,0.8040940021047208,,,,,,,,,,,,,,,
2023-08-25,1937.800048828125,3677.75,1.9902510401466256,304.6988509516409,1633.101197876484,,0.8001721391825283,,,,,,,,,,,,,,,
2023-08-28,1958.1500244140625,3712.39990234375,2.0494041822219877,314.8336745912086,1643.316349822854,,0.7998479989535268,,,,,,,,,,,,,,,
2023-08-29,1958.800048828125,3702.199951171875,2.046358112247648,315.6650747087492,1643.1349741193758,,0.7969645015051661,,,,,,,,,,,,,,,
2023-08-30,1954.699951171875,3693.85009765625,2.010238666515471,311.24993344520453,1643.4500177266705,,0.7947506297806957,,,,,,,,,,,,,,,
2023-08-31,1842.5,3642.85009765625,1.3508090005739806,209.50053417497747,1632.9994658250223,,0.6469020181617211,,,,,,,,,,,,,,,
2023-09-01,1785.800048828125,3614.75,1.020214671454046,158.34795922941612,1627.4520895987089,,0.5533656031959495,,,,,,,,,,,,,,,
2023-09-04,1827.0,3650.64990234375,1.2198549611622496,189.46213474051683,1637.5378652594832,,0.5849505553747305,,,,,,,,,,,,,,,
2023-09-05,1873.5,3646.10009765625,1.5127927540937045,235.3813189988523,1638.1186810011477,,0.6234324043138334,,,,,,,,,,,,,,,
2023-09-06,1922.050048828125,3655.10009765625,1.7936273499961286,279.8309962581216,1642.2190525700034,,0.6712571174668611,,,,,,,,,,,,,,,
2023-09-07,1891.5,3637.10009765625,1.6115431495481596,251.9454194105815,1639.5545805894185,,0.6412341246459667,,,,,,,,,,,,,,,
2023-09-08,1872.75,3621.25,1.503564161518265,235.4331529422593,1637.3168470577407,,0.6036292983078263,,,,,,,,,,,,,,,
2023-09-11,1867.25,3630.0,1.441297669690426,225.959225419042,1641.290774580958,,0.5630460057832063,,,,,,,,,,,,,,,
2023-09-12,1857.5,3635.35009765625,1.358008561894395,213.08454733981284,1644.4154526601872,,0.5498526627443878,,,,,,,,,,,,,,,
2023-09-13,1868.550048828125,3744.75,1.2294173608552683,192.74779987783472,1675.8022489502905,,0.5084888322467892,,,,,,,,,,,,,,,
2023-09-14,1839.699951171875,3709.449951171875,1.09122314751372,171.1345622519766,1668.5653889198984,,0.4610906329259506,,,,,,,,,,,,,,,
2023-09-15,1872.0,3675.949951171875,1.3388178924996634,210.10319546512392,1661.896804534876,,0.4883060369161721,,,,,,,,,,,,,,,
2023-09-18,1884.449951171875,3659.89990234375,1.429162076147389,224.3915041115524,1660.0584470603226,,0.5326119110043592,,,,,,,,,,,,,,,
2023-09-20,1884.1500244140625,3685.25,1.3638227073764242,214.08537807929636,1670.0646463347662,,0.5337060342497429,,,,,,,,,,,,,,,
2023-09-21,1874.4000244140625,3651.85009765625,1.3474404728534264,211.65202924639905,1662.7479951676637,,0.4830537402384939,,,,,,,,,,,,,,,
2023-09-22,1850.4000244140625,3550.64990234375,1.371137960350675,215.65362379298404,1634.7464006210785,,0.4690891837377481,,,,,,,,,,,,,,,
2023-09-25,1847.1500244140625,3555.949951171875,1.3281906301823214,208.84497501220997,1638.3050494018526,,0.4918955470782867,,,,,,,,,,,,,,,
2023-09-26,1832.5999755859373,3530.39990234375,1.2734039869788532,200.1485965957552,1632.4513789901823,,0.4759561675437237,,,,,,,,,,,,,,,
2023-09-27,1847.800048828125,3559.449951171875,1.3012850188250091,204.49613524688857,1643.3039135812364,,0.4452395087741477,,,,,,,,,,,,,,,
2023-09-28,1863.5999755859373,3524.800048828125,1.4583695767151337,229.31264543198745,1634.28733015395,,0.4820243373591444,,,,,,,,,,,,,,,
2023-09-29,1929.0999755859373,3605.89990234375,1.694004574278298,266.40135672353745,1662.6986188624,,0.5152111112803044,,,,,,,,,,,,,,,
2023-10-03,1880.25,3573.550048828125,1.4358201946206997,225.85388600386204,1654.396113996138,,0.5144337560333916,,,,,,,,,,,,,,,
2023-10-04,1864.1500244140625,3476.0,1.5258740273813212,240.1617871227395,1623.988237291323,,0.4911160167939017,,,,,,,,,,,,,,,
2023-10-05,1850.5999755859373,3457.5,1.4691843169255567,231.40490108904987,1619.1950744968876,,0.4800942339564419,,,,,,,,,,,,,,,
2023-10-06,1894.050048828125,3522.5,1.5923655507373458,250.84766148233484,1643.2023873457902,,0.518333238970163,,,,,,,,,,,,,,,
2023-10-09,1890.6500244140625,3551.550048828125,1.4935903348787694,235.29552391893253,1655.35450049513,,0.4964817504390486,,,,,,,,,,,,,,,
2023-10-10,1868.25,3585.75,1.2625792250661445,198.81378197596248,1669.4362180240375,,0.4220175463785272,,,,,,,,,,,,,,,
2023-10-11,1885.5,3539.75,1.4625928282411895,230.45868915720985,1655.0413108427902,,0.3964945491900581,,,,,,,,,,,,,,,
2023-10-12,1881.5,3594.949951171875,1.2979449402835586,204.34570391498687,1677.1542960850131,,0.3918792752488833,,,,,,,,,,,,,,,
2023-10-13,1895.5999755859373,3612.449951171875,1.331893991248884,209.4051750925223,1686.1948004934152,,0.3812569572881631,,,,,,,,,,,,,,,
2023-10-16,1912.3499755859373,3609.35009765625,1.4304730253953764,224.8127169796103,1687.5372586063272,,0.4866386823436088,,,,,,,,,,,,,,,
2023-10-17,1921.550048828125,3620.300048828125,1.4475467951603302,227.34675357304468,1694.2032952550803,,0.4066956331193541,,,,,,,,,,,,,,,
2023-10-18,1917.0,3632.89990234375,1.3740325951029686,215.8829384324936,1701.1170615675064,,0.2831870590183993,,,,,,,,,,,,,,,
2023-10-19,1919.199951171875,3615.85009765625,1.4154661034643117,222.2905305896184,1696.9094205822566,,0.2603287214996138,,,,,,,,,,,,,,,
2023-10-20,1891.5999755859373,3585.60009765625,1.30192490455855,203.9319611086976,1687.66801447724,,0.3431301456580047,,,,,,,,,,,,,,,
2023-10-23,1877.300048828125,3533.85009765625,1.331220108244431,207.97345181334092,1669.326597014784,,0.2690301010600868,,,,,,,,,,,,,,,
2023-10-25,1922.25,3585.35009765625,1.474743132460974,230.1168116763979,1692.133188323602,,0.2816724704166925,,,,,,,,,,,,,,,
2023-10-26,1889.6500244140625,3560.800048828125,1.3172365102890802,205.0318017361424,1684.61822267792,,0.2529996501459892,,,,,,,,,,,,,,,
2023-10-27,1920.6500244140625,3675.14990234375,1.1987555816729076,185.84607052123965,1734.8039538928228,,0.2359745928063727,,,,,,,,,,,,,,,
2023-10-30,1930.3499755859373,3691.75,1.200918246478024,185.59667626725104,1744.7532993186865,,0.3151334450786629,,,,,,,,,,,,,,,
2023-10-31,1924.25,3721.85009765625,1.063013118895732,163.71038158435113,1760.5396184156489,,0.2674983929501969,,,,,,,,,,,,,,,
2023-11-01,1920.050048828125,3722.64990234375,1.0192372849662246,156.6897225113787,1763.3603263167463,,0.1944655299994941,,,,,,,,,,,,,,,
2023-11-02,1927.4000244140625,3792.25,0.8561826846885975,131.15694008841774,1796.2430843256448,,0.1766853706115092,,,,,,,,,,,,,,,
2023-11-03,1960.4000244140625,3808.949951171875,1.0073948432509248,153.92500162620172,1806.4750227878608,,0.218223444793268,,,,,,,,,,,,,,,
2023-11-06,1966.5,3825.199951171875,0.9842323674793156,150.0383491041216,1816.4616508958784,,0.1598949339535622,,,,,,,,,,,,,,,
2023-11-07,1998.4000244140625,4027.35009765625,0.5841507434770844,88.40989909407494,1909.990125319988,,0.1158484478957405,,,,,,,,,,,,,,,
2023-11-08,2028.0999755859373,4232.7001953125,0.1493016794444754,22.389914576180672,2005.7100610097568,,0.11163193360624,,,,,,,,,,,,,,,
2023-11-09,2051.199951171875,4282.7001953125,0.1328288991843541,19.818427337909725,2031.3815238339653,,0.1540982492328604,,,,,,,,,,,,,,,
2023-11-10,2058.199951171875,4306.25,0.0953723668806543,14.187201858190749,2044.0127493136845,,0.1316908706105752,,,,,,,,,,,,,,,
2023-11-13,2066.0,4299.9501953125,0.1522254234103421,22.582149382257285,2043.4178506177427,,0.1895131340370465,,,,,,,,,,,,,,,
2023-11-15,2054.60009765625,4344.9501953125,-0.0625069314050711,-9.248261168790576,2063.8483588250406,0.0,0.1894766163048885,,,,,,,,,,,,,,,
2023-11-16,2039.550048828125,4361.25,-0.2116691296961797,-31.26331758149809,2070.813366409623,,0.193812647786661,,,,,,,,,,,,,,,
2023-11-17,2082.35009765625,4448.4501953125,-0.1880120642506123,-27.67005461709596,2110.020152273346,,0.2541654662410052,,,,,,,,,,,,,,,
2023-11-20,2110.75,4390.5498046875,0.1773848171120362,26.14724175975607,2084.602758240244,,0.2041749481166977,,,,,,,,,,,,,,,
2023-11-21,2119.64990234375,4488.2998046875,-0.0730974470871585,-10.73402167519498,2130.383924018945,,0.2196284036644947,,,,,,,,,,,,,,,
2023-11-22,2111.550048828125,4530.9501953125,-0.2595076100616438,-38.0400940360164,2149.5901428641414,,0.1941881036683699,,,,,,,,,,,,,,,
2023-11-23,2106.550048828125,4521.14990234375,-0.2661627776985961,-38.97784284274849,2145.527891670873,,0.2214374530152839,,,,,,,,,,,,,,,
2023-11-24,2090.800048828125,4557.7998046875,-0.4771249429312158,-69.77172970846823,2160.571778536593,,0.2152340728562456,,,,,,,,,,,,,,,
2023-11-28,2079.0,4554.2001953125,-0.5354251382520916,-78.25112824605867,2157.2511282460587,,0.2338455724012457,,,,,,,,,,,,,,,
2023-11-29,2091.85009765625,4567.25,-0.4771650394000382,-69.68293350224758,2161.5330311584976,,0.224400650449592,,,,,,,,,,,,,,,
2023-11-30,2126.550048828125,4723.5498046875,-0.7022985252638378,-102.11928507617633,2228.6693339043013,,0.2806383216105749,,,,,,,,,,,,,,,
2023-12-01,2151.25,4647.89990234375,-0.2907098745123819,-42.363400855110285,2193.6134008551103,,0.2673210176245324,,,,,,,,,,,,,,,
2023-12-04,2133.60009765625,4613.14990234375,-0.2974950630764243,-43.40017891779826,2177.0002765740483,,0.2607480939059606,,,,,,,,,,,,,,,
2023-12-05,2100.0,4652.85009765625,-0.6322113390169173,-92.1818201714359,2192.181820171436,,0.2780749392946862,,,,,,,,,,,,,,,
2023-12-06,2079.949951171875,4725.7998046875,-0.9615166041944602,-140.10271449656284,2220.052665668438,,0.2966247369792433,,,,,,,,,,,,,,,
2023-12-07,2100.550048828125,4889.5,-1.26938151055062,-184.5299254786314,2285.0799743067564,,0.3425426339851554,,,,,,,,,,,,,,,
2023-12-08,2053.449951171875,4796.0498046875,-1.2642519264926213,-184.55353562176288,2238.003486793638,,0.3545721185305871,,,,,,,,,,,,,,,
2023-12-11,2078.35009765625,4725.25,-0.8563284336418899,-125.32029858065516,2203.670396236905,,0.3013088371241146,,,,,,,,,,,,,,,
2023-12-12,2048.0,4795.2001953125,-1.2299057114584315,-180.0119751911775,2228.011975191177,,0.3444893484935962,,,,,,,,,,,,,,,
2023-12-13,2079.10009765625,4885.35009765625,-1.2369825371374217,-180.998480618543,2260.098578274793,,0.3542182816532132,,,,,,,,,,,,,,,
2023-12-14,2103.39990234375,4857.2001953125,-0.9563770328561948,-140.19159400921535,2243.5914963529654,,0.311363889262317,,,,,,,,,,,,,,,
2023-12-15,2093.35009765625,4919.35009765625,-1.1632519008551518,-170.53561983147938,2263.8857174877294,,0.3363370243727614,,,,,,,,,,,,,,,
2023-12-18,2144.199951171875,4903.25,-0.747172490915848,-109.63965661554448,2253.8396077874195,,0.3091020409765206,,,,,,,,,,,,,,,
2023-12-19,2170.550048828125,4936.64990234375,-0.6414253447124385,-94.12708398534323,2264.677132813468,,0.274651722623614,,,,,,,,,,,,,,,
2023-12-20,2147.050048828125,4877.35009765625,-0.6185580965150342,-90.88277939986392,2237.932828227989,,0.3023374150268201,,,,,,,,,,,,,,,
2023-12-21,2195.199951171875,4909.89990234375,-0.372401600124351,-54.69468839121191,2249.894639563087,,0.2846330028515321,,,,,,,,,,,,,,,
2023-12-22,2222.5,4914.39990234375,-0.1954859672734517,-28.710381189670898,2251.210381189671,,0.2823067195983512,,,,,,,,,,,,,,,
2023-12-26,2282.300048828125,4972.5,0.0462112491734758,6.780308953257645,2275.519739874868,,0.258459141482565,,,,,,,,,,,,,,,
2023-12-27,2263.75,5075.2998046875,-0.3604371363627107,-52.77614597706361,2316.526145977064,,0.2861025786354404,,,,,,,,,,,,,,,
2023-12-28,2255.60009765625,5126.35009765625,-0.5430697193552003,-79.48273972448396,2335.082837380734,,0.2857456740842558,,,,,,,,,,,,,,,
2023-12-29,2305.550048828125,5202.60009765625,-0.4038791456816559,-59.04072446447526,2364.5907732926003,,0.2729951309990376,,,,,,,,,,,,,,,
2024-01-01,2296.300048828125,5120.0,-0.2342095910484965,-34.290180399425026,2330.59022922755,,0.2664181568140066,,,,,,,,,,,,,,,
2024-01-02,2322.199951171875,5186.0,-0.2365352337400233,-34.58886843049504,2356.78881960237,,0.2333761267562707,,,,,,,,,,,,,,,
2024-01-03,2351.39990234375,5240.5,-0.1893082438848046,-27.63564043087763,2379.035542774628,,0.2241223617666739,,,,,,,,,,,,,,,
2024-01-04,2371.699951171875,5269.4501953125,-0.1341223958507195,-19.552009746722888,2391.251960918598,,0.2060131166010507,,,,,,,,,,,,,,,
2024-01-05,2350.10009765625,5238.60009765625,-0.1999896369921439,-29.13228388673042,2379.2323815429804,,0.2077999417050451,,,,,,,,,,,,,,,
2024-01-08,2324.60009765625,5203.5498046875,-0.2778724082308509,-40.449941157249214,2365.050038813499,,0.2254726533651538,,,,,,,,,,,,,,,
2024-01-09,2337.89990234375,5178.5498046875,-0.1207594018108635,-17.56808926927806,2355.467991613028,,0.2312727929647507,,,,,,,,,,,,,,,
2024-01-10,2352.89990234375,5119.7998046875,0.1360049222202802,19.78634805729644,2333.1135542864536,,0.2508837510116449,,,,,,,,,,,,,,,
2024-01-11,2468.949951171875,5057.75,1.075308766080557,156.68064769639614,2312.269303475479,,0.2945071267758645,,,,,,,,,,,,,,,
2024-01-12,2468.75,5048.7001953125,1.070545818835689,156.13579570548336,2312.6142042945166,,0.3110936305195318,,,,,,,,,,,,,,,
2024-01-15,2475.14990234375,5037.60009765625,1.117736598170366,163.24285962404974,2311.9070427197003,,0.3172913756074022,,,,,,,,,,,,,,,
2024-01-16,2449.699951171875,5060.60009765625,0.8575750083315339,125.30130065529328,2324.3986505165817,,0.2828230462899685,,,,,,,,,,,,,,,
2024-01-17,2472.199951171875,5056.14990234375,0.9996266684327384,146.19645584003865,2326.0034953318363,,0.2808704117057857,,,,,,,,,,,,,,,
2024-01-18,2462.550048828125,4933.85009765625,1.2524044333084512,183.63838264310837,2278.9116661850167,,0.3062120227265778,,,,,,,,,,,,,,,
2024-01-19,2463.85009765625,4964.2998046875,1.1501307154505067,168.7261581980215,2295.1239394582285,,0.3149698695711703,,,,,,,,,,,,,,,
2024-01-23,2493.35009765625,4815.7001953125,1.7406636954978778,256.5094619734491,2236.840635682801,,0.2582578977468913,,,,,,,,,,,,,,,
2024-01-24,2507.050048828125,4999.60009765625,1.2850987406429326,188.6260187648381,2318.424030063287,,0.1524193959439535,,,,,,,,,,,,,,,
2024-01-25,2473.39990234375,4971.75,1.1164119909528127,163.37701891828146,2310.0228834254685,,0.0912559801696583,,,,,,,,,,,,,,,
2024-01-29,2437.89990234375,4975.35009765625,0.8461270172831402,123.15549434554032,2314.7444079982097,,0.0807174287533711,,,,,,,,,,,,,,,
2024-01-30,2473.14990234375,4946.2998046875,1.1528388015641164,167.08453565644004,2306.06536668731,,0.1085613380328405,,,,,,,,,,,,,,,
2024-01-31,2531.10009765625,4996.0498046875,1.3799784421515242,199.22665599155837,2331.873441664692,,0.1100123615907805,,,,,,,,,,,,,,,
2024-02-01,2512.5,4854.75,1.645924855727923,237.2303106295253,2275.2696893704747,,0.1267549854440459,,,,,,,,,,,,,,,
2024-02-02,2525.64990234375,4917.7001953125,1.5246982044858075,218.84744766434324,2306.8024546794068,,0.0894052392891845,,,,,,,,,,,,,,,
2024-02-05,2643.699951171875,4924.0498046875,2.29060901168918,328.2890469663157,2315.4109042055597,1.0,0.1537625860644007,,,,,,,,,,,,,,,
2024-02-06,2610.75,5065.2001953125,1.603755513299774,228.4845557864851,2382.265444213515,,0.1150758244430085,,,,,,,,,,,,,,,
2024-02-07,2649.35009765625,5127.85009765625,1.6523675814901566,234.08646965689783,2415.263627999352,,0.1518601339521458,,,,,,,,,,,,,,,
2024-02-08,2645.89990234375,5311.14990234375,1.0337274439714554,145.20459846898257,2500.6953038747674,,0.1272402157475671,,,,,,,,,,,,,,,
2024-02-09,2657.35009765625,5327.89990234375,1.0416045164696823,145.47256051936438,2511.8775371368856,,0.1171307103619896,,,,,,,,,,,,,,,
2024-02-12,2619.64990234375,5149.35009765625,1.321032797961879,183.97918293781368,2435.6707194059363,,0.0968712921145745,,,,,,,,,,,,,,,
2024-02-13,2621.75,5293.4501953125,0.8584437420522993,118.74109838948834,2503.008901610512,,0.0815255641804215,,,,,,,,,,,,,,,
2024-02-14,2604.25,5237.7998046875,0.8977256740040813,123.69210002402588,2480.557899975974,,0.0952667170140033,,,,,,,,,,,,,,,
2024-02-15,2577.85009765625,5310.5498046875,0.4605161247442569,63.02479309688943,2514.8253045593606,,0.0762256296603834,,,,,,,,,,,,,,,
2024-02-16,2639.449951171875,5444.60009765625,0.4613480847647812,62.79820617947007,2576.651744992405,,0.0789251235771048,,,,,,,,,,,,,,,
2024-02-19,2615.0,5471.85009765625,0.1883235644497703,25.51686962645272,2589.4831303735477,,0.0423103031226235,,,,,,,,,,,,,,,
2024-02-20,2644.64990234375,5402.85009765625,0.6260663471434562,84.66050939175238,2559.9893929519976,,0.0598103660563021,,,,,,,,,,,,,,,
2024-02-21,2603.0,5415.5,0.2719822456554879,36.68231703981292,2566.317682960187,,0.0564038578471839,,,,,,,,,,,,,,,
2024-02-22,2608.0,5423.2001953125,0.2807381404309195,37.77149475361375,2570.2285052463862,,0.0478994112001203,,,,,,,,,,,,,,,
2024-02-23,2626.949951171875,5421.14990234375,0.4220160258794574,56.59187934224019,2570.358071829635,,0.0313762680230148,,,,,,,,,,,,,,,
2024-02-26,2624.10009765625,5061.85009765625,1.5851670996102236,213.17949162099148,2410.9206060352585,,0.1989939544307319,,,,,,,,,,,,,,,
2024-02-27,2625.949951171875,5044.0498046875,1.636811673197846,220.2435602043888,2405.706390967486,,0.2228278481557766,,,,,,,,,,,,,,,
2024-02-28,2613.10009765625,4990.25,1.7001208251755389,229.0838980171661,2384.016199639084,,0.2354377151773735,,,,,,,,,,,,,,,
2024-02-29,2666.10009765625,5127.35009765625,1.608878268365932,216.74150141732932,2449.3585962389207,,0.2164075611261601,,,,,,,,,,,,,,,
2024-03-01,2668.64990234375,5112.89990234375,1.6554285230770212,222.922213068171,2445.727689275579,,0.2100105455898163,,,,,,,,,,,,,,,
2024-03-04,2690.85009765625,5124.89990234375,1.755443452467948,236.45970000714576,2454.390397649104,,0.2256282480694185,,,,,,,,,,,,,,,
2024-03-05,2661.949951171875,5100.35009765625,1.6034939614370052,216.048205710928,2445.901745460947,,0.2246877513599183,,,,,,,,,,,,,,,
2024-03-06,2691.199951171875,5212.4501953125,1.418934181330986,190.8642094148504,2500.3357417570246,,0.1726574967501327,,,,,,,,,,,,,,,
2024-03-07,2664.800048828125,5144.2998046875,1.4374177224369498,193.23946542514705,2471.560583402978,,0.1714293349368704,,,,,,,,,,,,,,,
2024-03-11,2697.800048828125,5157.25,1.616588284055516,217.2049356000448,2480.59511322808,,0.1157654261691557,,,,,,,,,,,,,,,
2024-03-12,2673.949951171875,5056.7998046875,1.762366194991134,237.10042866389583,2436.849522507979,,0.097221335608246,,,,,,,,,,,,,,,
2024-03-13,2663.949951171875,4945.64990234375,2.046897318506121,275.8319250765171,2388.118026095358,,0.1068193004280838,,,,,,,,,,,,,,,
2024-03-14,2690.39990234375,4985.35009765625,2.0796055400862525,280.47722459944134,2409.9226777443087,,0.1157038103255727,,,,,,,,,,,,,,,
2024-03-15,2594.449951171875,4985.35009765625,1.3560996410173398,182.13863454695093,2412.311316624924,,0.0364561428978443,,,,,,,,,,,,,,,
2024-03-18,2569.64990234375,4975.64990234375,1.1952166916238898,159.62995167988993,2410.01995066386,,0.027536552466161,,,,,,,,,,,,,,,
2024-03-19,2501.5,4871.7998046875,1.04171078392622,138.284618357593,2363.215381642407,,0.0275591248247593,,,,,,,,,,,,,,,
2024-03-20,2518.949951171875,4784.14990234375,1.4740267070648996,194.7897703791914,2324.160180792684,,0.0340736946613288,,,,,,,,,,,,,,,
2024-03-21,2554.39990234375,4795.9501953125,1.69121522406826,222.02046192630723,2332.3794404174428,,0.0391430909567783,,,,,,,,,,,,,,,
2024-03-22,2559.800048828125,4789.75,1.74605417939488,227.73407025154347,2332.065978576581,,0.0731513316870267,,,,,,,,,,,,,,,
2024-03-26,2570.5,5002.14990234375,1.0465807032864225,135.25648098816464,2435.243519011836,,0.0118209391183439,,,,,,,,,,,,,,,
2024-03-27,2572.39990234375,5004.2001953125,1.0445063809278252,133.91706690973297,2438.482835434017,,0.0137617345300653,,,,,,,,,,,,,,,
2024-03-28,2600.60009765625,4942.0,1.4854019131053753,189.21765163612736,2411.382446020122,,0.0461693837047004,,,,,,,,,,,,,,,
2024-04-01,2675.35009765625,5009.0498046875,1.805998503333792,229.2161272070266,2446.1339704492234,,0.0574066383973742,,,,,,,,,,,,,,,
2024-04-02,2668.550048828125,4955.35009765625,1.936831233564389,245.48919522326375,2423.060853604861,,0.0835799949690426,,,,,,,,,,,,,,,
2024-04-03,2588.64990234375,4894.64990234375,1.5260653160582114,192.63097491506232,2396.018927428688,,0.036356976500751,,,,,,,,,,,,,,,
2024-04-04,2537.550048828125,4866.10009765625,1.2239819856908831,153.51250649813983,2384.037542329985,,0.023710078612754,,,,,,,,,,,,,,,
2024-04-05,2577.10009765625,4912.64990234375,1.3537422349788957,168.71088344085456,2408.3892142153954,,0.0160872039461928,,,,,,,,,,,,,,,
2024-04-08,2597.300048828125,4888.35009765625,1.5993781801191498,198.593052262574,2398.706996565551,,0.0441169567530505,,,,,,,,,,,,,,,
2024-04-09,2578.10009765625,4882.60009765625,1.458651732771624,180.29497825852692,2397.805119397723,,0.0260037019533834,,,,,,,,,,,,,,,
2024-04-10,2578.949951171875,4824.5,1.682222973383171,207.3255068896324,2371.6244442822426,,0.0169208664544949,,,,,,,,,,,,,,,
2024-04-12,2577.699951171875,4735.2001953125,2.0076801006034306,247.38064305532043,2330.3193081165546,,0.0362052160019525,,,,,,,,,,,,,,,
2024-04-15,2519.85009765625,4715.64990234375,1.6059430050778123,197.40046847894016,2322.44962917731,,0.0349057134365747,,,,,,,,,,,,,,,
2024-04-16,2537.60009765625,4734.2998046875,1.6662667387480798,204.5149267800948,2333.085170876155,,0.0309473962107104,,,,,,,,,,,,,,,
2024-04-18,2546.85009765625,4650.85009765625,2.0574697741051264,252.58248170264412,2294.267615953606,,0.0424428904340143,,,,,,,,,,,,,,,
2024-04-19,2539.39990234375,4616.35009765625,2.119883453852576,260.17595390161205,2279.223948442138,,0.0466786935380893,,,,,,,,,,,,,,,
2024-04-22,2591.89990234375,4745.7001953125,2.0232135829706968,247.6857895280341,2344.214112815716,,0.0457662341528068,,,,,,,,,,,,,,,
2024-04-23,2637.39990234375,4704.39990234375,2.5384330720223742,311.2485045054186,2326.1513978383314,,0.1095581372735367,,,,,,,,,,,,,,,
2024-04-24,2686.449951171875,4720.9501953125,2.8440410550014086,349.82713280405414,2336.622818367821,,0.2813784073478633,,,,,,,,,,,,,,,
2024-04-25,2694.300048828125,4867.64990234375,2.306197980022377,283.4886030924299,2410.811445735695,,0.1851663673917318,,,,,,,,,,,,,,,
2024-04-26,2691.0,4910.39990234375,2.0910556146997568,257.08521151529976,2433.9147884847,,0.1728814142518591,,,,,,,,,,,,,,,
2024-04-29,2687.449951171875,4883.5,2.1492564144689545,264.75034943513265,2422.6996017367424,,0.2030282843994458,,,,,,,,,,,,,,,
2024-04-30,2642.550048828125,4833.0498046875,1.9710318014078847,242.94331276621236,2399.6067360619127,,0.1455546423024433,,,,,,,,,,,,,,,
2024-05-02,2670.0,4787.7998046875,2.354739036075025,290.8043643038732,2379.195635696127,,0.1376197217396819,,,,,,,,,,,,,,,
2024-05-03,2734.699951171875,4904.0,2.391803311406897,295.8632092262833,2438.836741945592,,0.1473634584130312,,,,,,,,,,,,,,,
2024-05-06,2717.199951171875,5148.9501953125,1.2621025725091282,155.70988766143728,2561.4900635104377,,0.0574355726779453,,,,,,,,,,,,,,,
2024-05-07,2619.35009765625,5117.9501953125,0.5920319668566041,72.80272282199894,2546.547374834251,,0.0327911751652827,,,,,,,,,,,,,,,
2024-05-08,2587.550048828125,5163.89990234375,0.149986068111119,18.39452517454265,2569.1555236535823,,0.0223805314738313,,,,,,,,,,,,,,,
2024-05-09,2524.35009765625,5067.60009765625,0.0260102790365358,3.1836595147410662,2521.166438141509,,0.0180044644426241,,,,,,,,,,,,,,,
2024-05-10,2599.89990234375,5128.89990234375,0.3964304446722686,48.35261854831151,2551.5472837954385,,0.0171210493595453,,,,,,,,,,,,,,,
2024-05-13,2604.60009765625,5210.4501953125,0.1065497942012023,12.968026548621763,2591.632071107628,,0.0150174435679456,,,,,,,,,,,,,,,
2024-05-14,2630.64990234375,5183.2001953125,0.4305124149310983,52.32169349173955,2578.3282088520104,,0.0205178960122152,,,,,,,,,,,,,,,
2024-05-15,2648.949951171875,5246.9501953125,0.3220293759231685,39.07499010316769,2609.8749610687078,,0.0331925557342436,,,,,,,,,,,,,,,
2024-05-16,2699.949951171875,5318.0498046875,0.4518944888791502,54.73478390332048,2645.2151672685545,,0.0359711193810765,,,,,,,,,,,,,,,
2024-05-17,2698.699951171875,5437.7001953125,-0.0417397808723388,-5.043069405344795,2703.74302057722,0.0,0.0290446504665413,,,,,,,,,,,,,,,
2024-05-21,2681.699951171875,5333.14990234375,0.2446267651828187,29.517647846366344,2652.1823033255087,,0.0224171266496821,,,,,,,,,,,,,,,
2024-05-22,2663.75,5304.25,0.2151924069099403,25.90906215638597,2637.840937843614,,0.0230033475916161,,,,,,,,,,,,,,,
2024-05-23,2692.89990234375,5456.25,-0.15896112987942,-19.08332069805056,2711.983223041801,,0.0225170416472595,,,,,,,,,,,,,,,
2024-05-24,2612.550048828125,5451.64990234375,-0.797494600797184,-95.6138651364622,2708.163913964587,,0.0179571757687016,,,,,,,,,,,,,,,
2024-05-27,2655.25,5337.2998046875,0.0274762080768445,3.295465516128843,2651.954534483871,,0.01744542620606,,,,,,,,,,,,,,,
2024-05-28,2666.699951171875,5313.85009765625,0.2174653797991763,26.08218529492342,2640.617765876952,,0.0176460850745438,,,,,,,,,,,,,,,
2024-05-29,2714.199951171875,5262.4501953125,0.8168963895240235,98.00324004447884,2616.196711127396,,0.0188086516864791,,,,,,,,,,,,,,,
2024-05-30,2658.050048828125,4946.7998046875,1.6264256693164223,195.56676374319383,2462.483285084931,,0.0314655909300282,,,,,,,,,,,,,,,
