Dates,ALKEM.NS Y,AUROPHARMA.NS X,Standard Residual,Residual,Y Predicted,Signal,Coint,Trades,Investments,Net Investments,Effective Margin of AUROPHARMA.NS X,Effective Margin of ALKEM.NS Y,Trade Length,Percentage Return,Profit,Net Percentage Return,Long Profit,Short Profit,Effective Investment of ALKEM.NS X,Effective Investment of ALKEM.NS Y,Multiplier X,Multiplier Y
06-01-2023,3031.350098,442.0499878,-0.821253815,-261.1686777,3292.518775,,0.513640849,1,7016.25,70.1625,34.65600098,35.50649902,27,3.403531701,238.800293,340.3531701,171.2001953,67.60009766,3465.600098,3550.649902,4.0,1.0
09-01-2023,3049.899902,441.5499878,-0.756707086,-240.738118,3290.63802,,0.511900128,2,8915.450134,89.15450134,46.82749939,42.32700195,21,-2.46537953,-219.7996826,-246.537953,437.0001221,-656.7998047,4682.749939,4232.700195,5.0,1.0
10-01-2023,3079.5,450.0,-0.653874139,-208.1214611,3287.621461,,0.504107767,,,,,,,,,,,,,,,
11-01-2023,3044.449951,447.5499878,-0.759290519,-241.7881604,3286.238112,,0.514728964,,,,,,,,,,,,,,,
12-01-2023,3061.300049,446.3500061,-0.701512654,-223.4765301,3284.776579,,0.497719736,,,,,,,,,,,,,,,
13-01-2023,3025.25,435.1499939,-0.81337755,-259.170383,3284.420383,,0.512484463,,,,,,,,,,,,,,,
16-01-2023,3039.699951,446.5,-0.756661208,-241.2300366,3280.929988,,0.513433884,,,,,,,,,,,,,,,
17-01-2023,3034.75,442.7999878,-0.767744117,-244.8575491,3279.607549,,0.513045124,Individual Breakup,,Lot ALKEM.NS Y,Lot  AUROPHARMA.NS X,Total Profit,Total Trade,,,,,,,,,
18-01-2023,3059.199951,444.0,-0.685325654,-218.6403669,3277.840318,,0.495056269,Margin of AUROPHARMA.NS X,Margin of ALKEM.NS Y,1,1,19.00061035,2,,,,,,,,,
19-01-2023,3033.149902,445.2000122,-0.760430493,-242.6732277,3275.82313,,0.524842109,1,1,,,,,,,,,,,,,
20-01-2023,3032.399902,444.7000122,-0.756873362,-241.6566998,3274.056602,,0.513420598,,,,,,,,,,,,,,,
23-01-2023,3046.300049,445.8500061,-0.707066898,-225.8154516,3272.1155,,0.508089516,,,,,,,,,,,,,,,
24-01-2023,3009.25,438.25,-0.818908392,-261.6107398,3270.86074,,0.507730389,,,,,,,,,,,,,,,
25-01-2023,3020.199951,417.75,-0.784286698,-250.5027521,3270.702703,,0.481037699,,,,,,,,,,,,,,,
27-01-2023,3000.699951,416.3500061,-0.83781784,-267.5816792,3268.28163,,0.467451686,,,,,,,,,,,,,,,
30-01-2023,3001.5,411.3500061,-0.828528348,-264.5048555,3266.004855,,0.485666189,,,,,,,,,,,,,,,
31-01-2023,3011.300049,408.1499939,-0.790779061,-252.3971846,3263.697233,,0.496070989,,,,,,,,,,,,,,,
01-02-2023,3030.449951,412.7000122,-0.722781082,-230.6934242,3261.143375,,0.473251159,,,,,,,,,,,,,,,
02-02-2023,3076.050049,410.0499878,-0.574032521,-183.1213025,3259.171351,,0.435243353,,,,,,,,,,,,,,,
03-02-2023,3051.25,404.2000122,-0.645091549,-205.6322164,3256.882216,,0.425902996,,,,,,,,,,,,,,,
06-02-2023,3068.300049,415.0,-0.583365586,-185.8188056,3254.118854,,0.424014063,,,,,,,,,,,,,,,
07-02-2023,3069.550049,418.6499939,-0.572334046,-182.1527046,3251.702753,,0.423390263,,,,,,,,,,,,,,,
08-02-2023,3180.800049,445.0499878,-0.21806587,-69.35134799,3250.151397,,0.382148181,,,,,,,,,,,,,,,
09-02-2023,3230.449951,440.9500122,-0.059394075,-18.86122607,3249.311177,,0.385396737,,,,,,,,,,,,,,,
10-02-2023,3292.699951,468.8500061,0.138072059,43.80825858,3248.891693,,0.377622684,,,,,,,,,,,,,,,
13-02-2023,3266.050049,472.6499939,0.05570284,17.64985397,3248.400195,,0.337845477,,,,,,,,,,,,,,,
14-02-2023,3280.300049,472.7999878,0.102277249,32.34544424,3247.954605,,0.351499497,,,,,,,,,,,,,,,
15-02-2023,3313.850098,474.0,0.209244483,66.06330883,3247.786789,,0.373005328,,,,,,,,,,,,,,,
16-02-2023,3307.649902,479.8999939,0.189557256,59.76630332,3247.883599,,0.29719951,,,,,,,,,,,,,,,
17-02-2023,3261.949951,473.2999878,0.045823018,14.40973002,3247.540221,,0.266792572,,,,,,,,,,,,,,,
20-02-2023,3276.050049,464.8999939,0.092270685,28.92753927,3247.12251,,0.290117898,,,,,,,,,,,,,,,
21-02-2023,3255.649902,460.0,0.028884289,9.03141677,3246.618486,,0.265638973,,,,,,,,,,,,,,,
22-02-2023,3276.399902,470.25,0.094586181,29.4927935,3246.907109,,0.254073474,,,,,,,,,,,,,,,
23-02-2023,3275.5,467.6000061,0.092894509,28.87486731,3246.625133,,0.326842917,,,,,,,,,,,,,,,
24-02-2023,3297.350098,469.25,0.163502736,50.72045543,3246.629642,,0.382741971,,,,,,,,,,,,,,,
27-02-2023,3272.600098,458.2000122,0.08693615,26.92829508,3245.671803,,0.334927675,,,,,,,,,,,,,,,
28-02-2023,3175.0,462.75,-0.227154925,-70.23023853,3245.230239,,0.324039821,,,,,,,,,,,,,,,
01-03-2023,3119.199951,463.6499939,-0.405436325,-125.1076032,3244.307554,,0.296505301,,,,,,,,,,,,,,,
02-03-2023,3126.5,462.8999939,-0.379553775,-116.8321868,3243.332187,,0.293156451,,,,,,,,,,,,,,,
03-03-2023,3159.199951,459.9500122,-0.270629841,-83.08880212,3242.288753,,0.275462429,,,,,,,,,,,,,,,
06-03-2023,3157.449951,466.8500061,-0.277156134,-84.87012183,3242.320073,,0.247828356,,,,,,,,,,,,,,,
08-03-2023,3141.5,462.0499878,-0.325903766,-99.4816362,3240.981636,,0.271352006,,,,,,,,,,,,,,,
09-03-2023,3163.800049,457.5,-0.249664115,-75.99213577,3239.792185,,0.202839501,,,,,,,,,,,,,,,
10-03-2023,3145.850098,453.5,-0.305843365,-92.72783275,3238.57793,,0.178856126,,,,,,,,,,,,,,,
13-03-2023,3066.649902,448.6499939,-0.563248116,-170.0592817,3236.709184,,0.165873647,,,,,,,,,,,,,,,
14-03-2023,3086.800049,450.4500122,-0.496002718,-149.0695846,3235.869633,,0.159066185,,,,,,,,,,,,,,,
15-03-2023,3079.850098,458.3500061,-0.523009998,-156.4764353,3236.326533,,0.150649785,,,,,,,,,,,,,,,
16-03-2023,3155.050049,473.25,-0.279746241,-83.29233037,3238.342379,,0.132283604,,,,,,,,,,,,,,,
17-03-2023,3113.25,477.7999878,-0.422764162,-125.2388988,3238.488899,,0.115645165,,,,,,,,,,,,,,,
20-03-2023,3115.199951,474.2999878,-0.413890729,-121.9157191,3237.11567,,0.096246672,,,,,,,,,,,,,,,
21-03-2023,3116.600098,467.9500122,-0.404497348,-118.4044876,3235.004585,,0.131586889,,,,,,,,,,,,,,,
22-03-2023,3213.199951,478.75,-0.081562498,-23.75137631,3236.951327,,0.123970766,,,,,,,,,,,,,,,
23-03-2023,3149.75,486.1499939,-0.304651899,-88.26178893,3238.011789,,0.178158571,,,,,,,,,,,,,,,
24-03-2023,3153.75,500.4500122,-0.301252799,-86.93966128,3240.689661,,0.192360858,,,,,,,,,,,,,,,
27-03-2023,3227.949951,511.3999939,-0.052477819,-15.08885376,3243.038805,,0.185902452,,,,,,,,,,,,,,,
28-03-2023,3240.800049,511.4500122,-0.007487623,-2.144724095,3242.944773,,0.137173572,,,,,,,,,,,,,,,
29-03-2023,3300.300049,509.6499939,0.2025411,57.73335996,3242.566689,,0.141025645,,,,,,,,,,,,,,,
31-03-2023,3396.100098,518.0999756,0.532085729,150.9982855,3245.101812,,0.144954905,,,,,,,,,,,,,,,
03-04-2023,3399.800049,520.3499756,0.544326627,153.7687676,3246.031281,,0.12660059,,,,,,,,,,,,,,,
05-04-2023,3408.800049,521.5,0.576707537,162.1045548,3246.695494,,0.201949107,,,,,,,,,,,,,,,
06-04-2023,3405.649902,535.0999756,0.552579107,154.8157917,3250.834111,,0.142764112,,,,,,,,,,,,,,,
10-04-2023,3372.550049,540.75,0.429296647,119.7084049,3252.841644,,0.136931093,,,,,,,,,,,,,,,
11-04-2023,3331.550049,542.6500244,0.280546603,77.85113173,3253.698917,,0.124997212,,,,,,,,,,,,,,,
12-04-2023,3340.600098,561.5999756,0.291518388,80.5000332,3260.100064,,0.136756356,,,,,,,,,,,,,,,
13-04-2023,3345.050049,565.9500122,0.302576784,83.16448872,3261.88556,,0.104132489,,,,,,,,,,,,,,,
17-04-2023,3332.350098,558.5499878,0.26617607,72.74522061,3259.604877,,0.088720842,,,,,,,,,,,,,,,
18-04-2023,3366.850098,577.4500122,0.368551053,100.1276741,3266.722424,,0.113847162,,,,,,,,,,,,,,,
19-04-2023,3341.699951,587.3499756,0.26204861,70.81806467,3270.881887,,0.094418475,,,,,,,,,,,,,,,
20-04-2023,3355.899902,580.75,0.324049781,87.06370755,3268.836195,,0.103949623,,,,,,,,,,,,,,,
21-04-2023,3409.0,588.0999756,0.510697301,136.4858607,3272.514139,,0.086676914,,,,,,,,,,,,,,,
24-04-2023,3428.800049,589.6500244,0.58271658,154.8073441,3273.992705,,0.087004564,,,,,,,,,,,,,,,
25-04-2023,3421.449951,600.5,0.537026453,141.8141859,3279.635765,,0.072230174,,,,,,,,,,,,,,,
26-04-2023,3426.850098,613.4500122,0.534587705,140.251986,3286.598112,,0.062199814,,,,,,,,,,,,,,,
27-04-2023,3435.5,617.4500122,0.559434019,145.7538072,3289.746193,,0.060281388,,,,,,,,,,,,,,,
28-04-2023,3509.899902,617.0,0.845756482,218.8959284,3291.003974,,0.08228899,,,,,,,,,,,,,,,
02-05-2023,3518.449951,617.2999878,0.877760091,225.8366117,3292.613339,,0.112999765,,,,,,,,,,,,,,,
03-05-2023,3517.149902,616.5499878,0.873389199,223.6146127,3293.53529,,0.089633468,,,,,,,,,,,,,,,
04-05-2023,3480.25,612.5,0.737151923,187.6255246,3292.624475,,0.099196648,,,,,,,,,,,,,,,
05-05-2023,3465.800049,599.0499878,0.70933398,179.5837715,3286.216277,,0.154215048,,,,,,,,,,,,,,,
08-05-2023,3513.300049,618.9500122,0.85080704,214.6731658,3298.626883,,0.167068465,,,,,,,,,,,,,,,
09-05-2023,3618.050049,614.1500244,1.274697215,320.8636442,3297.186405,,0.175731535,,,,,,,,,,,,,,,
10-05-2023,3585.850098,618.7999878,1.133925598,284.4800404,3301.370057,,0.024551303,,,,,,,,,,,,,,,
11-05-2023,3497.649902,606.4000244,0.811756568,202.7925908,3294.857311,,0.022134279,,,,,,,,,,,,,,,
12-05-2023,3408.800049,609.2000122,0.447422107,111.2108372,3297.589212,,0.016090141,,,,,,,,,,,,,,,
15-05-2023,3425.649902,613.6500244,0.501975542,124.0452701,3301.604632,,0.017160044,,,,,,,,,,,,,,,
16-05-2023,3413.649902,641.4500122,0.374238176,91.93699946,3321.712903,,0.020597991,,,,,,,,,,,,,,,
17-05-2023,3383.949951,619.5999756,0.311449843,76.05667221,3307.893279,,0.025289198,,,,,,,,,,,,,,,
18-05-2023,3326.300049,599.7999878,0.130624027,31.71097417,3294.589075,,0.055366076,,,,,,,,,,,,,,,
19-05-2023,3302.100098,590.0499878,0.058570484,14.12918989,3287.970908,,0.070911304,,,,,,,,,,,,,,,
22-05-2023,3252.25,602.75,-0.1920073,-45.91170451,3298.161705,,0.070425607,,,,,,,,,,,,,,,
23-05-2023,3257.899902,603.5,-0.175350097,-41.57161741,3299.47152,,0.062556522,,,,,,,,,,,,,,,
24-05-2023,3310.100098,603.7000122,0.04088313,9.603334622,3300.496763,,0.047897334,,,,,,,,,,,,,,,
25-05-2023,3324.399902,605.0,0.094080216,21.90301929,3302.496883,,0.045631815,,,,,,,,,,,,,,,
26-05-2023,3345.850098,614.8499756,0.146384704,33.80892767,3312.04117,,0.023175857,,,,,,,,,,,,,,,
29-05-2023,3348.449951,611.2999878,0.167931166,38.58302228,3309.866929,,0.023781626,,,,,,,,,,,,,,,
30-05-2023,3358.699951,650.75,0.053545822,12.248894,3346.451057,,0.025811338,,,,,,,,,,,,,,,
31-05-2023,3359.600098,658.5999756,0.019812538,4.513572329,3355.086525,,0.030935346,,,,,,,,,,,,,,,
01-06-2023,3380.350098,658.7000122,0.103919678,23.57187699,3356.778221,,0.021897215,,,,,,,,,,,,,,,
02-06-2023,3363.75,662.5,0.007366092,1.662478374,3362.087522,,0.020987256,,,,,,,,,,,,,,,
05-06-2023,3395.699951,658.9000244,0.157198609,35.31285982,3360.387091,,0.020798775,,,,,,,,,,,,,,,
06-06-2023,3388.800049,664.0,0.095865247,21.40073726,3367.399312,,0.015566799,,,,,,,,,,,,,,,
07-06-2023,3407.600098,672.0,0.135427694,30.05305419,3377.547043,,0.011012757,,,,,,,,,,,,,,,
08-06-2023,3442.050049,668.5,0.297846666,65.72287168,3376.327177,,0.012253607,,,,,,,,,,,,,,,
09-06-2023,3414.5,669.4000244,0.159928642,35.11015113,3379.389849,,0.008214382,,,,,,,,,,,,,,,
12-06-2023,3347.5,663.7000122,-0.128098011,-27.94973184,3375.449732,,0.006115886,,,,,,,,,,,,,,,
13-06-2023,3389.449951,681.5999756,-0.036329669,-7.875394019,3397.325345,,0.007274616,,,,,,,,,,,,,,,
14-06-2023,3372.850098,669.75,-0.063332982,-13.64260481,3386.492702,,0.004585688,,,,,,,,,,,,,,,
15-06-2023,3394.399902,685.4000244,-0.057597781,-12.31862644,3406.718529,,0.007159589,,,,,,,,,,,,,,,
16-06-2023,3398.949951,682.5999756,-0.034604009,-7.343127396,3406.293079,,0.006532243,,,,,,,,,,,,,,,
19-06-2023,3402.600098,678.0499878,-0.004827939,-1.016851928,3403.61695,,0.006480382,,,,,,,,,,,,,,,
20-06-2023,3383.899902,680.9500122,-0.124495764,-25.9926866,3409.892589,,0.002641824,,,,,,,,,,,,,,,
21-06-2023,3389.899902,682.0,-0.117043215,-24.20780877,3414.107711,,0.003468501,,,,,,,,,,,,,,,
22-06-2023,3349.399902,671.6500244,-0.265673575,-54.4705891,3403.870491,,0.007399934,,,,,,,,,,,,,,,
23-06-2023,3349.949951,699.1500244,-0.454817893,-92.27850733,3442.228459,,0.006969909,,,,,,,,,,,,,,,
26-06-2023,3401.5,721.3499756,-0.364738576,-73.33557844,3474.835578,,0.007109892,,,,,,,,,,,,,,,
27-06-2023,3395.449951,718.2000122,-0.397014842,-79.11080106,3474.560752,,0.008559574,,,,,,,,,,,,,,,
28-06-2023,3395.449951,718.2000122,-0.420389385,-83.01789535,3478.467847,,0.008227037,,,,,,,,,,,,,,,
30-06-2023,3512.850098,727.3499756,0.084101061,16.41110153,3496.438996,,0.003918493,,,,,,,,,,,,,,,
03-07-2023,3493.899902,712.4000244,0.070533856,13.6143498,3480.285553,,0.001500694,,,,,,,,,,,,,,,
04-07-2023,3494.800049,712.6500244,0.052453912,10.03867094,3484.761378,,0.001406226,,,,,,,,,,,,,,,
05-07-2023,3512.25,731.5999756,-0.025313084,-4.802484619,3517.052485,,0.000868783,,,,,,,,,,,,,,,
06-07-2023,3523.25,761.2999878,-0.228585127,-43.00469476,3566.254695,,0.002428097,,,,,,,,,,,,,,,
07-07-2023,3490.75,745.5999756,-0.298725747,-55.8111813,3546.561181,,0.001139471,,,,,,,,,,,,,,,
10-07-2023,3487.649902,735.5,-0.254575261,-47.22967544,3534.879578,,0.000566123,,,,,,,,,,,,,,,
11-07-2023,3514.050049,736.4000244,-0.145675147,-26.79748062,3540.847529,,0.000702105,,,,,,,,,,,,,,,
12-07-2023,3529.0,735.0499878,-0.08187136,-14.90289566,3543.902896,,0.000984878,,,,,,,,,,,,,,,
13-07-2023,3511.149902,724.4000244,-0.112026259,-20.18711193,3531.337014,,0.000901917,,,,,,,,,,,,,,,
14-07-2023,3519.350098,738.9500122,-0.234465588,-41.75772882,3561.107826,,0.00039145,,,,,,,,,,,,,,,
17-07-2023,3628.600098,736.8499756,0.373162802,65.93673136,3562.663366,,0.000199336,,,,,,,,,,,,,,,
18-07-2023,3666.649902,753.0999756,0.398007328,69.57374677,3597.076156,,0.000604308,,,,,,,,,,,,,,,
19-07-2023,3639.449951,751.0999756,0.225289269,38.87874795,3600.571203,,0.002385461,,,,,,,,,,,,,,,
20-07-2023,3690.100098,772.5999756,0.254731509,43.40588728,3646.69421,,0.003272454,,,,,,,,,,,,,,,
21-07-2023,3700.949951,779.5499878,0.203665035,34.32269062,3666.627261,,0.004073409,,,,,,,,,,,,,,,
24-07-2023,3781.800049,785.2999878,0.585117495,97.66156382,3684.138485,,0.002280746,,,,,,,,,,,,,,,
25-07-2023,3950.649902,787.75,1.530055244,252.9874476,3697.662455,,0.00014457,,,,,,,,,,,,,,,
26-07-2023,4004.899902,789.4500122,1.798006663,294.1972512,3710.702651,,0.006580304,,,,,,,,,,,,,,,
27-07-2023,4028.350098,835.5499878,1.334761766,216.2306104,3812.119487,,0.004293635,,,,,,,,,,,,,,,
28-07-2023,3995.699951,837.0,1.064079906,170.8923032,3824.807648,,0.003647896,,,,,,,,,,,,,,,
31-07-2023,3978.75,822.25,1.098894632,175.1637849,3803.586215,,0.000933573,,,,,,,,,,,,,,,
01-08-2023,3986.5,818.5,1.146640205,180.5321036,3805.967896,,0.000591856,,,,,,,,,,,,,,,
02-08-2023,3935.5,816.2000122,0.802559411,124.5720313,3810.927969,,0.001107568,,,,,,,,,,,,,,,
03-08-2023,4023.399902,840.3499756,0.979293449,150.2138376,3873.186065,,0.002150394,,,,,,,,,,,,,,,
04-08-2023,4099.0,841.5499878,1.402100447,213.4702859,3885.529714,,0.004119612,,,,,,,,,,,,,,,
07-08-2023,4131.850098,868.25,1.173037458,177.2691773,3954.58092,,0.013086406,,,,,,,,,,,,,,,
08-08-2023,4131.850098,867.7999878,1.139621898,171.9966362,3959.853461,,0.014100757,,,,,,,,,,,,,,,
09-08-2023,4227.25,879.25,1.552934369,234.3216076,3992.928392,,0.030689629,,,,,,,,,,,,,,,
10-08-2023,4141.399902,873.75,1.045818784,158.0071707,3983.392732,,0.024505499,,,,,,,,,,,,,,,
11-08-2023,3822.100098,863.1500244,-0.888322366,-134.388021,3956.488119,,0.014841408,,,,,,,,,,,,,,,
14-08-2023,3795.449951,871.6500244,-1.172285516,-177.5154173,3972.965368,,0.013898946,,,,,,,,,,,,,,,
16-08-2023,3794.699951,873.75,-1.181799207,-178.9691983,3973.669149,,0.009377714,,,,,,,,,,,,,,,
17-08-2023,3789.649902,866.5,-1.081514071,-163.5198695,3953.169772,,0.009274985,,,,,,,,,,,,,,,
18-08-2023,3801.300049,857.7999878,-0.853841617,-128.866864,3930.166913,,0.006777795,,,,,,,,,,,,,,,
21-08-2023,3823.100098,853.4000244,-0.626094704,-94.20099741,3917.301095,,0.007622854,,,,,,,,,,,,,,,
22-08-2023,3767.75,842.6500244,-0.814458666,-122.3365345,3890.086534,,0.00617628,,,,,,,,,,,,,,,
23-08-2023,3760.199951,838.8499756,-0.789652079,-118.2463572,3878.446308,,0.00581774,,,,,,,,,,,,,,,
24-08-2023,3715.050049,833.6500244,-0.99298454,-148.286291,3863.33634,,0.006015162,,,,,,,,,,,,,,,
25-08-2023,3677.75,828.5,-1.144208293,-170.4368168,3848.186817,,0.008519544,,,,,,,,,,,,,,,
28-08-2023,3712.399902,828.9500122,-0.89936026,-133.6813879,3846.08129,,0.008542306,,,,,,,,,,,,,,,
29-08-2023,3702.199951,828.7999878,-0.946930145,-140.5500285,3842.74998,,0.00784142,,,,,,,,,,,,,,,
30-08-2023,3693.850098,834.9500122,-1.072082397,-158.8363496,3852.686447,,0.013119377,,,,,,,,,,,,,,,
31-08-2023,3642.850098,830.0,-1.320536141,-195.8311816,3838.681279,,0.015102734,,,,,,,,,,,,,,,
01-09-2023,3614.75,825.5499878,-1.421315262,-211.0315553,3825.781555,,0.017181522,,,,,,,,,,,,,,,
04-09-2023,3650.649902,819.5999756,-1.075767135,-159.8219752,3810.471878,,0.015213897,,,,,,,,,,,,,,,
05-09-2023,3646.100098,851.5999756,-1.544855622,-229.6859874,3875.786085,,0.017618227,,,,,,,,,,,,,,,
06-09-2023,3655.100098,863.25,-1.621339635,-241.3361838,3896.436281,,0.016404671,,,,,,,,,,,,,,,
07-09-2023,3637.100098,861.7000122,-1.687023424,-251.4235011,3888.523599,,0.020468172,,,,,,,,,,,,,,,
08-09-2023,3621.25,858.5,-1.715350486,-256.1676454,3877.417645,,0.019704974,,,,,,,,,,,,,,,
11-09-2023,3630.0,867.7999878,-1.752327854,-262.0222839,3892.022284,,0.018168586,,,,,,,,,,,,,,,
12-09-2023,3635.350098,871.2000122,-1.727984357,-258.5932473,3893.943345,,0.020487156,,,,,,,,,,,,,,,
13-09-2023,3744.75,902.5,-1.397926986,-209.0071474,3953.757147,,0.014090861,,,,,,,,,,,,,,,
14-09-2023,3709.449951,895.75,-1.50812434,-225.5840125,3935.033964,,0.012140497,,,,,,,,,,,,,,,
15-09-2023,3675.949951,898.8499756,-1.735601253,-259.5450842,3935.495035,,0.012039645,,,,,,,,,,,,,,,
18-09-2023,3659.899902,894.5999756,-1.746619948,-261.0236928,3920.923595,,0.007530914,,,,,,,,,,,,,,,
20-09-2023,3685.25,890.0,-1.482058795,-220.7007555,3905.950756,,0.003098969,,,,,,,,,,,,,,,
21-09-2023,3651.850098,876.4500122,-1.495945458,-221.5111514,3873.361249,,0.002900439,,,,,,,,,,,,,,,
22-09-2023,3550.649902,866.4000244,-2.011574328,-296.6552987,3847.305201,-1.0,0.008133831,,,,,,,,,,,,,,,
25-09-2023,3555.949951,873.6500244,-2.035365333,-299.4960665,3855.446018,,0.008323749,,,,,,,,,,,,,,,
26-09-2023,3530.399902,857.4500122,-1.961887601,-288.2224862,3818.622389,,0.004632818,,,,,,,,,,,,,,,
27-09-2023,3559.449951,880.25,-2.028282128,-296.5503652,3856.000316,,0.003507941,,,,,,,,,,,,,,,
28-09-2023,3524.800049,873.5999756,-2.144254473,-312.1357612,3836.93581,,0.006003384,,,,,,,,,,,,,,,
29-09-2023,3605.899902,914.3499756,-2.07360817,-300.3983645,3906.298267,,0.001733314,,,,,,,,,,,,,,,
03-10-2023,3573.550049,908.6500244,-2.179879723,-314.7515775,3888.301626,,0.005047629,,,,,,,,,,,,,,,
04-10-2023,3476.0,882.2999878,-2.473448245,-356.9332643,3832.933264,,0.002830088,,,,,,,,,,,,,,,
05-10-2023,3457.5,877.25,-2.493624105,-359.7667361,3817.266736,,0.002288215,,,,,,,,,,,,,,,
06-10-2023,3522.5,900.8499756,-2.299181949,-330.4946461,3852.994646,,0.004783976,,,,,,,,,,,,,,,
09-10-2023,3551.550049,911.1500244,-2.184200356,-312.8895719,3864.439621,,0.000860382,,,,,,,,,,,,,,,
10-10-2023,3585.75,900.9500122,-1.785219035,-254.7019442,3840.451944,,0.000829134,,,,,,,,,,,,,,,
11-10-2023,3539.75,899.9000244,-2.057575937,-292.5194933,3832.269493,,0.001527553,,,,,,,,,,,,,,,
12-10-2023,3594.949951,915.9000244,-1.829309983,-259.1198482,3854.069799,,0.001178361,,,,,,,,,,,,,,,
13-10-2023,3612.449951,920.0,-1.721499923,-243.0820968,3855.532048,,0.001123409,,,,,,,,,,,,,,,
16-10-2023,3609.350098,909.5,-1.58624071,-223.3466307,3832.696728,,0.001208319,,,,,,,,,,,,,,,
17-10-2023,3620.300049,908.2000122,-1.466436051,-205.712658,3826.012707,,0.001952125,,,,,,,,,,,,,,,
18-10-2023,3632.899902,899.9000244,-1.253790368,-175.3856782,3808.285581,,0.001715638,,,,,,,,,,,,,,,
19-10-2023,3615.850098,883.6500244,-1.161592633,-162.1457333,3777.995831,,0.004376,,,,,,,,,,,,,,,
20-10-2023,3585.600098,866.2000122,-1.152934981,-160.6877517,3746.287849,,0.003450289,,,,,,,,,,,,,,,
23-10-2023,3533.850098,874.7999878,-1.602744994,-223.3530669,3757.203165,,0.004253811,,,,,,,,,,,,,,,
25-10-2023,3585.350098,861.0999756,-1.054644059,-146.7229701,3732.073068,,0.005373638,,,,,,,,,,,,,,,
26-10-2023,3560.800049,854.0499878,-1.133101067,-157.3194429,3718.119492,,0.002193306,,,,,,,,,,,,,,,
27-10-2023,3675.149902,854.4500122,-0.307118133,-42.58659226,3717.736495,,0.002026103,,,,,,,,,,,,,,,
30-10-2023,3691.75,861.3499756,-0.258074755,-35.61363276,3727.363633,,7.24e-05,,,,,,,,,,,,,,,
31-10-2023,3721.850098,849.5,0.106603928,14.66780392,3707.182294,0.0,0.002482298,,,,,,,,,,,,,,,
01-11-2023,3722.649902,859.2000122,0.003788751,0.519946986,3722.129955,,0.002680043,,,,,,,,,,,,,,,
02-11-2023,3792.25,855.9500122,0.551516122,75.5556993,3716.694301,,0.003288166,,,,,,,,,,,,,,,
03-11-2023,3808.949951,854.2999878,0.692604585,94.76835815,3714.181593,,0.003658328,,,,,,,,,,,,,,,
06-11-2023,3825.199951,873.7999878,0.579244759,79.13714822,3746.062803,,0.002996537,,,,,,,,,,,,,,,
07-11-2023,4027.350098,902.5499878,1.697551535,232.3031593,3795.046938,,6.52e-05,,,,,,,,,,,,,,,
08-11-2023,4232.700195,936.5499878,2.740826737,377.3970117,3855.303184,1.0,5.96e-05,,,,,,,,,,,,,,,
09-11-2023,4282.700195,950.75,2.874504747,398.7664438,3883.933752,,0.000127531,,,,,,,,,,,,,,,
10-11-2023,4306.25,979.7000122,2.644692212,368.8299879,3937.420012,,9.61e-05,,,,,,,,,,,,,,,
13-11-2023,4299.950195,979.5999756,2.546978914,357.4142862,3942.535909,,0.000103054,,,,,,,,,,,,,,,
15-11-2023,4344.950195,966.9000244,2.95010237,417.8590925,3927.091103,,0.000155711,,,,,,,,,,,,,,,
16-11-2023,4361.25,976.5499878,2.884290147,411.6719445,3949.578056,,0.000125693,,,,,,,,,,,,,,,
17-11-2023,4448.450195,1007.349976,3.044148777,438.0768072,4010.373388,,0.000127418,,,,,,,,,,,,,,,
20-11-2023,4390.549805,998.0999756,2.686645414,389.6591678,4000.890637,,0.000261143,,,,,,,,,,,,,,,
21-11-2023,4488.299805,1027.25,2.929632823,428.1117434,4060.188061,,0.000394978,,,,,,,,,,,,,,,
22-11-2023,4530.950195,1055.75,2.797068541,411.4527276,4119.497468,,0.000115477,,,,,,,,,,,,,,,
23-11-2023,4521.149902,1028.75,2.978490227,442.4297824,4078.72012,,0.000146626,,,,,,,,,,,,,,,
24-11-2023,4557.799805,1032.800049,3.092776066,463.7135872,4094.086217,,0.000210997,,,,,,,,,,,,,,,
28-11-2023,4554.200195,1016.150024,3.190528133,483.0841591,4071.116036,,0.000297993,,,,,,,,,,,,,,,
29-11-2023,4567.25,1021.450012,3.12886443,478.4919353,4088.758065,,0.000414222,,,,,,,,,,,,,,,
30-11-2023,4723.549805,1041.550049,3.784980429,587.0620574,4136.487747,,0.002193842,,,,,,,,,,,,,,,
01-12-2023,4647.899902,1033.75,3.296549075,517.2705721,4130.62933,,0.001031855,,,,,,,,,,,,,,,
04-12-2023,4613.149902,1042.650024,2.892047968,457.6167293,4155.533173,,0.000622419,,,,,,,,,,,,,,,
05-12-2023,4652.850098,1025.949951,3.254586204,520.9891564,4131.860941,,0.001789282,,,,,,,,,,,,,,,
06-12-2023,4725.799805,1016.650024,3.710478544,602.640257,4123.159548,,0.009104971,,,,,,,,,,,,,,,
07-12-2023,4889.5,1023.950012,4.466869064,740.469121,4149.030879,0.0,0.123047483,,,,,,,,,,,,,,,
08-12-2023,4796.049805,1017.400024,3.861594737,650.0226887,4146.027116,,0.010020447,,,,,,,,,,,,,,,
11-12-2023,4725.25,1004.450012,3.499687635,596.8086273,4128.441373,,0.009157329,,,,,,,,,,,,,,,
12-12-2023,4795.200195,1011.299988,3.721992068,643.6728038,4151.527392,,0.082235247,,,,,,,,,,,,,,,
13-12-2023,4885.350098,1035.849976,3.836651206,673.0784741,4212.271624,,0.095510113,,,,,,,,,,,,,,,
14-12-2023,4857.200195,1045.349976,3.465926599,615.392767,4241.807428,,0.01214085,,,,,,,,,,,,,,,
15-12-2023,4919.350098,1026.400024,3.915846195,706.7638267,4212.586271,,0.137330188,,,,,,,,,,,,,,,
18-12-2023,4903.25,1022.150024,3.766528603,689.6658798,4213.58412,,0.027971224,,,,,,,,,,,,,,,
19-12-2023,4936.649902,1032.849976,3.717171825,690.0631236,4246.586779,,0.032174154,,,,,,,,,,,,,,,
20-12-2023,4877.350098,1032.800049,3.311740611,621.5369491,4255.813149,,0.020097813,,,,,,,,,,,,,,,
21-12-2023,4909.899902,1092.150024,2.731192162,515.3120754,4394.587827,,0.038535811,,,,,,,,,,,,,,,
22-12-2023,4914.399902,1066.400024,2.975200667,566.8913102,4347.508592,,0.068826448,,,,,,,,,,,,,,,
26-12-2023,4972.5,1063.650024,3.224892022,620.9409512,4351.559049,,0.090318303,,,,,,,,,,,,,,,
27-12-2023,5075.299805,1069.599976,3.584433544,699.0695833,4376.230221,,0.192742014,,,,,,,,,,,,,,,
28-12-2023,5126.350098,1089.699951,3.510523637,692.8938173,4433.45628,,0.198954071,,,,,,,,,,,,,,,
29-12-2023,5202.600098,1084.0,3.840670339,769.9037895,4432.696308,,0.386649916,,,,,,,,,,,,,,,
01-01-2024,5120.0,1080.150024,3.378871455,685.4870004,4434.513,,0.273999083,,,,,,,,,,,,,,,
02-01-2024,5186.0,1091.949951,3.470706571,712.7150325,4473.284967,,0.352580977,,,,,,,,,,,,,,,
03-01-2024,5240.5,1091.300049,3.63519539,756.8259703,4483.67403,,0.43860504,,,,,,,,,,,,,,,
04-01-2024,5269.450195,1118.449951,3.369534332,709.239889,4560.210306,,0.349643718,,,,,,,,,,,,,,,
05-01-2024,5238.600098,1123.949951,3.078785031,654.2538637,4584.346234,,0.295481416,,,,,,,,,,,,,,,
08-01-2024,5203.549805,1114.849976,2.943077011,631.1252746,4572.42453,,0.248555744,,,,,,,,,,,,,,,
