Dates,AXISBANK.NS Y,FEDERALBNK.NS X,Standard Residual,Residual,Y Predicted,Signal,Coint,Trades,Investments,Net Investments,Effective Margin of FEDERALBNK.NS X,Effective Margin of AXISBANK.NS Y,Trade Length,Percentage Return,Profit,Net Percentage Return,Long Profit,Short Profit,Effective Investment of AXISBANK.NS X,Effective Investment of AXISBANK.NS Y,Multiplier X,Multiplier Y
02-03-2023,845.4500122,133.3500061,-0.459737613,-22.27405492,867.7240671,,0.119291256,1,1977.400024,19.77400024,10.09200012,9.682000122,183,10.51127607,207.8499756,1051.127607,308.3999634,-100.5499878,1009.200012,968.2000122,8.0,1.0
03-03-2023,852.6500244,134.1999969,-0.36486167,-17.67229214,870.3223166,,0.113816176,,,,,,,,,,,,,,,
06-03-2023,859.5,134.1499939,-0.218983247,-10.60285039,870.1028504,,0.102772972,,,,,,,,,,,,,,,
08-03-2023,860.9500122,135.8999939,-0.303289635,-14.66970257,875.6197148,,0.108898849,,,,,,,,,,,,,,,
09-03-2023,867.7999878,134.1999969,-0.049220006,-2.380089791,870.1800776,,0.106666376,,,,,,,,,,,,,,,
10-03-2023,851.9000244,133.0,-0.296967486,-14.35677807,866.2568025,,0.111956805,,,,,,,,,,,,,,,
13-03-2023,832.3499756,129.5,-0.466243702,-22.54963961,854.8996152,,0.113854873,Individual Breakup,,Lot AXISBANK.NS Y,Lot  FEDERALBNK.NS X,Total Profit,Total Trade,,,,,,,,,
14-03-2023,832.8499756,127.75,-0.338465384,-16.36911771,849.2190933,,0.111767134,Margin of FEDERALBNK.NS X,Margin of AXISBANK.NS Y,1,1,207.8499756,1,,,,,,,,,
15-03-2023,824.0499878,126.5999985,-0.442423378,-21.39633454,845.4463223,,0.108736055,1,1,,,,,,,,,,,,,
16-03-2023,830.5499878,127.3000031,-0.353685524,-17.09533229,847.6453201,,0.11215177,,,,,,,,,,,,,,,
17-03-2023,837.4000244,128.3999939,-0.284485804,-13.74452095,851.1445454,,0.103544095,,,,,,,,,,,,,,,
20-03-2023,837.5499878,129.1000061,-0.327438861,-15.80864401,853.3586318,,0.115745516,,,,,,,,,,,,,,,
21-03-2023,855.5999756,128.8000031,0.065159247,3.145203078,852.4547725,,0.117548089,,,,,,,,,,,,,,,
22-03-2023,849.6500244,129.1000061,-0.078075597,-3.768378555,853.418403,,0.116740886,,,,,,,,,,,,,,,
23-03-2023,848.7999878,127.0,0.04396681,2.122569578,846.6774182,,0.116320638,,,,,,,,,,,,,,,
24-03-2023,839.9000244,126.8499985,-0.130096838,-6.280423899,846.1804483,,0.115601928,,,,,,,,,,,,,,,
27-03-2023,833.3499756,125.4499969,-0.171746423,-8.291942758,841.6419183,,0.113684998,,,,,,,,,,,,,,,
28-03-2023,832.4500122,125.6999969,-0.206533522,-9.969642339,842.4196545,,0.121119354,,,,,,,,,,,,,,,
29-03-2023,842.5999756,129.1000061,-0.222637718,-10.74284933,853.3428249,,0.121288576,,,,,,,,,,,,,,,
31-03-2023,858.5,132.3000031,-0.106292091,-5.126471941,863.6264719,,0.120566307,,,,,,,,,,,,,,,
03-04-2023,864.5999756,133.1499939,-0.036306444,-1.750855076,866.3508307,,0.120003665,,,,,,,,,,,,,,,
05-04-2023,860.5,128.5500031,0.185436146,8.948964597,851.5510354,,0.11749529,,,,,,,,,,,,,,,
06-04-2023,851.9500122,127.0500031,0.108478872,5.235398245,846.714614,,0.11119779,,,,,,,,,,,,,,,
10-04-2023,847.3499756,127.0,0.017726661,0.855177579,846.494798,,0.114608233,,,,,,,,,,,,,,,
11-04-2023,853.2999878,128.3000031,0.054781886,2.641713181,850.6582746,,0.119888319,,,,,,,,,,,,,,,
12-04-2023,851.0499878,127.25,0.078156501,3.769194876,847.2807929,,0.119469781,,,,,,,,,,,,,,,
13-04-2023,864.3499756,128.1000061,0.296204722,14.28339196,850.0665836,,0.075931942,,,,,,,,,,,,,,,
17-04-2023,864.5499878,131.3500061,0.084401018,4.067351701,860.4826361,,0.077240075,,,,,,,,,,,,,,,
18-04-2023,863.3499756,131.6499939,0.040295159,1.941513067,861.4084625,,0.119720919,,,,,,,,,,,,,,,
19-04-2023,873.4000244,131.6999969,0.244628414,11.78699877,861.6130256,,0.122630158,,,,,,,,,,,,,,,
20-04-2023,868.75,132.3000031,0.107419318,5.175486902,863.5745131,,0.117626917,,,,,,,,,,,,,,,
21-04-2023,864.2000122,131.0,0.09784873,4.714194584,859.4858176,,0.119757986,,,,,,,,,,,,,,,
24-04-2023,882.2999878,132.1000061,0.396788035,19.11366587,863.1863219,,0.122281,,,,,,,,,,,,,,,
25-04-2023,878.3499756,133.3999939,0.225601607,10.8642113,867.4857643,,0.113017599,,,,,,,,,,,,,,,
26-04-2023,887.6500244,135.0,0.308000443,14.82354069,872.8264837,,0.084690587,,,,,,,,,,,,,,,
27-04-2023,881.4000244,133.9499969,0.246246786,11.85245072,869.5475737,,0.079421026,,,,,,,,,,,,,,,
28-04-2023,860.0,134.9499969,-0.264130083,-12.71197754,872.7119775,,0.122029793,,,,,,,,,,,,,,,
02-05-2023,870.6500244,136.4499969,-0.142991326,-6.880286283,877.5303107,,0.116987766,,,,,,,,,,,,,,,
03-05-2023,859.8499756,137.6999969,-0.449145702,-21.60717804,881.4571536,,0.078996395,,,,,,,,,,,,,,,
04-05-2023,865.9500122,139.3999939,-0.434652446,-20.90228522,886.8522974,,0.083987182,,,,,,,,,,,,,,,
05-05-2023,865.2999878,127.75,0.332433604,16.01075294,849.2892349,,0.110937173,,,,,,,,,,,,,,,
08-05-2023,878.4500122,128.6499939,0.54170605,26.08937959,852.3606326,,0.120771439,,,,,,,,,,,,,,,
09-05-2023,888.25,128.5500031,0.747700306,36.03092501,852.219075,,0.084137423,,,,,,,,,,,,,,,
10-05-2023,889.9000244,129.25,0.730851567,35.23442464,854.6655998,,0.083552368,,,,,,,,,,,,,,,
11-05-2023,895.9500122,127.8000031,0.948960669,45.79871004,850.1513022,,0.089577398,,,,,,,,,,,,,,,
12-05-2023,910.6500244,125.9000015,1.373050591,66.40555509,844.2444693,,0.109395059,,,,,,,,,,,,,,,
15-05-2023,915.7999878,127.5,1.362806369,66.02337332,849.7766145,,0.106144477,,,,,,,,,,,,,,,
16-05-2023,917.7999878,126.9499969,1.431814359,69.5145793,848.2854085,,0.107110897,,,,,,,,,,,,,,,
17-05-2023,914.7999878,127.6500015,1.314421599,63.92301904,850.8769688,,0.103315793,,,,,,,,,,,,,,,
18-05-2023,914.7000122,126.75,1.364740225,66.49215969,848.2078525,,0.106472994,,,,,,,,,,,,,,,
19-05-2023,924.0499878,126.1500015,1.586877129,77.4966448,846.553343,,0.117803291,,,,,,,,,,,,,,,
22-05-2023,917.5499878,126.1999969,1.441418405,70.53543374,847.0145541,,0.114162452,,,,,,,,,,,,,,,
23-05-2023,916.1500244,125.6500015,1.441369759,70.67707144,845.472953,,0.107243004,,,,,,,,,,,,,,,
24-05-2023,917.7000122,123.8000031,1.589233703,78.11312685,839.5868854,,0.121150284,,,,,,,,,,,,,,,
25-05-2023,921.0499878,123.25,1.684154113,83.01339979,838.036588,,0.138513634,,,,,,,,,,,,,,,
26-05-2023,926.9500122,125.25,1.65788319,81.89471297,845.0552992,,0.128014184,,,,,,,,,,,,,,,
29-05-2023,929.7999878,125.5,1.687704258,83.5710006,846.2289872,,0.137201043,,,,,,,,,,,,,,,
30-05-2023,937.4500122,125.3000031,1.842483755,91.54104055,845.9089717,,0.151001035,,,,,,,,,,,,,,,
31-05-2023,914.8499756,125.25,1.383582276,68.84892391,846.0010517,,0.110179217,,,,,,,,,,,,,,,
01-06-2023,919.7000122,125.5,1.45554915,72.56949522,847.130517,,0.119480274,,,,,,,,,,,,,,,
02-06-2023,926.0999756,126.1500015,1.53050329,76.44992801,849.6500476,,0.130932568,,,,,,,,,,,,,,,
05-06-2023,950.8499756,127.3000031,1.932658767,96.85209079,853.9978848,,0.175004915,,,,,,,,,,,,,,,
06-06-2023,968.2000122,126.1500015,2.335516153,117.6684925,850.5315198,1.0,0.231122594,,,,,,,,,,,,,,,
07-06-2023,976.75,126.1999969,2.477138544,125.5429058,851.2070942,,0.239312479,,,,,,,,,,,,,,,
08-06-2023,962.0999756,126.0999985,2.176209708,110.7981347,851.3018409,,0.187083721,,,,,,,,,,,,,,,
09-06-2023,974.75,125.0999985,2.468617678,126.4491047,848.3008953,,0.261446936,,,,,,,,,,,,,,,
12-06-2023,974.2000122,125.1999969,2.428671416,125.0809258,849.1190864,,0.261235187,,,,,,,,,,,,,,,
13-06-2023,985.8499756,124.5500031,2.671443591,138.5091697,847.3408059,,0.319713887,,,,,,,,,,,,,,,
14-06-2023,977.7000122,124.4000015,2.5002204,130.4228255,847.2771867,,0.284359501,,,,,,,,,,,,,,,
15-06-2023,977.1500244,122.0500031,2.622918605,137.7633636,839.3866608,,0.328407385,,,,,,,,,,,,,,,
16-06-2023,981.5499878,123.75,2.566688325,135.6564391,845.8935487,,0.319513459,,,,,,,,,,,,,,,
19-06-2023,965.6500244,123.0999985,2.290692022,121.6784477,843.9715767,,0.234595961,,,,,,,,,,,,,,,
20-06-2023,974.8499756,123.4000015,2.421591911,129.3718437,845.4781319,,0.281211569,,,,,,,,,,,,,,,
21-06-2023,966.0,123.4499969,2.234523138,119.9434262,846.0565738,,0.260693765,,,,,,,,,,,,,,,
22-06-2023,966.5999756,123.8000031,2.20588493,118.8816802,847.7182954,,0.266088736,,,,,,,,,,,,,,,
23-06-2023,958.4000244,122.1500015,2.149721124,116.3289826,842.0710418,,0.25933649,,,,,,,,,,,,,,,
26-06-2023,960.5499878,121.3000031,2.230084649,121.2337963,839.3161915,,0.273295173,,,,,,,,,,,,,,,
27-06-2023,973.25,123.0500031,2.32693156,127.1333865,846.1166135,,0.299499284,,,,,,,,,,,,,,,
28-06-2023,978.2000122,122.1500015,2.456332126,134.983137,843.2168752,,0.337769185,,,,,,,,,,,,,,,
30-06-2023,987.4500122,126.1500015,2.336574793,128.9952388,858.4547734,,0.302266818,,,,,,,,,,,,,,,
03-07-2023,982.0999756,127.5500031,2.128893337,117.9758737,864.1241019,,0.269284243,,,,,,,,,,,,,,,
04-07-2023,970.7000122,132.0,1.613243084,89.5309405,881.1690717,,0.18258492,,,,,,,,,,,,,,,
05-07-2023,966.5,133.3000031,1.439851282,79.99144721,886.5085528,,0.171097016,,,,,,,,,,,,,,,
06-07-2023,980.9500122,135.3999939,1.545524193,85.98922262,894.9607896,,0.174651745,,,,,,,,,,,,,,,
07-07-2023,976.7000122,135.1499939,1.474004831,82.15226947,894.5477427,,0.171932471,,,,,,,,,,,,,,,
10-07-2023,964.0499878,133.8999939,1.322321401,73.81885379,890.231134,,0.149190804,,,,,,,,,,,,,,,
11-07-2023,953.2000122,135.0,1.046212701,58.4138513,894.7861609,,0.127148374,,,,,,,,,,,,,,,
12-07-2023,950.0,134.25,1.033529063,57.73269741,892.2673026,,0.137128901,,,,,,,,,,,,,,,
13-07-2023,960.1500244,126.75,1.718245978,96.25100473,863.8990197,,0.280473748,,,,,,,,,,,,,,,
14-07-2023,957.0499878,129.3000031,1.479934948,82.97933793,874.0706499,,0.257674722,,,,,,,,,,,,,,,
17-07-2023,964.8499756,132.6000061,1.383025396,77.60896096,887.2410146,,0.245985865,,,,,,,,,,,,,,,
18-07-2023,963.6500244,134.8999939,1.194323052,67.04806127,896.6019631,,0.224739799,,,,,,,,,,,,,,,
19-07-2023,964.2999878,135.75,1.138524892,63.94714524,900.3528425,,0.213273174,,,,,,,,,,,,,,,
20-07-2023,977.9000244,136.8500061,1.293971207,72.72872055,905.1713039,,0.237358173,,,,,,,,,,,,,,,
21-07-2023,971.2999878,134.1499939,1.355054762,76.28285562,895.0171322,,0.270411165,,,,,,,,,,,,,,,
24-07-2023,971.5,133.9499969,1.362708184,76.84618134,894.6538187,,0.276817554,,,,,,,,,,,,,,,
25-07-2023,962.5,132.6000061,1.288955063,72.81442853,889.6855715,,0.272310162,,,,,,,,,,,,,,,
26-07-2023,976.7999878,133.8999939,1.4404333,81.52713142,895.2728564,,0.297964286,,,,,,,,,,,,,,,
27-07-2023,959.9000244,133.8999939,1.134567966,64.30038054,895.5996439,,0.257244148,,,,,,,,,,,,,,,
28-07-2023,949.9500122,135.4499969,0.844652913,47.89224074,902.0577715,,0.226449378,,,,,,,,,,,,,,,
31-07-2023,953.9000244,135.6499939,0.894384025,50.74526251,903.1547619,,0.21519225,,,,,,,,,,,,,,,
01-08-2023,959.9000244,135.1000061,1.032079054,58.59312892,901.3068955,,0.222537795,,,,,,,,,,,,,,,
02-08-2023,945.25,132.75,0.934646429,53.09072381,892.1592762,,0.228932199,,,,,,,,,,,,,,,
03-08-2023,935.5499878,132.1499939,0.802068652,45.57833364,889.9716541,,0.206883366,,,,,,,,,,,,,,,
04-08-2023,952.25,134.6000061,0.916469308,52.07573839,900.1742616,,0.199819772,,,,,,,,,,,,,,,
07-08-2023,947.4000244,134.0500031,0.865151583,49.15156343,898.248461,,0.189029797,,,,,,,,,,,,,,,
08-08-2023,952.9000244,135.4499969,0.856313768,48.62031309,904.2797113,,0.194537103,,,,,,,,,,,,,,,
09-08-2023,950.0,134.6000061,0.860867492,48.87263173,901.1273683,,0.188260877,,,,,,,,,,,,,,,
10-08-2023,939.75,134.1999969,0.704838211,39.99099697,899.759003,,0.171067276,,,,,,,,,,,,,,,
11-08-2023,937.2000122,133.1999969,0.728093098,41.28280993,895.9172023,,0.168861165,,,,,,,,,,,,,,,
14-08-2023,939.9500122,133.0,0.786617389,44.5678895,895.3821227,,0.173778871,,,,,,,,,,,,,,,
16-08-2023,933.0499878,132.1999969,0.719271522,40.72352895,892.3264588,,0.168649815,,,,,,,,,,,,,,,
17-08-2023,936.5499878,134.6000061,0.600728685,33.96927208,902.5807157,,0.15695155,,,,,,,,,,,,,,,
18-08-2023,943.0499878,134.1499939,0.743391521,42.00028212,901.0497057,,0.157141813,,,,,,,,,,,,,,,
21-08-2023,952.5999756,134.25,0.899060573,50.75418251,901.8457931,,0.177303657,,,,,,,,,,,,,,,
22-08-2023,957.0499878,136.0500031,0.837784494,47.25782739,909.7921604,,0.146445093,,,,,,,,,,,,,,,
23-08-2023,979.25,141.6999969,0.800105439,45.03070097,934.219299,,0.129752466,,,,,,,,,,,,,,,
24-08-2023,981.3499756,140.6999969,0.902972097,50.74301857,930.606957,,0.102864459,,,,,,,,,,,,,,,
25-08-2023,983.0999756,140.6999969,0.92534569,51.85574976,931.2442258,,0.09516774,,,,,,,,,,,,,,,
28-08-2023,990.2000122,143.8999939,0.797401266,44.51527787,945.6847343,,0.074813961,,,,,,,,,,,,,,,
29-08-2023,980.7000122,144.4499969,0.575852931,32.00757461,948.6924376,,0.062409517,,,,,,,,,,,,,,,
30-08-2023,983.3499756,143.3999939,0.696848051,38.57052944,944.7794461,,0.067993074,,,,,,,,,,,,,,,
31-08-2023,973.5,143.9499969,0.467524337,25.76200329,947.7379967,,0.053848223,,,,,,,,,,,,,,,
01-09-2023,991.1500244,143.8000031,0.790489216,43.36523339,947.784791,,0.067944415,,,,,,,,,,,,,,,
04-09-2023,982.25,143.0500031,0.679937224,37.1555975,945.0944025,,0.061683028,,,,,,,,,,,,,,,
05-09-2023,981.4500122,144.6999969,0.522744941,28.43472982,953.0152824,,0.057070267,,,,,,,,,,,,,,,
06-09-2023,965.0499878,143.8000031,0.287734263,15.58328381,949.466704,,0.05146963,,,,,,,,,,,,,,,
07-09-2023,978.2000122,145.0,0.422503085,22.77498848,955.4250237,,0.044427639,,,,,,,,,,,,,,,
08-09-2023,980.2999878,147.5,0.242756622,13.01279105,967.2871967,,0.04911286,,,,,,,,,,,,,,,
11-09-2023,1000.400024,148.8999939,0.489083175,26.09657236,974.3034521,,0.04723363,,,,,,,,,,,,,,,
12-09-2023,1000.900024,142.6000061,1.028039636,54.71235986,946.1876646,,0.036229919,,,,,,,,,,,,,,,
13-09-2023,1014.450012,145.1499939,1.052926439,55.7186319,958.7313803,,0.029220876,,,,,,,,,,,,,,,
14-09-2023,1020.900024,147.5,0.956828249,50.30061534,970.5994091,,0.026376882,,,,,,,,,,,,,,,
15-09-2023,1027.150024,148.25,0.995684387,52.01736564,975.1326588,,0.033841106,,,,,,,,,,,,,,,
18-09-2023,1024.75,146.1000061,1.13010961,58.77778895,965.9722111,,0.018573582,,,,,,,,,,,,,,,
20-09-2023,1027.300049,146.5,1.131693792,58.43509206,968.8649568,,0.022107743,,,,,,,,,,,,,,,
21-09-2023,1014.450012,145.8000031,0.936484933,48.03269274,966.4173195,,0.020128738,,,,,,,,,,,,,,,
22-09-2023,1018.25,145.9499969,0.985825545,50.23658466,968.0134153,,0.021026636,,,,,,,,,,,,,,,
25-09-2023,1018.950012,147.1000061,0.879007027,44.4974188,974.4525934,,0.023296718,,,,,,,,,,,,,,,
26-09-2023,1014.150024,147.8500061,0.700672078,35.25404022,978.8959842,,0.041903165,,,,,,,,,,,,,,,
27-09-2023,1025.199951,150.5500031,0.646771196,32.41321795,992.7867332,,0.033429987,,,,,,,,,,,,,,,
28-09-2023,1030.900024,146.0,1.19376005,59.68721167,971.2128127,,0.037843399,,,,,,,,,,,,,,,
29-09-2023,1036.699951,147.1999969,1.179317609,58.75124761,977.9487036,,0.035074499,,,,,,,,,,,,,,,
03-10-2023,1041.050049,150.6999969,0.905449096,44.89275516,996.1572937,,0.02599863,,,,,,,,,,,,,,,
04-10-2023,995.5499878,147.25,0.326947503,16.1350661,979.4149217,,0.02291328,,,,,,,,,,,,,,,
05-10-2023,1003.25,145.5,0.652925764,32.08919004,971.16081,,0.020666125,,,,,,,,,,,,,,,
06-10-2023,1000.950012,146.5,0.495613839,24.22929679,976.7207154,,0.017197872,,,,,,,,,,,,,,,
09-10-2023,996.25,144.9499969,0.552992399,26.89581125,969.3541887,,0.016857901,,,,,,,,,,,,,,,
10-10-2023,1012.25,147.9499969,0.56060115,27.10746559,985.1425344,,0.030719602,,,,,,,,,,,,,,,
11-10-2023,1019.099976,147.0,0.795769618,38.38359108,980.7163845,,0.025961201,,,,,,,,,,,,,,,
12-10-2023,1018.450012,149.3000031,0.531521521,25.52855927,992.9214529,,0.022330259,,,,,,,,,,,,,,,
13-10-2023,994.0499878,149.3999939,0.009244084,0.442107384,993.6078804,,0.018635205,,,,,,,,,,,,,,,
16-10-2023,1004.799988,148.5500031,0.320304832,15.25567019,989.5443176,,0.018957918,,,,,,,,,,,,,,,
17-10-2023,1008.049988,148.3999939,0.399738764,18.96227408,989.0877137,,0.022682486,,,,,,,,,,,,,,,
18-10-2023,992.8499756,146.5500031,0.278358311,13.16404971,979.6859259,,0.035754816,,,,,,,,,,,,,,,
19-10-2023,991.4000244,146.8500061,0.213559657,10.08405952,981.3159649,,0.020069058,,,,,,,,,,,,,,,
20-10-2023,980.3499756,145.8500061,0.089172241,4.19427214,976.1557034,,0.019142004,,,,,,,,,,,,,,,
23-10-2023,964.2999878,143.3999939,0.019248227,0.902003757,963.397984,,0.042802444,,,,,,,,,,,,,,,
25-10-2023,955.4500122,141.8500061,0.002846174,0.133259882,955.3167523,,0.049153668,,,,,,,,,,,,,,,
26-10-2023,972.0499878,138.1499939,0.766290285,35.89795825,936.1520295,,0.056916329,,,,,,,,,,,,,,,
27-10-2023,1002.75,139.5500031,1.257656783,58.99320666,943.7567933,,0.066626392,,,,,,,,,,,,,,,
30-10-2023,989.2000122,140.8999939,0.813567046,38.16988632,951.0301259,,0.057799938,,,,,,,,,,,,,,,
31-10-2023,981.8499756,140.6499939,0.681224923,31.97604782,949.8739278,,0.054877208,,,,,,,,,,,,,,,
01-11-2023,971.7999878,140.5,0.481461125,22.60353166,949.1964561,,0.052213391,,,,,,,,,,,,,,,
02-11-2023,982.9500122,141.4499969,0.609393585,28.61593113,954.3340811,,0.054163636,,,,,,,,,,,,,,,
03-11-2023,988.8499756,143.5,0.502598498,23.60064205,965.2493335,,0.053119989,,,,,,,,,,,,,,,
06-11-2023,1009.400024,144.1000061,0.867425407,40.76031178,968.6397126,,0.058197126,,,,,,,,,,,,,,,
07-11-2023,1020.900024,147.3000031,0.748187043,35.15951478,985.7405096,,0.056801115,,,,,,,,,,,,,,,
08-11-2023,1021.700012,147.0500031,0.787612695,37.03778053,984.6622317,,0.057623468,,,,,,,,,,,,,,,
09-11-2023,1021.900024,147.5500031,0.730545573,34.37092233,987.5291021,,0.056610363,,,,,,,,,,,,,,,
10-11-2023,1029.199951,149.8500061,0.622708013,29.29889315,999.901058,,0.054779635,,,,,,,,,,,,,,,
13-11-2023,1025.349976,152.8999939,0.19621205,9.227672662,1016.122303,,0.049807549,,,,,,,,,,,,,,,
15-11-2023,1041.349976,150.1499939,0.839108521,39.50919795,1001.840778,,0.055456653,,,,,,,,,,,,,,,
16-11-2023,1026.349976,150.1999969,0.511126366,24.07300173,1002.276974,,0.04975215,,,,,,,,,,,,,,,
17-11-2023,994.3499756,148.1000061,0.067849436,3.19667683,991.1532988,,0.045558837,,,,,,,,,,,,,,,
20-11-2023,988.7000122,147.3999939,0.026992453,1.271803422,987.4282088,,0.045272099,,,,,,,,,,,,,,,
21-11-2023,991.7999878,146.6999969,0.170989306,8.056961301,983.7430265,,0.044806182,,,,,,,,,,,,,,,
22-11-2023,998.0999756,145.4499969,0.443279503,20.89199087,977.2079847,,0.046776555,,,,,,,,,,,,,,,
23-11-2023,999.0499878,147.1499939,0.271362306,12.7862997,986.2636881,,0.045104331,,,,,,,,,,,,,,,
24-11-2023,1008.5,147.3999939,0.441970128,20.82622959,987.6737704,,0.047026096,,,,,,,,,,,,,,,
28-11-2023,1021.150024,149.9499969,0.421467654,19.85534948,1001.294675,,0.047856514,,,,,,,,,,,,,,,
29-11-2023,1060.150024,150.25,1.205191346,56.85863708,1003.291387,,0.059008199,,,,,,,,,,,,,,,
30-11-2023,1074.25,147.3500061,1.812741522,85.84759609,988.4024039,,0.083133791,,,,,,,,,,,,,,,
01-12-2023,1104.650024,148.75,2.271403046,108.1153313,996.5346931,,0.118192954,,,,,,,,,,,,,,,
04-12-2023,1125.599976,154.0500031,2.09303505,99.98511368,1025.614862,,0.105704234,,,,,,,,,,,,,,,
05-12-2023,1132.449951,156.5500031,1.931797974,92.59390251,1039.856049,,0.094176209,,,,,,,,,,,,,,,
06-12-2023,1120.5,155.1499939,1.81676871,87.39261362,1033.107386,,0.088884983,,,,,,,,,,,,,,,
07-12-2023,1117.849976,154.6499939,1.796454537,86.70814316,1031.141832,,0.090019288,,,,,,,,,,,,,,,
08-12-2023,1131.199951,154.5,2.064564523,100.086304,1031.113647,,0.111853184,,,,,,,,,,,,,,,
11-12-2023,1116.5,154.1499939,1.779961418,86.57048581,1029.929514,,0.088714102,,,,,,,,,,,,,,,
12-12-2023,1131.0,152.5500031,2.228024498,108.916855,1022.083145,,0.118133579,,,,,,,,,,,,,,,
13-12-2023,1114.849976,152.3500061,1.898124261,93.08523192,1021.764744,,0.09081091,,,,,,,,,,,,,,,
14-12-2023,1120.449951,152.6499939,1.955776316,96.22788157,1024.22207,,0.096765234,,,,,,,,,,,,,,,
15-12-2023,1120.349976,157.0500031,1.444387013,71.12672707,1049.223249,,0.062725121,,,,,,,,,,,,,,,
18-12-2023,1111.349976,156.5500031,1.300683896,64.11350125,1047.236474,,0.059638004,,,,,,,,,,,,,,,
19-12-2023,1120.25,157.3999939,1.367738557,67.49303329,1052.756967,,0.061666693,,,,,,,,,,,,,,,
20-12-2023,1110.25,153.1999969,1.618976254,80.11015565,1030.139844,,0.068894927,,,,,,,,,,,,,,,
21-12-2023,1095.400024,153.9499969,1.220304468,60.415937,1034.984087,,0.05492843,,,,,,,,,,,,,,,
22-12-2023,1088.300049,154.0,1.058970859,52.45123047,1035.848818,,0.048764607,,,,,,,,,,,,,,,
26-12-2023,1094.25,153.9499969,1.171197728,58.04259592,1036.207404,,0.050865647,,,,,,,,,,,,,,,
27-12-2023,1106.349976,154.0,1.393609555,69.14208727,1037.207888,,0.058920636,,,,,,,,,,,,,,,
28-12-2023,1107.849976,155.5,1.238085286,61.46390115,1046.386074,,0.054581588,,,,,,,,,,,,,,,
29-12-2023,1102.300049,156.1499939,1.039241044,51.61186257,1050.688186,,0.046951631,,,,,,,,,,,,,,,
01-01-2024,1097.699951,156.5500031,0.889096419,44.15195384,1053.547997,,0.045493467,,,,,,,,,,,,,,,
02-01-2024,1093.25,151.8999939,1.320893058,65.72121596,1027.528784,,0.052257549,,,,,,,,,,,,,,,
03-01-2024,1098.599976,151.75,1.431750902,71.32882692,1027.271149,,0.051311271,,,,,,,,,,,,,,,
04-01-2024,1123.400024,154.8500061,1.5551281,77.53500286,1045.865022,,0.052967001,,,,,,,,,,,,,,,
05-01-2024,1136.949951,154.6000061,1.834638026,91.6618873,1045.288064,,0.068097144,,,,,,,,,,,,,,,
08-01-2024,1122.0,150.1999969,2.023989794,101.5035974,1020.496403,,0.086962738,,,,,,,,,,,,,,,
09-01-2024,1116.550049,151.4499969,1.753550822,88.14416249,1028.405886,,0.073205185,,,,,,,,,,,,,,,
10-01-2024,1107.0,151.75,1.515059352,76.29232975,1030.70767,,0.06534756,,,,,,,,,,,,,,,
11-01-2024,1125.75,150.3500061,2.029197811,102.6026942,1023.147306,,0.098792458,,,,,,,,,,,,,,,
12-01-2024,1120.349976,151.1000061,1.818111782,92.2280653,1028.12191,,0.086826418,,,,,,,,,,,,,,,
15-01-2024,1119.5,152.9499969,1.572760456,79.96275302,1039.537247,,0.07339687,,,,,,,,,,,,,,,
16-01-2024,1119.099976,149.6999969,1.923691113,98.21430932,1020.885666,,0.096808809,,,,,,,,,,,,,,,
17-01-2024,1082.300049,145.8999939,1.630226164,83.49548271,998.8045661,,0.079146042,,,,,,,,,,,,,,,
18-01-2024,1097.5,146.8500061,1.802527739,92.61272017,1004.88728,,0.089366878,,,,,,,,,,,,,,,
19-01-2024,1116.550049,146.5500031,2.186729439,112.8982834,1003.651765,,0.117931718,,,,,,,,,,,,,,,
23-01-2024,1089.25,140.25,2.361361116,122.666753,966.583247,,0.138044261,,,,,,,,,,,,,,,
24-01-2024,1059.150024,142.1999969,1.548544488,80.60577398,978.5442504,,0.062936376,,,,,,,,,,,,,,,
25-01-2024,1042.25,141.8000031,1.26373544,65.82685791,976.4231421,,0.053985519,,,,,,,,,,,,,,,
29-01-2024,1061.25,145.4499969,1.202486508,62.65344301,998.596557,,0.055821435,,,,,,,,,,,,,,,
30-01-2024,1054.099976,145.1000061,1.099626832,57.33667584,996.7632997,,0.050859709,,,,,,,,,,,,,,,
31-01-2024,1067.75,147.3000031,1.101369221,57.4430356,1010.306964,,0.046464108,,,,,,,,,,,,,,,
01-02-2024,1084.25,146.8500061,1.460488215,76.25683149,1007.993169,,0.047912142,,,,,,,,,,,,,,,
02-02-2024,1067.050049,145.8500061,1.240842158,64.77669937,1002.273349,,0.04215169,,,,,,,,,,,,,,,
05-02-2024,1061.5,147.25,0.967420511,50.45359595,1011.046404,,0.030756271,,,,,,,,,,,,,,,
06-02-2024,1050.050049,146.8999939,0.78493075,40.86295262,1009.187096,,0.03277357,,,,,,,,,,,,,,,
07-02-2024,1069.099976,149.1999969,0.876841539,45.58941159,1023.510564,,0.02834382,,,,,,,,,,,,,,,
08-02-2024,1035.900024,146.6499939,0.534855685,27.75597238,1008.144052,,0.029340052,,,,,,,,,,,,,,,
09-02-2024,1051.400024,147.3000031,0.75350225,39.05420852,1012.345816,,0.03348633,,,,,,,,,,,,,,,
12-02-2024,1046.699951,146.6499939,0.736624652,38.15136079,1008.54859,,0.031610459,,,,,,,,,,,,,,,
13-02-2024,1070.75,147.6999969,1.07122812,55.45446494,1015.295535,,0.030898167,,,,,,,,,,,,,,,
14-02-2024,1096.849976,149.4499969,1.358611721,70.29836781,1026.551608,,0.036217641,,,,,,,,,,,,,,,
15-02-2024,1072.199951,156.6000061,0.025658136,1.323582334,1070.876369,,0.0173216,,,,,,,,,,,,,,,
16-02-2024,1068.75,164.6999969,-1.010377742,-51.97528616,1120.725286,0.0,0.021215126,,06-06-2023,968.2000122,126.1500015,2.335516153,117.6684925,850.5315198,1.0,0.231122594,,,,,,
19-02-2024,1062.949951,162.9499969,-0.909445179,-46.74875023,1109.698701,,0.017824711,,,,,,,,,,,,,,,
20-02-2024,1088.599976,154.3999939,0.61196781,31.43837814,1057.161597,,0.05865389,,,,,,,,,,,,,,,
21-02-2024,1084.199951,153.75,0.599628647,30.75979903,1053.440152,,0.052420409,,,,,,,,,,,,,,,
22-02-2024,1100.900024,153.6000061,0.936140153,47.99228856,1052.907736,,0.016872535,,,,,,,,,,,,,,,
23-02-2024,1096.800049,152.4499969,0.988843088,50.69076602,1046.109283,,0.018089343,,,,,,,,,,,,,,,
26-02-2024,1085.199951,151.5,0.871558371,44.67525222,1040.524699,,0.015378019,,,,,,,,,,,,,,,
27-02-2024,1079.050049,154.1999969,0.417151971,21.34868766,1057.701361,,0.015238915,,,,,,,,,,,,,,,
28-02-2024,1074.199951,150.3000031,0.79488188,40.6977569,1033.502194,,0.014545144,,,,,,,,,,,,,,,
29-02-2024,1075.099976,150.3999939,0.794737295,40.66352233,1034.436453,,0.015823472,,,,,,,,,,,,,,,
01-03-2024,1099.25,152.6000061,0.988448283,50.56677848,1048.683222,,0.017750459,,,,,,,,,,,,,,,
04-03-2024,1106.75,153.6000061,1.00337024,51.34240801,1055.407592,,0.018969035,,,,,,,,,,,,,,,
