Dates,HCLTECH.NS Y,COFORGE.NS X,Standard Residual,Residual,Y Predicted,Signal,Coint,Trades,Investments,Net Investments,Effective Margin of COFORGE.NS X,Effective Margin of HCLTECH.NS Y,Trade Length,Percentage Return,Profit,Net Percentage Return,Long Profit,Short Profit,Effective Investment of HCLTECH.NS X,Effective Investment of HCLTECH.NS Y,Multiplier X,Multiplier Y
2023-05-18,1079.9000244140625,4206.14990234375,0.1812028924323389,10.394552284235488,1069.505472129827,,0.0268007192557665,1.0,11916.5,119.16499999999999,60.382998046875,58.782001953125,54.0,-8.69844169586288,-1036.5498046875,-869.8441695862879,-341.14990234375,-695.39990234375,6038.2998046875,5878.2001953125,1.0,4.0
2023-05-19,1095.3499755859375,4278.14990234375,0.2904279973310727,16.659679656090248,1078.6902959298473,,0.0268048565404194,,,,,,,,,,,,,,,
2023-05-22,1119.8499755859375,4370.9501953125,0.5113690052375357,29.337514372549776,1090.5124612133875,,0.0268415639855682,,,,,,,,,,,,,,,
2023-05-23,1107.3499755859375,4304.5,0.4377526788993958,25.110812500876364,1082.2391630850611,,0.0271556525916976,,,,,,,,,,,,,,,
2023-05-24,1111.949951171875,4255.39990234375,0.6232137972589119,35.747400599878574,1076.2025505719964,,0.0278310348120713,,,,,,,,,,,,,,,
2023-05-25,1116.0,4297.25,0.599185540505118,34.36143738466944,1081.6385626153306,,0.026509481122605,,,,,,,,,,,,,,,
2023-05-26,1139.199951171875,4459.9501953125,0.6442826722734271,36.94350286190229,1102.2564483099727,,0.0242136441957414,Individual Breakup,,Lot HCLTECH.NS Y,Lot  COFORGE.NS X,Total Profit,Total Trade,,,,,,,,,
2023-05-29,1126.199951171875,4420.14990234375,0.5026946331122456,28.817061025462408,1097.3828901464126,,0.0213632957105457,Margin of COFORGE.NS X,Margin of HCLTECH.NS Y,1,1,-1036.5498046875,1,,,,,,,,,
2023-05-30,1135.8499755859375,4400.14990234375,0.712055952249351,40.8115027161316,1095.038472869806,,0.0253057170527111,1,1,,,,,,,,,,,,,
2023-05-31,1145.0999755859375,4555.10009765625,0.532114069478097,30.46876140792915,1114.6312141780083,,0.0245878675871458,,,,,,,,,,,,,,,
2023-06-01,1141.9000244140625,4562.14990234375,0.45869685611062,26.230178604408135,1115.6698458096544,,0.0239421390994941,,,,,,,,,,,,,,,
2023-06-02,1137.050048828125,4590.7998046875,0.3094188892264196,17.67529965838753,1119.3747491697377,,0.0208661183954937,,,,,,,,,,,,,,,
2023-06-05,1138.300048828125,4592.4501953125,0.325805073599578,18.59493202192993,1119.705116806195,,0.0218075900469959,,,,,,,,,,,,,,,
2023-06-06,1128.5999755859375,4415.5,0.5404708903848738,30.83049031181372,1097.7694852741238,,0.0250338544843321,,,,,,,,,,,,,,,
2023-06-07,1129.050048828125,4452.0498046875,0.4659106485342675,26.548135152857867,1102.5019136752671,,0.0234997068087048,,,,,,,,,,,,,,,
2023-06-08,1126.75,4385.5498046875,0.5682855815181943,32.35631370663964,1094.3936862933604,,0.0213634584798737,,,,,,,,,,,,,,,
2023-06-09,1109.75,4408.0,0.2186186474321705,12.437893393652304,1097.3121066063477,,0.0208452224986358,,,,,,,,,,,,,,,
2023-06-12,1139.6500244140625,4506.2998046875,0.5266417030537508,29.94144900762012,1109.7085754064424,,0.020129757843594,,,,,,,,,,,,,,,
2023-06-13,1131.300048828125,4567.89990234375,0.2428504197684769,13.788890331336006,1117.511158496789,,0.0189411299852452,,,,,,,,,,,,,,,
2023-06-14,1135.8499755859375,4619.60009765625,0.2078974176215815,11.791649619583495,1124.058325966354,,0.019103172860901,,,,,,,,,,,,,,,
2023-06-15,1143.5999755859375,4582.9501953125,0.4224336682035636,23.92999927963456,1119.669976306303,,0.0194550749708011,,,,,,,,,,,,,,,
2023-06-16,1148.199951171875,4594.25,0.4763949508516918,26.95503491964746,1121.2449162522275,,0.0193144630071952,,,,,,,,,,,,,,,
2023-06-19,1137.550048828125,4562.89990234375,0.3546454293743852,20.042823732271017,1117.507225095854,,0.0192706284181967,,,,,,,,,,,,,,,
2023-06-20,1168.6500244140625,4559.25,0.909511517653774,51.37142418587837,1117.278600228184,,0.0190635023441761,,,,,,,,,,,,,,,
2023-06-21,1170.449951171875,4604.85009765625,0.8379768777812261,47.29412560264268,1123.1558255692323,,0.0196477382198234,,,,,,,,,,,,,,,
2023-06-22,1163.4000244140625,4534.7001953125,0.863546645708578,48.71264962919077,1114.6873747848715,,0.0167964486662,,,,,,,,,,,,,,,
2023-06-23,1165.1500244140625,4499.4501953125,0.9682672231590044,54.56637673116393,1110.5836476828986,,0.0168066773658968,,,,,,,,,,,,,,,
2023-06-26,1167.5,4606.7001953125,0.7712125678711601,43.40972255383349,1124.0902774461665,,0.014932887051676,,,,,,,,,,,,,,,
2023-06-27,1170.0,4695.4501953125,0.6174974217201469,34.68617420296073,1135.3138257970393,,0.0120881318760438,,,,,,,,,,,,,,,
2023-06-28,1170.25,4668.89990234375,0.6772889877737991,37.969779421644034,1132.280220578356,,0.0113091721524615,,,,,,,,,,,,,,,
2023-06-30,1187.949951171875,4711.2998046875,0.8958608177314024,50.13155942825097,1137.818391743624,,0.0115849180230917,,,,,,,,,,,,,,,
2023-07-03,1181.5999755859375,4684.35009765625,0.838644946544449,46.82146187028229,1134.7785137156552,,0.0063515020502432,,,,,,,,,,,,,,,
2023-07-04,1190.5999755859375,4708.60009765625,0.9427663699691016,52.501624784730666,1138.0983508012068,,0.008615603176414,,,,,,,,,,,,,,,
2023-07-05,1194.800048828125,4725.4501953125,0.9772739469927014,54.27641175907752,1140.5236370690477,,0.0083461203585189,,,,,,,,,,,,,,,
2023-07-06,1180.6500244140625,4745.2998046875,0.6746897019005611,37.27362946401536,1143.3763949500471,,0.0179214415489456,,,,,,,,,,,,,,,
2023-07-07,1157.5999755859375,4691.64990234375,0.3742329501565196,20.582957358097246,1137.0170182278405,,0.0044452581335451,,,,,,,,,,,,,,,
2023-07-10,1124.5,4611.2998046875,-0.051021640213766,-2.792933397002344,1127.2929333970023,,0.0098802277121739,,,,,,,,,,,,,,,
2023-07-11,1114.9000244140625,4696.9501953125,-0.4260146022659489,-23.20130860198742,1138.10133301605,,0.004536170420025,,,,,,,,,,,,,,,
2023-07-12,1110.550048828125,4649.7998046875,-0.4051236774554969,-21.943514407591465,1132.4935632357165,,0.0035973144439955,,,,,,,,,,,,,,,
2023-07-13,1108.800048828125,4755.5,-0.6830296496047623,-36.91440884147005,1145.714457669595,,0.0021650576344515,,,,,,,,,,,,,,,
2023-07-14,1150.949951171875,4925.7998046875,-0.2999144644806313,-16.12978191204229,1167.0797330839173,,0.0011642909786352,,,,,,,,,,,,,,,
2023-07-17,1153.75,4958.14990234375,-0.3286114225614573,-17.584791558941788,1171.3347915589418,,0.0016550214897575,,,,,,,,,,,,,,,
2023-07-18,1167.199951171875,4965.85009765625,-0.1022379300106913,-5.431526709115587,1172.6314778809906,,0.0015293134834754,,,,,,,,,,,,,,,
2023-07-19,1169.050048828125,4875.9501953125,0.1355946293212548,7.141756274337467,1161.9082925537875,,0.000891520678377,,,,,,,,,,,,,,,
2023-07-20,1155.800048828125,4819.4501953125,0.0102201644758105,0.5342281071989419,1155.265820720926,,0.0004934545620242,,,,,,,,,,,,,,,
2023-07-21,1115.449951171875,4640.2998046875,-0.3425549812764878,-17.7782111531219,1133.228162324997,,0.0001180924919521,,,,,,,,,,,,,,,
2023-07-24,1112.9000244140625,4725.7001953125,-0.6085428830240206,-31.315402461470967,1144.2154268755337,,0.0004001802589223,,,,,,,,,,,,,,,
2023-07-25,1111.550048828125,4687.75,-0.5548411186292818,-28.26880951817384,1139.8188583462988,,0.0003688024148651,,,,,,,,,,,,,,,
2023-07-26,1115.0,4716.14990234375,-0.5765069359207585,-28.949062787076628,1143.9490627870766,,0.0008587312594994,,,,,,,,,,,,,,,
2023-07-27,1117.3499755859375,4692.7001953125,-0.4851871730230988,-24.099621271647948,1141.4495968575854,,0.0020397585463827,,,,,,,,,,,,,,,
2023-07-28,1103.550048828125,4672.2998046875,-0.7271994327835232,-35.742748709522175,1139.2927975376472,,0.0029549347233717,,,,,,,,,,,,,,,
2023-07-31,1116.699951171875,4703.7001953125,-0.5520018581882812,-26.923313563964257,1143.6232647358393,,0.001544586010348,,,,,,,,,,,,,,,
2023-08-01,1138.5,4845.4501953125,-0.4823976924478646,-23.41398390982204,1161.913983909822,,0.0013443724893739,,,,,,,,,,,,,,,
2023-08-02,1130.9000244140625,4757.10009765625,-0.4122214117771534,-19.943355551141394,1150.843379965204,,0.001687642065969,,,,,,,,,,,,,,,
2023-08-03,1125.5,4765.25,-0.5524564232469317,-26.60742047324084,1152.1074204732408,,0.0025764238217778,,,,,,,,,,,,,,,
2023-08-04,1144.3499755859375,4888.14990234375,-0.4949068913981935,-23.71789477072889,1168.0678703566664,,0.0028707539700281,,,,,,,,,,,,,,,
2023-08-07,1150.800048828125,4942.64990234375,-0.5123899720782186,-24.46166173770166,1175.261710565827,,0.0044382082281324,,,,,,,,,,,,,,,
2023-08-08,1141.3499755859375,4980.89990234375,-0.8162712276913182,-38.890916917002414,1180.24089250294,,0.0052823058066879,,,,,,,,,,,,,,,
2023-08-09,1144.1500244140625,5067.9501953125,-0.9935866739652344,-47.28018397468759,1191.43020838875,,0.0060325764366215,,,,,,,,,,,,,,,
2023-08-10,1134.300048828125,5146.89990234375,-1.4078153988625932,-67.06307713626848,1201.3631259643937,,0.0059246635866093,,,,,,,,,,,,,,,
2023-08-11,1171.449951171875,5267.89990234375,-0.9499806112852744,-45.25454888289687,1216.704500054772,,0.004261986741879,,,,,,,,,,,,,,,
2023-08-14,1171.0,5277.0498046875,-0.9795560560964724,-46.69681060951007,1217.69681060951,,0.0055680060933344,,,,,,,,,,,,,,,
2023-08-16,1177.1500244140625,5075.9501953125,-0.3143125610954267,-14.982751632673171,1192.1327760467357,,0.0037503042451846,,,,,,,,,,,,,,,
2023-08-17,1176.699951171875,5005.2001953125,-0.1377458707431124,-6.559367986287725,1183.2593191581627,,0.0032376398131767,,,,,,,,,,,,,,,
2023-08-18,1173.699951171875,4920.14990234375,0.0262083930573429,1.2481329916322466,1172.4518181802428,,0.0033963248666989,,,,,,,,,,,,,,,
2023-08-21,1179.25,4996.5,-0.0638808365586697,-3.040928731432359,1182.2909287314324,,0.0030909487343058,,,,,,,,,,,,,,,
2023-08-22,1179.5,4961.0,0.0344728359832467,1.640590245851172,1177.8594097541488,,0.0029084936562924,,,,,,,,,,,,,,,
2023-08-23,1182.5,4913.10009765625,0.2247749525720526,10.698466820227168,1171.8015331797728,,0.0030683917709486,,,,,,,,,,,,,,,
2023-08-24,1171.25,5390.85009765625,-1.2927616041029524,-61.50683981469274,1232.7568398146927,,0.0037758551936038,,,,,,,,,,,,,,,
2023-08-25,1153.949951171875,5256.2001953125,-1.2885324850012598,-61.411689327689146,1215.361640499564,,0.0040334886975472,,,,,,,,,,,,,,,
2023-08-28,1146.449951171875,5171.89990234375,-1.2148420451858797,-57.98633611166588,1204.4362872835409,,0.003625837337799,,,,,,,,,,,,,,,
2023-08-29,1157.550048828125,5225.60009765625,-1.1237070246955423,-53.6576575758811,1211.207706404006,,0.0041008525129696,,,,,,,,,,,,,,,
2023-08-30,1170.5,5298.25,-1.0433976101080158,-49.84384988030433,1220.3438498803043,,0.0038664313657511,,,,,,,,,,,,,,,
2023-08-31,1172.1500244140625,5466.4501953125,-1.451148106336332,-69.37236930696349,1241.522393721026,,0.0056439569575636,,,,,,,,,,,,,,,
2023-09-01,1185.800048828125,5451.89990234375,-1.119685255557406,-53.59169119636181,1239.3917400244868,,0.0047919838312812,,,,,,,,,,,,,,,
2023-09-04,1232.5,5489.0,-0.2436546882799253,-11.658148115050151,1244.1581481150502,,0.0032466639820503,,,,,,,,,,,,,,,
2023-09-05,1235.550048828125,5611.5,-0.5026242277853089,-24.03897367566856,1259.5890225037936,,0.0038591056034485,,,,,,,,,,,,,,,
2023-09-06,1235.8499755859375,5625.60009765625,-0.5286375619840251,-25.288809074361325,1261.1387846602988,,0.0036210051057487,,,,,,,,,,,,,,,
2023-09-07,1254.0,5610.35009765625,-0.1072453843085089,-5.130921354907514,1259.1309213549075,,0.0037721776096941,,,,,,,,,,,,,,,
2023-09-08,1262.050048828125,5550.60009765625,0.2204336877234085,10.548393219162564,1251.5016556089624,,0.0035940910386473,,,,,,,,,,,,,,,
2023-09-11,1281.550048828125,5515.7001953125,0.7215701048468124,34.52320590716499,1247.02684292096,,0.0026994984295622,,,,,,,,,,,,,,,
2023-09-12,1282.4000244140625,5459.5,0.884573628603681,42.35793795424843,1240.042086459814,,0.0027632996437192,,,,,,,,,,,,,,,
2023-09-13,1275.25,5437.14990234375,0.7922689405236893,37.95551509309144,1237.2944849069086,,0.0130802148149025,,,,,,,,,,,,,,,
2023-09-14,1283.5999755859375,5456.64990234375,0.915556505171916,43.84714254833784,1239.7528330375997,,0.0061648818794842,,,,,,,,,,,,,,,
2023-09-15,1304.5999755859375,5618.89990234375,0.925405995641084,44.27113347134673,1260.3288421145908,,0.0060816750712331,,,,,,,,,,,,,,,
2023-09-18,1305.0,5544.89990234375,1.1317801784817136,54.14151118288555,1250.8584888171144,,0.0137228878605264,,,,,,,,,,,,,,,
2023-09-20,1293.4000244140625,5418.0,1.227765680483696,58.752861835921976,1234.6471625781403,,0.007335984818167,,,,,,,,,,,,,,,
2023-09-21,1278.0,5336.2998046875,1.1329310061154805,54.089670385669706,1223.9103296143303,,0.0066686330346977,,,,,,,,,,,,,,,
2023-09-22,1273.699951171875,5293.4501953125,1.1579755631869737,55.27762498006291,1218.422326191812,,0.0061762818015784,,,,,,,,,,,,,,,
2023-09-25,1263.449951171875,5285.89990234375,0.9652744467834864,46.04857180590898,1217.401379365966,,0.005440736720786,,,,,,,,,,,,,,,
2023-09-26,1261.449951171875,5193.2001953125,1.1708871683624624,55.84296165011983,1205.6069895217552,,0.0071858849084977,,,,,,,,,,,,,,,
2023-09-27,1261.0999755859375,5204.9501953125,1.134985831461406,54.08768092553282,1207.012294660405,,0.0071400723710855,,,,,,,,,,,,,,,
2023-09-28,1241.9000244140625,5123.2998046875,0.9505693223005204,45.28707681279411,1196.6129476012684,,0.0047185888648387,,,,,,,,,,,,,,,
2023-09-29,1234.800048828125,5104.4501953125,0.8541726219330409,40.67196038280031,1194.1280884453247,,0.0059895912260072,,,,,,,,,,,,,,,
2023-10-03,1238.699951171875,5106.60009765625,0.9363783936190876,44.509698882427074,1194.190252289448,,0.0049285252395053,,,,,,,,,,,,,,,
2023-10-04,1239.550048828125,5135.75,0.8798305398674799,41.789916815168,1197.760132012957,,0.0054388393537947,,,,,,,,,,,,,,,
2023-10-05,1235.449951171875,5205.7001953125,0.6150831024434241,29.1557135484818,1206.2942376233932,,0.0035605157723433,,,,,,,,,,,,,,,
2023-10-06,1237.699951171875,5185.5498046875,0.7216951599921771,34.17252651937633,1203.527424652499,,0.0067315740919056,,,,,,,,,,,,,,,
2023-10-09,1249.5999755859375,5138.75,1.102184224831026,52.120151298581504,1197.479824287356,,0.0066791081522982,,,,,,,,,,,,,,,
2023-10-10,1261.800048828125,5196.25,1.2048975054193956,57.0173816565798,1204.7826671715452,,0.0093195806930227,,,,,,,,,,,,,,,
2023-10-11,1245.5999755859375,5154.64990234375,0.9727122711345462,46.04276508242219,1199.5572105035153,,0.0089059826612301,,,,,,,,,,,,,,,
2023-10-12,1223.75,5096.89990234375,0.659997677349814,31.26000690383125,1192.4899930961687,,0.006830433244328,,,,,,,,,,,,,,,
2023-10-13,1255.9000244140625,5006.64990234375,1.5640085349836408,74.24145007175957,1181.658574342303,,0.0119706175959119,,,,,,,,,,,,,,,
2023-10-16,1270.6500244140625,5040.14990234375,1.76772896104067,84.04499855238396,1186.6050258616783,,0.0328032965119602,,,,,,,,,,,,,,,
2023-10-17,1277.1500244140625,5061.7001953125,1.8279559840961044,87.08946937925066,1190.0605550348118,,0.0401397488002256,,,,,,,,,,,,,,,
2023-10-18,1269.449951171875,5092.10009765625,1.5714538173725392,75.02210266829798,1194.427848503577,,0.0367602577194808,,,,,,,,,,,,,,,
2023-10-19,1267.3499755859375,5108.7998046875,1.4692371152817738,70.24350684273259,1197.106468743205,,0.0335047564856633,,,,,,,,,,,,,,,
2023-10-20,1258.5999755859375,5000.10009765625,1.5646472619056229,74.99431101094956,1183.605664574988,,0.0350737863024963,,,,,,,,,,,,,,,
2023-10-23,1236.6500244140625,4915.39990234375,1.3242107834811074,63.57610932406669,1173.0739150899958,,0.0344246682658706,,,,,,,,,,,,,,,
2023-10-25,1229.0,4899.0498046875,1.201844142393636,57.78457568432418,1171.2154243156758,,0.0303322688466171,,,,,,,,,,,,,,,
2023-10-26,1231.800048828125,4904.39990234375,1.2374754907555736,59.55475156128114,1172.245297266844,,0.0257558708164908,,,,,,,,,,,,,,,
2023-10-27,1268.699951171875,5008.9501953125,1.711184019457698,82.55366492651592,1186.146286245359,,0.0388404691053876,,,,,,,,,,,,,,,
2023-10-30,1264.75,4988.64990234375,1.6718379716196596,80.88915781307492,1183.860842186925,,0.0331565025289762,,,,,,,,,,,,,,,
2023-10-31,1276.0,4984.25,1.900370984387881,92.2702596832919,1183.729740316708,,0.0426339917762434,,,,,,,,,,,,,,,
2023-11-01,1258.949951171875,5026.60009765625,1.4259186802903552,69.35889084969745,1189.5910603221776,,0.0259937476116291,,,,,,,,,,,,,,,
2023-11-02,1273.4000244140625,5056.39990234375,1.6308414071486903,79.52803986935851,1193.871984544704,,0.0191615318809105,,,,,,,,,,,,,,,
2023-11-03,1266.25,5083.10009765625,1.4008290705007085,68.40287767755308,1197.847122322447,,0.0086841716760723,,,,,,,,,,,,,,,
2023-11-06,1269.699951171875,5115.2998046875,1.3712277860050488,66.95995982458089,1202.739991347294,,0.0094786554157499,,,,,,,,,,,,,,,
2023-11-07,1273.949951171875,5087.60009765625,1.5176548077387757,74.15717601199185,1199.7927751598831,,0.0114252484027991,,,,,,,,,,,,,,,
2023-11-08,1267.6500244140625,5111.7001953125,1.3097070670018358,63.93935142405371,1203.7106729900088,,0.008618689574136,,,,,,,,,,,,,,,
2023-11-09,1267.5,5128.10009765625,1.2482353805192212,60.89591163771775,1206.6040883622825,,0.0103937026122236,,,,,,,,,,,,,,,
2023-11-10,1255.449951171875,5139.0,0.957991442396032,46.63349015339645,1208.8164610184783,,0.004907765931608,,,,,,,,,,,,,,,
2023-11-13,1261.0,5085.2001953125,1.20303398950187,58.2723631292638,1202.7276368707362,,0.0076834317093756,,,,,,,,,,,,,,,
2023-11-15,1276.6500244140625,5343.25,0.7830069378356834,37.52648672375062,1239.123537690312,,0.0092184910086514,,,,,,,,,,,,,,,
2023-11-16,1311.050048828125,5701.10009765625,0.4550130224480191,21.54980584223722,1289.5002429858878,,0.0045134743313742,,,,,,,,,,,,,,,
2023-11-17,1309.1500244140625,5674.9501953125,0.4633162755731475,21.750921572412157,1287.3991028416503,,0.0087788120158683,,,,,,,,,,,,,,,
2023-11-20,1325.4000244140625,5708.4501953125,0.6819890618243339,31.71608599354795,1293.6839384205146,,0.0175181220355879,,,,,,,,,,,,,,,
2023-11-21,1326.5999755859375,5625.39990234375,0.9298964974076024,42.97097307627291,1283.6290025096646,,0.0142902178638783,,,,,,,,,,,,,,,
2023-11-22,1329.699951171875,5634.4501953125,0.9410598048004446,43.10663108453173,1286.5933200873433,,0.0131200587939231,,,,,,,,,,,,,,,
2023-11-23,1329.0,5619.64990234375,0.9479605428275644,43.13850443509364,1285.8614955649064,,0.0139511952394134,,,,,,,,,,,,,,,
2023-11-24,1309.1500244140625,5618.5498046875,0.4952753392311391,22.4191610268349,1286.7308633872276,,0.0147368837588932,,,,,,,,,,,,,,,
2023-11-28,1316.6500244140625,5566.2998046875,0.8011021864365605,36.03138647339347,1280.618637940669,,0.013909753945719,,,,,,,,,,,,,,,
2023-11-29,1333.949951171875,5694.75,0.7551598853232536,33.79842977866133,1300.1515213932137,,0.010636865509426,,,,,,,,,,,,,,,
2023-11-30,1340.9000244140625,5760.85009765625,0.6775815811866202,30.2415298891608,1310.6584945249017,,0.0053685566630554,,,,,,,,,,,,,,,
2023-12-01,1336.699951171875,5714.0,0.7140987204852908,31.79418520470449,1304.9057659671705,,0.0064073308258719,,,,,,,,,,,,,,,
2023-12-04,1337.949951171875,5675.9501953125,0.8469732589153987,37.614464567661344,1300.3354866042137,,0.0069480797275715,,,,,,,,,,,,,,,
2023-12-05,1317.550048828125,5605.85009765625,0.6001566599224116,26.58058969406284,1290.9694591340622,,0.00639690387391,,,,,,,,,,,,,,,
2023-12-06,1329.550048828125,5701.75,0.5398735557136777,23.847829588011564,1305.7022192401134,,0.0065617391939638,,,,,,,,,,,,,,,
2023-12-07,1328.0,5700.64990234375,0.4919162989695127,21.67346605564217,1306.3265339443578,,0.0088910328865456,,,,,,,,,,,,,,,
2023-12-08,1364.0999755859375,5783.0,1.013125476825123,44.48314419787539,1319.616831388062,,0.0117395773501296,,,,,,,,,,,,,,,
2023-12-11,1375.300048828125,5864.75,0.9633664749724788,42.01969425127368,1333.280354576851,,0.0123402136979575,,,,,,,,,,,,,,,
2023-12-12,1375.300048828125,5856.64990234375,0.9613399451559882,41.71356659883008,1333.586482229295,,0.0138549249483323,,,,,,,,,,,,,,,
2023-12-13,1369.199951171875,5830.4501953125,0.8848750756077612,38.21187121743242,1330.9880799544426,,0.0154899906210391,,,,,,,,,,,,,,,
2023-12-14,1414.5999755859375,6156.7001953125,0.7757243669818457,33.25973779643891,1381.3402377894986,,0.0161194414890191,,,,,,,,,,,,,,,
2023-12-15,1491.300048828125,6439.85009765625,1.522216857650128,64.94716200936296,1426.352886818762,,0.0241915538095947,,,,,,,,,,,,,,,
2023-12-18,1504.300048828125,6441.10009765625,1.7689964119687938,75.488168610417,1428.811880217708,,0.0048754729756489,,,,,,,,,,,,,,,
2023-12-19,1488.300048828125,6273.39990234375,1.9368425345966516,82.90299336725866,1405.3970554608663,,0.0031189317222003,,,,,,,,,,,,,,,
2023-12-20,1439.949951171875,6039.0498046875,1.606323118929807,68.92555831141908,1371.024392860456,,0.0025904140053491,,,,,,,,,,,,,,,
2023-12-21,1422.050048828125,6127.89990234375,0.8462727452668161,36.26053318049048,1385.7895156476343,,0.001539459562505,,,,,,,,,,,,,,,
2023-12-22,1462.699951171875,6290.2001953125,1.17722946904074,50.39410803233977,1412.3058431395352,,0.0039143952144244,,,,,,,,,,,,,,,
2023-12-26,1458.1500244140625,6276.0498046875,1.0918909880934162,46.76353611644777,1411.3864882976147,,0.0040778114024798,,,,,,,,,,,,,,,
2023-12-27,1472.050048828125,6299.39990234375,1.2990064393058898,55.69417779097739,1416.3558710371476,,0.0047868330869154,,,,,,,,,,,,,,,
2023-12-28,1472.449951171875,6272.35009765625,1.3751186481646107,59.07074096251495,1413.37921020936,,0.0047343233930402,,,,,,,,,,,,,,,
2023-12-29,1466.0999755859375,6274.39990234375,1.189091668587832,51.126556838369424,1414.973418747568,,0.0040818252216006,,,,,,,,,,,,,,,
2024-01-01,1483.75,6192.5498046875,1.8538362698025,79.984618251146,1403.765381748854,,0.0351756665937832,,,,,,,,,,,,,,,
2024-01-02,1469.550048828125,6038.2998046875,2.042385208945087,88.50245708046668,1381.0475917476583,1.0,0.0400293757403905,,,,,,,,,,,,,,,
2024-01-03,1437.75,5928.2001953125,1.673322158629758,72.63352580280775,1365.1164741971922,,0.0311724820250837,,,,,,,,,,,,,,,
2024-01-04,1419.949951171875,5954.0498046875,1.1395079738178742,49.43544207430932,1370.5145090975657,,0.025896710192928,,,,,,,,,,,,,,,
2024-01-05,1432.800048828125,6076.35009765625,0.9494044655131412,41.04383745528821,1391.7562113728368,,0.0115104398050289,,,,,,,,,,,,,,,
2024-01-08,1447.9000244140625,6060.5,1.3264802859681906,57.379319746466535,1390.520704667596,,0.0136619529180372,,,,,,,,,,,,,,,
2024-01-09,1460.4000244140625,6067.85009765625,1.5579895466664886,67.5376581611772,1392.8623662528853,,0.0125963032440365,,,,,,,,,,,,,,,
2024-01-10,1492.0999755859375,6152.25,1.937940723222306,84.28482555012715,1407.8151500358103,,0.0151973277933654,,,,,,,,,,,,,,,
2024-01-11,1484.800048828125,6238.10009765625,1.424458093233016,62.04473821710508,1422.75531061102,,0.0106084450457416,,,,,,,,,,,,,,,
2024-01-12,1540.800048828125,6592.7001953125,1.348525123415666,58.68588928000327,1482.1141595481215,,0.0124590408775899,,,,,,,,,,,,,,,
2024-01-15,1588.199951171875,6614.0498046875,2.2968868503223128,100.49190657493546,1487.7080445969395,,0.0210511974366716,,,,,,,,,,,,,,,
2024-01-16,1555.449951171875,6597.0,1.56074652797641,68.3163739019435,1487.1335772699315,,0.0167054686949885,,,,,,,,,,,,,,,
2024-01-17,1575.9000244140625,6626.9501953125,1.8569532604775916,81.34893104882053,1494.551093365242,,0.0082011537461028,,,,,,,,,,,,,,,
2024-01-18,1567.550048828125,6486.60009765625,2.1379290600104017,93.7982494111718,1473.7517994169532,,0.0111154093055081,,,,,,,,,,,,,,,
2024-01-19,1567.949951171875,6415.35009765625,2.357178134389069,103.5204786424847,1464.4294725293903,,0.0257871342040893,,,,,,,,,,,,,,,
2024-01-23,1523.6500244140625,6201.60009765625,2.1231587840361708,93.4141898134876,1430.235834600575,,0.0330237996650904,,,,,,,,,,,,,,,
2024-01-24,1576.4000244140625,6369.2001953125,2.6159372921845385,115.47861730745672,1460.9214071066058,,0.0091418758087171,,,,,,,,,,,,,,,
2024-01-25,1550.25,6205.0498046875,2.6017636418079344,115.5293418138092,1434.7206581861908,,0.0120780384440392,,,,,,,,,,,,,,,
2024-01-29,1574.550048828125,6254.75,2.893038027407499,129.39413680789744,1445.1559120202276,,0.0091317824324186,,,,,,,,,,,,,,,
2024-01-30,1559.300048828125,6244.7998046875,2.5422367533092314,113.91397612391938,1445.3860727042056,,0.0060492911087301,,,,,,,,,,,,,,,
2024-01-31,1576.0,6250.10009765625,2.8360164014067237,127.5202076704736,1448.4797923295264,,0.0173927571524582,,,,,,,,,,,,,,,
2024-02-01,1577.4000244140625,6169.75,3.107079974538717,140.91441076418914,1436.4856136498734,,0.0353242628711311,,,,,,,,,,,,,,,
2024-02-02,1583.75,6425.35009765625,2.215217350088093,100.77509404298962,1482.9749059570104,,0.014040129589673,,,,,,,,,,,,,,,
2024-02-05,1555.3499755859375,6366.2998046875,1.7854165583543269,81.51255786148135,1473.837417724456,,0.0099458202417288,,,,,,,,,,,,,,,
2024-02-06,1623.75,6560.7998046875,2.476087354302176,113.6099433709894,1510.1400566290106,,0.0178600863159042,,,,,,,,,,,,,,,
2024-02-07,1615.3499755859375,6583.5,2.157392824152323,99.4451817340157,1515.9047938519218,,0.014145340760148,,,,,,,,,,,,,,,
2024-02-08,1633.800048828125,6608.35009765625,2.406517184974756,111.58331192848571,1522.2167368996393,,0.018377419879376,,,,,,,,,,,,,,,
2024-02-09,1630.5999755859375,6500.75,2.68773467867946,125.64382995536609,1504.9561456305714,,0.0261272586691393,,,,,,,,,,,,,,,
2024-02-12,1666.949951171875,6666.2001953125,2.763055926022886,130.05251869888707,1536.897432472988,,0.0296975879307435,,,,,,,,,,,,,,,
2024-02-13,1665.5999755859375,6661.89990234375,2.6854084318875624,127.3499697203638,1538.2500058655737,,0.0278669176034202,,,,,,,,,,,,,,,
2024-02-14,1671.5,6472.14990234375,3.440703173550833,165.33390514093185,1506.1660948590682,,0.0670620201048495,,,,,,,,,,,,,,,
2024-02-15,1662.550048828125,6644.7998046875,2.545061371860045,122.9674920738953,1539.5825567542297,,0.0238205842612239,,,,,,,,,,,,,,,
2024-02-16,1667.449951171875,6665.39990234375,2.513191461507473,122.17331326807653,1545.2766379037985,,0.0230722522176705,,,,,,,,,,,,,,,
2024-02-19,1675.25,6754.89990234375,2.287050950632374,111.66362149666884,1563.5863785033312,,0.0171773152611564,,,,,,,,,,,,,,,
2024-02-20,1663.050048828125,6653.4501953125,2.371993996949107,116.44196999344445,1546.6080788346806,,0.0221494549556504,,,,,,,,,,,,,,,
2024-02-21,1636.300048828125,6546.0,2.191656122100471,108.14820160149816,1528.1518472266268,,0.0210056737126667,,,,,,,,,,,,,,,
2024-02-22,1686.4000244140625,6617.7001953125,2.871722505622329,142.84675051741624,1543.5532738966465,,0.0409591229448898,,,,,,,,,,,,,,,
2024-02-23,1665.75,6606.0,2.4505891222366114,122.6558998909261,1543.094100109074,,0.0284520842090946,,,,,,,,,,,,,,,
2024-02-26,1649.800048828125,6593.39990234375,2.13872896528194,107.5660677282849,1542.23398109984,,0.0216850839184725,,,,,,,,,,,,,,,
2024-02-27,1658.800048828125,6561.5498046875,2.3894340356905723,120.8934327379934,1537.9066160901316,,0.0272034914937142,,,,,,,,,,,,,,,
2024-02-28,1651.9000244140625,6464.64990234375,2.563787555920951,130.62606055639617,1521.2739638576663,,0.0331013651359599,,,,,,,,,,,,,,,
2024-02-29,1663.8499755859375,6554.0498046875,2.4202418931453016,123.9554043794808,1539.8945712064567,,0.0280618190347472,,,,,,,,,,,,,,,
2024-03-01,1644.0999755859375,6504.7001953125,2.178565028240476,112.07551715809676,1532.0244584278407,,0.0231402835790958,,,,,,,,,,,,,,,
2024-03-04,1637.949951171875,6442.7001953125,2.249404100842128,116.28470440574256,1521.6652467661324,,0.0260586192583551,,,,,,,,,,,,,,,
2024-03-05,1619.3499755859375,6316.4501953125,2.317712202828967,120.48708658090824,1498.8628890050293,,0.0292942063549488,,,,,,,,,,,,,,,
2024-03-06,1644.199951171875,6323.2998046875,2.7205755239534413,142.4430886337002,1501.7568625381748,,0.0538362969916825,,,,,,,,,,,,,,,
2024-03-07,1637.6500244140625,6253.7001953125,2.802270192266282,147.9329710662155,1489.717053347847,,0.0445739569668365,,,,,,,,,,,,,,,
2024-03-11,1638.6500244140625,6247.64990234375,2.803446811666696,148.78635392166984,1489.8636704923929,,0.0498879554323397,,,,,,,,,,,,,,,
2024-03-12,1635.5999755859375,6263.64990234375,2.6513192595203576,141.38697568733824,1494.2129998985993,,0.0466359526084828,,,,,,,,,,,,,,,
2024-03-13,1631.5,6173.60009765625,2.8608282775677782,153.5913716632126,1477.9086283367874,,0.0499278468197818,,,,,,,,,,,,,,,
2024-03-14,1679.25,6087.60009765625,3.9776079632459433,216.478840948794,1462.771159051206,,0.2007848723248284,,,,,,,,,,,,,,,
2024-03-15,1647.300048828125,6116.39990234375,3.234457102944578,177.55780535803183,1469.7422434700932,,0.100937760150891,,,,,,,,,,,,,,,
2024-03-18,1643.4000244140625,5697.14990234375,4.545105886651844,254.9330240562722,1388.4670003577903,0.0,0.4322834708732805,,,,,,,,,,,,,,,
2024-03-19,1599.1500244140625,5557.5498046875,4.154424402099404,237.24113512388976,1361.9088892901727,,0.3341501489092072,,,,,,,,,,,,,,,
2024-03-20,1587.0999755859375,5529.75,3.959757066987896,229.75836660969912,1357.3416089762384,,0.3002390117070354,,,,,,,,,,,,,,,
2024-03-21,1595.800048828125,5706.75,3.4475760221587928,202.310690331678,1393.489358496447,,0.1903181865054744,,,,,,,,,,,,,,,
2024-03-22,1557.8499755859375,5540.10009765625,3.316051187165401,196.7813493448216,1361.068626241116,,0.1807559485584424,,,,,,,,,,,,,,,
2024-03-26,1562.25,5547.2998046875,3.316472296750672,198.9441100005756,1363.3058899994244,,0.1929302252191236,,,,,,,,,,,,,,,
2024-03-27,1546.199951171875,5549.25,3.003868004031891,181.7744030027643,1364.4255481691107,,0.1553892471503,,,,,,,,,,,,,,,
2024-03-28,1543.550048828125,5502.4501953125,3.0738611358961543,187.78962116806812,1355.7604276600568,,0.1868982866891566,,,,,,,,,,,,,,,
2024-04-01,1556.699951171875,5484.0498046875,3.299126880723678,203.82589909541912,1352.874052076456,,0.2423889592589216,,,,,,,,,,,,,,,
2024-04-02,1528.300048828125,5556.25,2.576266332939205,160.21270710147292,1368.087341726652,,0.1211138576986797,,,,,,,,,,,,,,,
2024-04-03,1535.8499755859375,5662.60009765625,2.3301889502310984,145.6404603664514,1390.209515219486,,0.1009793914325869,,,,,,,,,,,,,,,
2024-04-04,1539.6500244140625,5819.4501953125,1.86822783587062,117.1080986059942,1422.5419258080683,,0.0698469287588237,,,,,,,,,,,,,,,
2024-04-05,1545.25,5782.89990234375,2.0566091989821578,129.46243641053024,1415.7875635894698,,0.0835315919030434,,,,,,,,,,,,,,,
2024-04-08,1540.050048828125,5682.2001953125,2.27564783958422,144.03297303618638,1396.0170757919386,,0.0977648580426102,,,,,,,,,,,,,,,
2024-04-09,1540.5,5711.64990234375,2.168782107070882,137.86465828581822,1402.6353417141818,,0.0933398659159771,,,,,,,,,,,,,,,
2024-04-10,1539.1500244140625,5702.4501953125,2.1574501318336377,137.7593029149525,1401.39072149911,,0.1442092054913215,,,,,,,,,,,,,,,
2024-04-12,1521.5,5616.25,2.136857235860262,137.10413864956672,1384.3958613504333,,0.0949635299143493,,,,,,,,,,,,,,,
2024-04-15,1505.050048828125,5396.2001953125,2.556287144820993,165.1036090825853,1339.9464397455397,,0.1425470949643742,,,,,,,,,,,,,,,
2024-04-16,1477.300048828125,5209.89990234375,2.69025306567028,175.040949209877,1302.259099618248,,0.1695844070303718,,,,,,,,,,,,,,,
2024-04-18,1466.8499755859375,5206.89990234375,2.5166444317725314,164.76790410600142,1302.082071479936,,0.1590570752462551,,,,,,,,,,,,,,,
2024-04-19,1447.5,5118.14990234375,2.477122632448836,163.21667877202344,1284.2833212279766,,0.1540153487866477,,,,,,,,,,,,,,,
2024-04-22,1465.9000244140625,5100.0498046875,2.7849355546017494,184.9016537750133,1280.9983706390492,,0.2143572886132532,,,,,,,,,,,,,,,
2024-04-23,1486.6500244140625,5217.14990234375,2.707429342117188,181.05594695076684,1305.5940774632957,,0.2105880432025894,,,,,,,,,,,,,,,
2024-04-24,1479.25,5192.64990234375,2.64622379761678,178.22523608481652,1301.0247639151837,,0.2031337343718934,,,,,,,,,,,,,,,
2024-04-25,1504.1500244140625,5210.5,2.9283023011791647,198.9072176819473,1305.2428067321152,,0.268988459062991,,,,,,,,,,,,,,,
2024-04-26,1473.8499755859375,5251.0,2.339941474048832,159.7929396944121,1314.0570358915254,,0.2414503641759766,,,,,,,,,,,,,,,
2024-04-29,1387.4000244140625,5184.2001953125,1.2715865412829277,86.96584581143657,1300.434178602626,,0.0737013868417961,,,,,,,,,,,,,,,
2024-04-30,1366.5999755859375,5103.25,1.2079464006020064,82.73985008737782,1283.8601254985597,,0.0737312409995208,,,,,,,,,,,,,,,
2024-05-02,1360.699951171875,4985.7001953125,1.470205895383069,100.93104185712946,1259.7689093147455,,0.0861303992778265,,,,,,,,,,,,,,,
2024-05-03,1348.050048828125,4482.5498046875,2.7767315583922687,192.15915068738516,1155.89089814074,,0.2001690038138934,,,,,,,,,,,,,,,
2024-05-06,1358.800048828125,4413.0498046875,3.1024550632763845,216.80195142171877,1141.9980974064065,,0.2795002210562913,,,,,,,,,,,,,,,
2024-05-07,1330.949951171875,4419.14990234375,2.6604357685107693,187.25012098390903,1143.699830187966,,0.2036160962369995,,,,,,,,,,,,,,,
2024-05-08,1313.6500244140625,4409.5498046875,2.4236409398474352,171.60463477581766,1142.0453896382448,,0.1650938399619346,,,,,,,,,,,,,,,
2024-05-09,1320.050048828125,4301.7998046875,2.80324194004574,199.97931949680333,1120.0707293313217,,0.2044335120557276,,,,,,,,,,,,,,,
2024-05-10,1316.199951171875,4465.2998046875,2.2646409144585404,162.1694102418803,1154.030540929995,,0.1486609204782863,,,,,,,,,,,,,,,
2024-05-13,1312.9000244140625,4534.85009765625,2.008377432839377,144.307976277536,1168.5920481365265,,0.1163401416230023,,,,,,,,,,,,,,,
2024-05-14,1321.050048828125,4559.35009765625,2.042640765175887,147.2404712264347,1173.8095776016903,,0.1383346213271328,,,,,,,,,,,,,,,
2024-05-15,1332.9000244140625,4614.9501953125,2.0365977455193427,147.36286934173472,1185.5371550723278,,0.1491586406144184,,,,,,,,,,,,,,,
2024-05-16,1348.1500244140625,4680.9501953125,2.046353119322508,148.67800231932802,1199.4720220947345,,0.1512312548897523,,,,,,,,,,,,,,,
2024-05-17,1333.199951171875,4712.60009765625,1.7426570853500851,126.97126725833868,1206.2286839135363,,0.1266923144047143,,,,,,,,,,,,,,,
2024-05-21,1341.9000244140625,4790.14990234375,1.6341470456094649,119.37170367342289,1222.5283207406396,,0.1208786233156176,,,,,,,,,,,,,,,
