Dates,LUPIN.NS Y,GLENMARK.NS X,Standard Residual,Residual,Y Predicted,Signal,Trades,Investments,Net Investments,Effective Margin of GLENMARK.NS X,Effective Margin of LUPIN.NS Y,Trade Length,Percentage Return,Profit,Net Percentage Return,Long Profit,Short Profit,Effective Investment of LUPIN.NS X,Effective Investment of LUPIN.NS Y,Multiplier X,Multiplier Y
2022-03-21,755.1500244140625,455.75,-2.2424227281475164,-166.70089247929923,921.8509168933616,-1.0,1.0,1302715.0207519531,206020.1928918457,108839.93625,97180.2566418457,100.0,3.591920750471794,46792.49114990234,22.712575157361865,-75225.0,122017.49114990234,660837.5,641877.5207519531,1.0,1.0
2022-03-22,757.25,450.0499877929688,-2.109885080734425,-157.5428859171094,914.7928859171094,,,,,,,,,,,,,649890.0177001953,559597.4792480469,1.0,1.0
2022-03-23,746.2999877929688,453.75,-2.2982617415243345,-172.53095563517513,918.830943428144,,,,,,,,,,,,,,,,
2022-03-24,774.5999755859375,464.1000061035156,-2.073678409819554,-156.31683795430467,930.9168135402422,,,,,,,,,,,,,,,,
2022-03-25,756.3499755859375,457.5499877929688,-2.203867002066685,-166.7914375198393,923.1414131057768,,,,,,,,,,,,,,,,
2022-03-28,752.4000244140625,446.2000122070313,-2.0731534279379877,-157.41615744986598,909.8161818639284,,,,,,,,,,,,,,,,
2022-03-29,761.5,452.3999938964844,-2.0405128595835937,-155.5191231167248,917.0191231167248,,,,,,,,,,,,,,,,
2022-03-30,749.0999755859375,449.6499938964844,-2.1490734285053525,-164.51003101457536,913.6100066005127,,Individual Breakup,,Lot LUPIN.NS Y,Lot  GLENMARK.NS X,Total Profit,Total Trade,,,,,,,,,
2022-03-31,747.0499877929688,442.0,-2.04992440920326,-157.50554775707235,904.5555355500412,,Margin of GLENMARK.NS X,Margin of LUPIN.NS Y,850,1450,46792.491149902344,1,,,,,,,,,
2022-04-01,765.5,452.3500061035156,-1.9523089564426857,-150.60183882876913,916.1018388287692,,16.47,15.14,,,,,,,,,,,,,
2022-04-04,790.5499877929688,460.25,-1.734922155202848,-134.2047309848001,924.7547187777687,,,,,,,,,,,,,,,,
2022-04-05,776.2000122070312,470.1499938964844,-2.055177679238504,-159.61628928402217,935.8163014910534,,,,,,,,,,,,,,,,
2022-04-06,772.7999877929688,475.1000061035156,-2.1581613242957203,-168.01786003351208,940.8178478264808,,,,,,,,,,,,,,,,
2022-04-07,784.5999755859375,477.1000061035156,-2.023172479797368,-157.92249000422612,942.5224655901636,,,,,,,,,,,,,,,,
2022-04-08,782.0499877929688,479.1499938964844,-2.0725858549805403,-162.40007514069657,944.4500629336652,,,,,,,,,,,,,,,,
2022-04-11,785.5,478.0499877929688,-1.997732668708736,-157.02689221014862,942.5268922101486,,,,,,,,,,,,,,,,
2022-04-12,773.5999755859375,475.2000122070313,-2.089591152463341,-164.80457153502653,938.404547120964,,,,,,,,,,,,,,,,
2022-04-13,773.0,477.7999877929688,-2.121572278174482,-167.96830706728383,940.9683070672838,,,,,,,,,,,,,,,,
2022-04-18,770.1500244140625,467.9500122070313,-1.9898305755649952,-158.02522015343015,928.1752445674928,,,,,,,,,,,,,,,,
2022-04-19,769.5,459.4500122070313,-1.8517434572946516,-147.45562179608487,916.9556217960848,,,,,,,,,,,,,,,,
2022-04-20,777.2000122070312,457.25,-1.7084900614794172,-136.3825042814035,913.5825164884347,,,,,,,,,,,,,,,,
2022-04-21,782.4500122070312,453.6000061035156,-1.5733194827948978,-125.67937394471689,908.129386151748,,,,,,,,,,,,,,,,
2022-04-22,754.2000122070312,443.5499877929688,-1.7529047457443627,-140.05556607549738,894.2555782825286,,,,,,,,,,,,,,,,
2022-04-25,725.4000244140625,427.0499877929688,-1.8310051601240231,-146.45419271756964,871.8542171316321,,,,,,,,,,,,,,,,
2022-04-26,758.5999755859375,435.75,-1.5391450511180909,-123.2077570136837,881.8077325996212,,,,,,,,,,,,,,,,
2022-04-27,742.5999755859375,436.1499938964844,-1.7286145680311082,-138.64829807072044,881.248273656658,,,,,,,,,,,,,,,,
2022-04-28,748.6500244140625,439.2000122070313,-1.6864142977592425,-135.4921760378237,884.1422004518862,,,,,,,,,,,,,,,,
2022-04-29,744.6500244140625,439.5499877929688,-1.7246539112623842,-138.79136383968455,883.441388253747,,,,,,,,,,,,,,,,
2022-05-02,741.8499755859375,437.4500122070313,-1.7080587536250775,-137.70386564070577,879.5538412266433,,,,,,,,,,,,,,,,
2022-05-04,726.75,421.0499877929688,-1.6063983694934438,-129.67753730773745,856.4275373077375,,,,,,,,,,,,,,,,
2022-05-05,726.3499755859375,418.5499877929688,-1.550041519112838,-125.23702667620182,851.5870022621393,,,,,,,,,,,,,,,,
2022-05-06,723.8499755859375,410.75,-1.4290660967357107,-115.43959299406526,839.2895685800028,,,,,,,,,,,,,,,,
2022-05-09,733.0499877929688,415.7000122070313,-1.3784572174182803,-111.33272802337274,844.3827158163415,,,,,,,,,,,,,,,,
2022-05-10,714.4500122070312,404.1499938964844,-1.3890235464697007,-112.15498668002932,826.6049988870606,,,,,,,,,,,,,,,,
2022-05-11,716.7999877929688,403.5,-1.326565219240572,-107.0667482887294,823.8667360816981,,,,,,,,,,,,,,,,
2022-05-12,694.1500244140625,390.5499877929688,-1.3556384534676449,-109.34121773130757,803.49124214537,,,,,,,,,,,,,,,,
2022-05-13,696.3499755859375,393.8500061035156,-1.357614114860425,-109.3641279486144,805.7141035345519,,,,,,,,,,,,,,,,
2022-05-16,685.0499877929688,392.6000061035156,-1.4470590230017175,-116.52475421442055,801.5747420073893,,,,,,,,,,,,,,,,
2022-05-17,690.9000244140625,402.3999938964844,-1.5246514905991888,-122.72523757531428,813.6252619893768,,,,,,,,,,,,,,,,
2022-05-18,683.2999877929688,406.2999877929688,-1.6631165483853494,-133.7971830814978,817.0971708744665,,,,,,,,,,,,,,,,
2022-05-19,634.8499755859375,392.6499938964844,-1.9758427737151256,-158.850958717803,793.7009343037405,,,,,,,,,,,,,,,,
2022-05-20,638.4000244140625,407.5,-2.175610394643713,-174.98907219591683,813.3890966099793,,,,,,,,,,,,,,,,
2022-05-23,618.5,404.1499938964844,-2.3200027362459075,-186.72179435462715,805.2217943546271,,,,,,,,,,,,,,,,
2022-05-24,600.8499755859375,394.9500122070313,-2.3175714594025227,-186.58296526892357,787.432940854861,,,,,,,,,,,,,,,,
2022-05-25,590.25,386.5499877929688,-2.240183910823438,-180.57816209207223,770.8281620920723,,,,,,,,,,,,,,,,
2022-05-26,600.5,393.6499938964844,-2.2156823901357408,-179.2451500823298,779.7451500823298,,,,,,,,,,,,,,,,
2022-05-27,605.75,397.8999938964844,-2.2009214519433686,-178.69748155988054,784.4474815598805,,,,,,,,,,,,,,,,
2022-05-30,612.9000244140625,409.4500122070313,-2.311953228424964,-188.58176916520904,801.4817935792715,,,,,,,,,,,,,,,,
2022-05-31,618.5999755859375,393.5499877929688,-1.88923664477094,-154.1383712891411,772.7383468750786,,,,,,,,,,,,,,,,
2022-06-01,607.9500122070312,388.8999938964844,-1.8935150921961383,-154.70086435406188,762.6508765610931,,,,,,,,,,,,,,,,
2022-06-02,612.7000122070312,389.1000061035156,-1.809439455861118,-148.00673942919002,760.7067516362213,,,,,,,,,,,,,,,,
2022-06-03,611.1500244140625,389.1499938964844,-1.7992820720997542,-147.24257089594585,758.3925953100083,,,,,,,,,,,,,,,,
2022-06-06,605.4500122070312,392.5499877929688,-1.909104432608566,-156.31638222916797,761.7663944361992,,,,,,,,,,,,,,,,
2022-06-07,609.6500244140625,380.1000061035156,-1.561925077480372,-127.54499098841347,737.195015402476,,,,,,,,,,,,,,,,
2022-06-08,613.2000122070312,395.3999938964844,-1.81804126426158,-148.6962673195285,761.8962795265597,,,,,,,,,,,,,,,,
2022-06-09,618.4000244140625,395.6000061035156,-1.730451188508923,-141.25041602765623,759.6504404417187,,,,,,,,,,,,,,,,
2022-06-10,618.6500244140625,388.4500122070313,-1.5426100791052488,-125.61118164140804,744.2612060554706,,,,,,,,,,,,,,,,
2022-06-13,612.25,375.3999938964844,-1.303671361227366,-105.80313409319854,718.0531340931985,,,,,,,,,,,,,,,,
2022-06-14,609.3499755859375,382.0,-1.4601770932232538,-118.42453553522876,727.7745111211663,,,,,,,,,,,,,,,,
2022-06-15,613.7000122070312,382.1499938964844,-1.384737743623768,-112.20606959108692,725.9060817981182,,,,,,,,,,,,,,,,
2022-06-16,603.0,363.7999877929688,-1.08493026206068,-87.88731662692965,690.8873166269296,,,,,,,,,,,,,,,,
2022-06-17,597.5999755859375,362.6000061035156,-1.1086320370533496,-89.91109990901225,687.5110754949498,,,,,,,,,,,,,,,,
2022-06-20,606.7999877929688,352.45001220703125,-0.7485495686757633,-60.67521788948966,667.4752056824584,,,,,,,,,,,,,,,,
2022-06-21,629.8499755859375,372.6000061035156,-0.9145247963133708,-74.2438676393648,704.0938432253023,,,,,,,,,,,,,,,,
2022-06-22,613.1500244140625,367.3500061035156,-0.9851151787003328,-80.0040622420247,693.1540866560872,,,,,,,,,,,,,,,,
2022-06-23,628.7999877929688,376.8999938964844,-1.000857461608038,-81.39585632407932,710.1958441170481,,,,,,,,,,,,,,,,
2022-06-24,629.4000244140625,384.1499938964844,-1.1467963573240054,-93.37525046281884,722.7752748768813,,,,,,,,,,,,,,,,
2022-06-27,630.0,385.7999877929688,-1.1616188656325368,-94.62121763349126,724.6212176334913,,,,,,,,,,,,,,,,
2022-06-28,633.4500122070312,387.3999938964844,-1.1413189544087072,-93.01838428729866,726.4683964943299,,,,,,,,,,,,,,,,
2022-06-29,620.6500244140625,389.25,-1.324047116905906,-107.9913980545233,728.6414224685858,,,,,,,,,,,,,,,,
2022-06-30,610.9500122070312,386.3500061035156,-1.3567083327475202,-110.75809148504152,721.7081036920728,,,,,,,,,,,,,,,,
2022-07-01,628.2999877929688,394.1000061035156,-1.3093598477390005,-106.99025050470664,735.2902382976754,,,,,,,,,,,,,,,,
2022-07-04,628.2999877929688,387.0499877929688,-1.1264588960450574,-92.03866077860891,720.3386485715777,,,,,,,,,,,,,,,,
2022-07-05,628.0,381.1499938964844,-0.9764471372437048,-79.7919923992381,707.7919923992381,,,,,,,,,,,,,,,,
2022-07-06,629.9500122070312,389.3500061035156,-1.1337101079607654,-92.74854725421484,722.6985594612461,,,,,,,,,,,,,,,,
2022-07-07,633.0,390.3999938964844,-1.1055306095461772,-90.43556103487164,723.4355610348716,,,,,,,,,,,,,,,,
2022-07-08,635.0,387.5,-0.9944409280992644,-81.25031776271544,716.2503177627154,,,,,,,,,,,,,,,,
2022-07-11,642.5499877929688,390.2999877929688,-0.955783058463985,-78.09108162901043,720.6410694219792,,,,,,,,,,,,,,,,
2022-07-12,633.2999877929688,379.7999877929688,-0.80017390367562,-65.29460725674312,698.5945950497119,,,,,,,,,,,,,,,,
2022-07-13,647.0,385.7000122070313,-0.7635469728457555,-62.27091561537668,709.2709156153767,,,,,,,,,,,,,,,,
2022-07-14,643.25,389.2999877929688,-0.8843130102135661,-72.10458573070798,715.354585730708,,,,,,,,,,,,,,,,
2022-07-15,640.8499755859375,380.5,-0.6847058215302022,-55.76665805527409,696.6166336412116,,,,,,,,,,,,,,,,
2022-07-18,645.4000244140625,381.4500122070313,-0.6400208753243247,-52.09185276886865,697.4918771829311,,,,,,,,,,,,,,,,
2022-07-19,643.7999877929688,383.8999938964844,-0.7084480407403061,-57.6359672335833,701.435955026552,,,,,,,,,,,,,,,,
2022-07-20,657.5,384.0499877929688,-0.5345339092242148,-43.46947054805628,700.9694705480563,,,,,,,,,,,,,,,,
2022-07-21,650.0,381.1000061035156,-0.5441640661844708,-44.235037696385575,694.2350376963856,,,,,,,,,,,,,,,,
2022-07-22,639.4500122070312,374.5,-0.4991571603901745,-40.54553010439406,679.9955423114253,,,,,,,,,,,,,,,,
2022-07-25,632.4500122070312,374.1000061035156,-0.5643556904758226,-45.813698491955165,678.2637106989864,,,,,,,,,,,,,,,,
2022-07-26,627.75,361.8500061035156,-0.3056145346101398,-24.773577781027484,652.5235777810275,,,,,,,,,,,,,,,,
2022-07-27,640.5499877929688,376.3999938964844,-0.5059792402375368,-41.012993968454,681.5629817614227,,,,,,,,,,,,,,,,
2022-07-28,641.5999755859375,380.0499877929688,-0.5756523105020904,-46.62135129492856,688.2213268808661,,,,,,,,,,,,,,,,
2022-07-29,644.0999755859375,380.8500061035156,-0.5544492835381545,-44.82469138129545,688.924666967233,,,,,,,,,,,,,,,,
2022-08-01,641.1500244140625,380.6000061035156,-0.5746263356735496,-46.39807494640024,687.5480993604627,,,,,,,,,,,,,,,,
2022-08-02,638.6500244140625,376.4500122070313,-0.4914594427083711,-39.64360720238005,678.2936316164426,,,,,,,,,,,,,,,,
2022-08-03,627.5999755859375,369.8500061035156,-0.4525920596832455,-36.49385096464937,664.0938265505869,,,,,,,,,,,,,,,,
2022-08-04,659.9500122070312,377.7999877929688,-0.2503334824372648,-20.173959488600417,680.1239716956317,,,,,,,,,,,,,,,,
2022-08-05,668.0999755859375,378.25,-0.156837769855923,-12.630303440675334,680.7302790266128,,,,,,,,,,,,,,,,
2022-08-08,666.6500244140625,371.6000061035156,0.0002208588877573,0.0177643711238033,666.6322600429387,0.0,,,,,,,,,,,,,,,
2022-08-10,669.8499755859375,375.8500061035156,-0.0659897410423104,-5.305029604701986,675.1550051906395,,,,,,,,,,,,,,,,
2022-08-11,690.25,389.0,-0.1465451984729182,-11.755419903450957,702.005419903451,,,,,,,,,,,,,,,,
2022-08-12,682.8499755859375,388.7999877929688,-0.2285467154831591,-18.299193785382386,701.1491693713199,,,,,,,,,,,,,,,,
2022-08-16,683.5499877929688,389.25,-0.2264155490564964,-18.10089637101248,701.6508841639812,,,,,,,,,,,,,,,,
2022-08-17,687.9500122070312,403.3500061035156,-0.5332495045658785,-42.616350745361615,730.5663629523929,,,,,,,,,,,,,,,,
2022-08-18,688.7999877929688,399.6499938964844,-0.4217330160554359,-33.679122594585465,722.4791103875542,,,,,,,,,,,,,,,,
2022-08-19,688.9500122070312,386.3500061035156,-0.0697309263637781,-5.561763883744561,694.5117760907758,,,,,,,,,,,,,,,,
2022-08-22,682.9000244140625,369.7000122070313,0.2903289304526318,23.126175130585807,659.7738492834767,,,,,,,,,,,,,,,,
2022-08-23,695.4500122070312,376.1499938964844,0.2791768708744523,22.228193642173665,673.2218185648576,,,,,,,,,,,,,,,,
2022-08-24,677.5999755859375,380.0,-0.0436443858330051,-3.4731692204425144,681.07314480638,,,,,,,,,,,,,,,,
2022-08-25,664.9000244140625,380.75,-0.21998824954315,-17.49950436230165,682.3995287763641,,,,,,,,,,,,,,,,
2022-08-26,652.7000122070312,377.6499938964844,-0.2883980757091656,-22.928549718265685,675.6285619252969,,,,,,,,,,,,,,,,
2022-08-29,661.9500122070312,372.4500122070313,-0.0326463266682111,-2.5934273427411654,664.5434395497724,,,,,,,,,,,,,,,,
2022-08-30,669.0999755859375,371.1499938964844,0.0926330300184835,7.355211502892416,661.7447640830451,,,,,,,,,,,,,,,,
2022-09-01,660.7000122070312,370.4500122070313,0.0075127066365439,0.5960747927706507,660.1039374142606,,,,,,,,,,,,,,,,
2022-09-02,653.7000122070312,369.6499938964844,-0.057662618174596,-4.573032334120171,658.2730445411514,,,,,,,,,,,,,,,,
2022-09-05,653.1500244140625,371.4500122070313,-0.1089407381192131,-8.635342435067514,661.78536684913,,,,,,,,,,,,,,,,
2022-09-06,652.5499877929688,375.9500122070313,-0.2309054463718158,-18.295971508827165,670.8459593017959,,,,,,,,,,,,,,,,
2022-09-07,666.2999877929688,384.7999877929688,-0.286317610003349,-22.67969672133256,688.9796845143013,,,,,,,,,,,,,,,,
2022-09-08,666.75,383.3500061035156,-0.2379943814760537,-18.83540427247817,685.5854042724782,,,,,,,,,,,,,,,,
2022-09-09,668.5499877929688,388.9500122070313,-0.3582447950940552,-28.32302011950651,696.8730079124753,,,,,,,,,,,,,,,,
2022-09-12,671.6500244140625,389.7000122070313,-0.3350159564068353,-26.47049219548194,698.1205166095444,,,,,,,,,,,,,,,,
2022-09-13,673.9500122070312,393.3500061035156,-0.3985248957650396,-31.47041772499847,705.4204299320297,,,,,,,,,,,,,,,,
2022-09-14,666.4000244140625,388.3500061035156,-0.3571195464999002,-28.16661193301229,694.5666363470748,,,,,,,,,,,,,,,,
2022-09-15,662.9000244140625,393.3500061035156,-0.5300689562412264,-41.76055616281644,704.6605805768789,,,,,,,,,,,,,,,,
2022-09-16,632.1500244140625,371.9500122070313,-0.344198935509179,-27.02981632421984,659.1798407382823,,,,,,,,,,,,,,,,
2022-09-19,641.25,370.2999877929688,-0.180996689526409,-14.168884862944653,655.4188848629447,,,,,,,,,,,,,,,,
2022-09-20,671.25,381.75,-0.0993842400274654,-7.747965765043091,678.9979657650431,,,,,,,,,,,,,,,,
2022-09-21,661.3499755859375,382.75,-0.2448518533669454,-18.96704447121056,680.317020057148,,,,,,,,,,,,,,,,
2022-09-22,663.2999877929688,388.0499877929688,-0.3575798638957214,-27.60337910217777,690.9033668951465,,,,,,,,,,,,,,,,
2022-09-23,648.3499755859375,384.7000122070313,-0.4516665023567842,-34.738823632409094,683.0887992183466,,,,,,,,,,,,,,,,
2022-09-26,653.9500122070312,368.0,0.0835291244611628,6.407139813079311,647.5428723939519,,,,,,,,,,,,,,,,
2022-09-27,656.3499755859375,374.5,-0.0618677778763826,-4.740279396223286,661.0902549821608,,,,,,,,,,,,,,,,
2022-09-28,670.2000122070312,382.75,-0.1053945298269788,-8.06385867770507,678.2638708847363,,,,,,,,,,,,,,,,
2022-09-29,654.7999877929688,387.0,-0.418976451120472,-31.99116206262352,686.7911498555923,,,,,,,,,,,,,,,,
2022-09-30,679.8499755859375,388.6499938964844,-0.1330198031223935,-10.132119985703412,689.9820955716409,,,,,,,,,,,,,,,,
2022-10-03,722.0999755859375,400.8999938964844,0.0836080362467886,6.35570510218372,715.7442704837538,,,,,,,,,,,,,,,,
2022-10-04,742.25,404.1000061035156,0.262148139913971,19.88077583109896,722.369224168901,,,,,,,,,,,,,,,,
2022-10-06,723.2000122070312,400.25,0.1213598342681099,9.179389214755474,714.0206229922758,,,,,,,,,,,,,,,,
2022-10-07,721.2000122070312,398.0499877929688,0.1587602140187221,11.978229156921088,709.2217830501102,,,,,,,,,,,,,,,,
2022-10-10,707.2000122070312,393.1000061035156,0.1148433971437495,8.641208659578297,698.558803547453,,,,,,,,,,,,,,,,
2022-10-11,680.9500122070312,384.0499877929688,0.0235363340507837,1.764971754147609,679.1850404528836,,,,,,,,,,,,,,,,
2022-10-12,679.2999877929688,388.9500122070313,-0.1324831372041256,-9.89666412129759,689.1966519142663,,,,,,,,,,,,,,,,
2022-10-13,687.1500244140625,389.9500122070313,-0.0515965474270223,-3.840679755241695,690.9907041693042,,,,,,,,,,,,,,,,
2022-10-14,690.6500244140625,390.8500061035156,-0.0255361986510696,-1.8946909712258275,692.5447153852883,,,,,,,,,,,,,,,,
2022-10-17,690.6500244140625,394.3500061035156,-0.1215465015182889,-8.98893289242983,699.6389573064923,,,,,,,,,,,,,,,,
2022-10-18,693.7999877929688,397.2000122070313,-0.1557349266470887,-11.476903431218943,705.2768912241877,,,,,,,,,,,,,,,,
2022-10-19,689.1500244140625,395.4500122070313,-0.1644724088034841,-12.086590495433027,701.2366149094955,,,,,,,,,,,,,,,,
2022-10-20,679.7000122070312,398.1000061035156,-0.3655502191906611,-26.81698724951252,706.5169994565438,,,,,,,,,,,,,,,,
2022-10-21,678.7999877929688,398.2000122070313,-0.3767602386053938,-27.593728151091117,706.3937159440599,,,,,,,,,,,,,,,,
2022-10-24,680.75,397.8999938964844,-0.337543031292948,-24.67769728004157,705.4276972800416,,,,,,,,,,,,,,,,
2022-10-25,684.5,401.6000061035156,-0.3894778907591638,-28.440729514601685,712.9407295146017,,,,,,,,,,,,,,,,
2022-10-27,703.2999877929688,399.6499938964844,-0.0731478123020344,-5.33668913317058,708.6366769261393,,,,,,,,,,,,,,,,
2022-10-28,696.4000244140625,399.7000122070313,-0.1664880538475496,-12.13725442141174,708.5372788354742,,,,,,,,,,,,,,,,
2022-10-31,699.0,404.5499877929688,-0.2687291016123502,-19.578189389772437,718.5781893897724,,,,,,,,,,,,,,,,
2022-11-01,709.25,413.3999938964844,-0.383199556306311,-27.91960726480761,737.1696072648076,,,,,,,,,,,,,,,,
2022-11-02,707.4500122070312,417.8999938964844,-0.5356526923624403,-39.02579353574606,746.4758057427773,,,,,,,,,,,,,,,,
2022-11-03,712.1500244140625,422.8500061035156,-0.611959489658199,-44.58288213687183,756.7329065509343,,,,,,,,,,,,,,,,
2022-11-04,710.6500244140625,421.3500061035156,-0.5859207570539123,-42.69281440567886,753.3428388197414,,,,,,,,,,,,,,,,
2022-11-07,709.8499755859375,423.0,-0.6427159106831726,-46.85243735361189,756.7024129395494,,,,,,,,,,,,,,,,
2022-11-09,694.25,420.5499877929688,-0.7826919607223859,-57.07996187998083,751.3299618799808,,,,,,,,,,,,,,,,
2022-11-10,719.3499755859375,415.5499877929688,-0.2903933678591235,-21.171889138771803,740.5218647247093,,,,,,,,,,,,,,,,
2022-11-11,747.0,413.6000061035156,0.1450526287444415,10.575094574717014,736.424905425283,,,,,,,,,,,,,,,,
2022-11-14,759.5,430.5,-0.1758950887367547,-12.826338203210298,772.3263382032103,,,,,,,,,,,,,,,,
2022-11-15,753.5499877929688,435.1000061035156,-0.3904014085434271,-28.47440490318695,782.0243926961557,,,,,,,,,,,,,,,,
2022-11-16,739.6500244140625,429.5,-0.4157526736256785,-30.325233761040977,769.9752581751035,,,,,,,,,,,,,,,,
2022-11-17,736.0999755859375,429.2999877929688,-0.4566207390219674,-33.31134155501195,769.4113171409494,,,,,,,,,,,,,,,,
2022-11-18,721.0499877929688,409.8500061035156,-0.0941464281028911,-6.865276770300966,727.9152645632697,,,,,,,,,,,,,,,,
2022-11-21,720.9000244140625,411.6499938964844,-0.1482460166913034,-10.811066991573623,731.7110914056361,,,,,,,,,,,,,,,,
2022-11-22,719.75,422.3999938964844,-0.4765940358841598,-34.772946045797426,754.5229460457974,,,,,,,,,,,,,,,,
2022-11-23,719.0499877929688,425.3999938964844,-0.5719372890779602,-41.74576130599508,760.7957490989638,,,,,,,,,,,,,,,,
2022-11-24,719.0999755859375,419.9500122070313,-0.4102228846714873,-29.94373625445689,749.0437118403944,,,,,,,,,,,,,,,,
2022-11-25,719.75,426.3500061035156,-0.5859372937068004,-42.78805437962399,762.538054379624,,,,,,,,,,,,,,,,
2022-11-28,733.6500244140625,432.2999877929688,-0.5664583937288148,-41.366548645344096,775.0165730594066,,,,,,,,,,,,,,,,
2022-11-29,751.4500122070312,438.2999877929688,-0.4955329592692497,-36.18497706934204,787.6349892763733,,,,,,,,,,,,,,,,
2022-11-30,766.0999755859375,430.7000122070313,-0.0711719198112786,-5.195420190394088,771.2953957763316,,,,,,,,,,,,,,,,
2022-12-01,770.2999877929688,430.7000122070313,-0.0124385862011577,-0.907730094918179,771.2077178878869,,,,,,,,,,,,,,,,
2022-12-02,776.0,434.9500122070313,-0.057603610798874,-4.202891022433732,780.2028910224337,,,,,,,,,,,,,,,,
2022-12-05,770.0999755859375,435.7999877929688,-0.1623279663390306,-11.843199158369202,781.9431747443067,,,,,,,,,,,,,,,,
2022-12-06,767.6500244140625,425.1499938964844,0.1160866986358893,8.467969569596335,759.1820548444662,,,,,,,,,,,,,,,,
2022-12-07,769.9000244140625,421.8500061035156,0.2425969388672181,17.69485521392062,752.2051692001419,,,,,,,,,,,,,,,,
2022-12-08,754.8499755859375,431.25,-0.2392336445681447,-17.449239402048192,772.2992149879857,,,,,,,,,,,,,,,,
2022-12-09,751.5,437.0,-0.4533511713014231,-33.06406588883101,784.564065888831,,,,,,,,,,,,,,,,
2022-12-12,752.0,425.0499877929688,-0.0962096315540445,-7.012728274778056,759.012728274778,,,,,,,,,,,,,,,,
2022-12-13,743.9000244140625,433.2999877929688,-0.4490804827530971,-32.735796919980885,776.6358213340434,,,,,,,,,,,,,,,,
2022-12-14,758.75,439.5499877929688,-0.4285545289114682,-31.241437993873205,789.9914379938732,,,,,,,,,,,,,,,,
2022-12-15,750.8499755859375,436.4500122070313,-0.4446794466511129,-32.42156486121576,783.2715404471533,,,,,,,,,,,,,,,,
2022-12-16,729.2999877929688,417.7999877929688,-0.1914444676371812,-13.95363305898536,743.2536208519541,,,,,,,,,,,,,,,,
2022-12-19,728.5999755859375,416.75,-0.1693394939195769,-12.342200107275858,740.9421756932134,,,,,,,,,,,,,,,,
2022-12-20,725.9500122070312,409.25,0.0152204799266678,1.1090860679055368,724.8409261391257,,,,,,,,,,,,,,,,
2022-12-21,751.3499755859375,440.3999938964844,-0.5500919072854434,-40.10959525515909,791.4595708410966,,,,,,,,,,,,,,,,
2022-12-22,766.2999877929688,436.3999938964844,-0.2250928014634213,-16.39734486920213,782.6973326621709,,,,,,,,,,,,,,,,
2022-12-23,756.75,429.1499938964844,-0.1410461799882331,-10.26800551475958,767.0180055147596,,,,,,,,,,,,,,,,
2022-12-26,742.2000122070312,425.0499877929688,-0.2180398702898375,-15.859762643381371,758.0597748504126,,,,,,,,,,,,,,,,
2022-12-27,741.7000122070312,423.3999938964844,-0.1742884001454579,-12.666438377338636,754.3664505843699,,,,,,,,,,,,,,,,
2022-12-28,732.9000244140625,421.3500061035156,-0.2328192406998247,-16.907596664571315,749.8076210786338,,,,,,,,,,,,,,,,
2022-12-29,736.1500244140625,421.7999877929688,-0.1994456264863999,-14.474491102254206,750.6245155163167,,,,,,,,,,,,,,,,
2022-12-30,733.7000122070312,424.1499938964844,-0.3001906290783614,-21.76698499963072,755.466997206662,,,,,,,,,,,,,,,,
2023-01-02,732.8499755859375,427.7000122070313,-0.4143151159494491,-30.015005668585445,762.864981254523,,,,,,,,,,,,,,,,
2023-01-03,737.9500122070312,434.7000122070313,-0.5484501277384837,-39.70283358682343,777.6528457938547,,,,,,,,,,,,,,,,
2023-01-04,734.5999755859375,428.4500122070313,-0.4072807929900519,-29.44506364621043,764.0450392321479,,,,,,,,,,,,,,,,
2023-01-05,742.8499755859375,434.3500061035156,-0.4660870693062364,-33.696953206895046,776.5469287928325,,,,,,,,,,,,,,,,
2023-01-06,738.0999755859375,423.0,-0.1933825826152217,-13.964103626148926,752.0640792120864,,,,,,,,,,,,,,,,
2023-01-09,749.8499755859375,426.25,-0.1253356214598941,-9.038806330068155,758.8887819160057,,,,,,,,,,,,,,,,
2023-01-10,758.8499755859375,430.5499877929688,-0.1262156028170352,-9.082167492405802,767.9321430783433,,,,,,,,,,,,,,,,
2023-01-11,754.0499877929688,424.75,-0.0182868220835666,-1.3128201759467402,755.3628079689155,,,,,,,,,,,,,,,,
2023-01-12,754.3499755859375,421.8999938964844,0.073119659555239,5.234359204995712,749.1156163809418,,,,,,,,,,,,,,,,
2023-01-13,755.75,420.1499938964844,0.1476565820176563,10.52552102448226,745.2244789755177,,,,,,,,,,,,,,,,
2023-01-16,756.9500122070312,420.1000061035156,0.1692037187564045,12.006670796620597,744.9433414104107,,,,,,,,,,,,,,,,
2023-01-17,753.25,416.5499877929688,0.2279187754321633,16.094162623197462,737.1558373768025,,,,,,,,,,,,,,,,
2023-01-18,767.1500244140625,419.1499938964844,0.3505547268739139,24.62180668511178,742.5282177289507,,,,,,,,,,,,,,,,
2023-01-19,759.5999755859375,421.2999877929688,0.1813477008911433,12.675832833043842,746.9241427528937,,,,,,,,,,,,,,,,
2023-01-20,755.0499877929688,417.8999938964844,0.2241503615899605,15.584572432577032,739.4654153603917,,,,,,,,,,,,,,,,
2023-01-23,765.5499877929688,418.7000122070313,0.3561011548412681,24.6027013775863,740.9472864153825,,,,,,,,,,,,,,,,
2023-01-24,752.0499877929688,413.1000061035156,0.3392423396987332,23.26523404614943,728.7847537468193,,,,,,,,,,,,,,,,
2023-01-25,747.2000122070312,398.8500061035156,0.7178909720174768,48.86434496103129,698.335667246,,,,,,,,,,,,,,,,
2023-01-27,742.0999755859375,381.25,1.198487066495956,81.09638317805775,661.0035924078798,,,,,,,,,,,,,,,,
2023-01-30,734.7000122070312,371.1499938964844,1.4081829972124178,94.94079317649732,639.7592190305339,,,,,,,,,,,,,,,,
2023-01-31,737.2999877929688,384.0,1.0429997082437816,70.20634106821058,667.0936467247582,,,,,,,,,,,,,,,,
2023-02-01,737.4000244140625,382.7000122070313,1.0878850031732583,72.95948203996261,664.4405423740999,,,,,,,,,,,,,,,,
2023-02-02,742.0,389.1000061035156,0.9551129650540277,63.90821284495041,678.0917871550496,,,,,,,,,,,,,,,,
2023-02-03,739.4000244140625,385.7999877929688,1.0216300408003869,68.14059866148,671.2594257525825,,,,,,,,,,,,,,,,
2023-02-06,745.1500244140625,399.0499877929688,0.6923738549375814,45.97898590610816,699.1710385079543,,,,,,,,,,,,,,,,
2023-02-07,751.3499755859375,392.4500122070313,0.9985654325704004,66.00604572928398,685.3439298566535,,,,,,,,,,,,,,,,
2023-02-08,775.2999877929688,396.75,1.226107672856152,80.79035962291971,694.509628170049,,,,,,,,,,,,,,,,
2023-02-09,774.3499755859375,394.2999877929688,1.2910447042741775,84.81007473831926,689.5399008476182,,,,,,,,,,,,,,,,
2023-02-10,737.1500244140625,400.3999938964844,0.5328341381466213,34.86625212863805,702.2837722854244,,,,,,,,,,,,,,,,
2023-02-13,675.1500244140625,422.6000061035156,-1.1216779477364855,-73.21415665334189,748.3641810674044,,,,,,,,,,,,,,,,
2023-02-14,663.0,429.6499938964844,-1.5317892515041651,-99.56141565578992,762.5614156557899,,,,,,,,,,,,,,,,
2023-02-15,669.0999755859375,429.6499938964844,-1.437816465785862,-92.91932991928344,762.0193055052209,,,,,,,,,,,,,,,,
2023-02-16,681.75,435.1499938964844,-1.418733438819662,-91.26555737530396,773.015557375304,,,,,,,,,,,,,,,,
2023-02-17,670.2000122070312,435.9500122070313,-1.6210720536319263,-103.9548448318485,774.1548570388798,,,,,,,,,,,,,,,,
2023-02-20,667.0999755859375,432.6000061035156,-1.5563479171543688,-99.48659709598292,766.5865726819204,,,,,,,,,,,,,,,,
2023-02-21,670.4500122070312,435.6000061035156,-1.5983547315607185,-101.85288377818506,772.3028959852163,,,,,,,,,,,,,,,,
2023-02-22,664.0,442.8999938964844,-1.93675984832486,-122.96629926354206,786.966299263542,,,,,,,,,,,,,,,,
2023-02-23,658.3499755859375,448.2000122070313,-2.196232637091236,-139.069418542123,797.4193941280605,,,,,,,,,,,,,,,,
2023-02-24,659.3499755859375,438.5499877929688,-1.858195017834097,-117.1443240547312,776.4942996406687,,,,,,,,,,,,,,,,
2023-02-27,654.5999755859375,432.4500122070313,-1.729218930164199,-108.39339119849444,762.9933667844319,,,,,,,,,,,,,,,,
2023-02-28,659.25,428.75,-1.530511667580836,-95.30620400087582,754.5562040008758,,,,,,,,,,,,,,,,
2023-03-01,661.4000244140625,429.1000061035156,-1.5098248589723506,-93.2428980360379,754.6429224501004,,,,,,,,,,,,,,,,
2023-03-02,659.75,419.0499877929688,-1.19501236764208,-73.09682952501566,732.8468295250157,,,,,,,,,,,,,,,,
2023-03-03,662.8499755859375,416.4500122070313,-1.0551836492176403,-63.909427944299296,726.7594035302368,,,,,,,,,,,,,,,,
2023-03-06,662.4500122070312,421.1499938964844,-1.2264110855941524,-73.5928553643788,736.04286757141,,,,,,,,,,,,,,,,
2023-03-08,664.25,425.8999938964844,-1.3636605282084282,-81.28011866645647,745.5301186664565,,,,,,,,,,,,,,,,
2023-03-09,658.0499877929688,425.0499877929688,-1.4382399745929495,-85.08033897242694,743.1303267653957,,,,,,,,,,,,,,,,
2023-03-10,656.0999755859375,428.6499938964844,-1.6014890230564571,-94.04787673096394,750.1478523169014,,,,,,,,,,,,,,,,
2023-03-13,654.2999877929688,425.8500061035156,-1.5341053749944211,-89.3061810730311,743.6061688659998,,,,,,,,,,,,,,,,
2023-03-14,656.2000122070312,415.7999877929688,-1.1402545778671511,-65.50432336508334,721.7043355721146,,,,,,,,,,,,,,,,
2023-03-15,658.2999877929688,428.1499938964844,-1.5633030125969527,-88.9044946634283,747.204482456397,,,,,,,,,,,,,,,,
2023-03-16,666.2000122070312,432.5499877929688,-1.5937859294015064,-89.63349617234667,755.8335083793779,,,,,,,,,,,,,,,,
