Dates,TCS.NS Y,HCLTECH.NS X,Standard Residual,Residual,Y Predicted,Signal,Trades,Investments,Net Investments,Effective Margin of HCLTECH.NS X,Effective Margin of TCS.NS Y,Trade Length,Percentage Return,Profit,Net Percentage Return,Long Profit,Short Profit,Effective Investment of TCS.NS X,Effective Investment of TCS.NS Y,Multiplier X,Multiplier Y
2022-03-21,3626.699951171875,1168.050048828125,0.1573257651634849,18.419719738569256,3608.2802314333057,,1.0,1254452.5085449219,161630.85162963867,88579.28912963867,73051.5625,38.0,1.9962905665429564,25042.51708984375,15.493649162491725,-35350.0,60392.51708984375,670040.0085449219,584412.5,1.0,1.0
2022-03-22,3700.949951171875,1176.4000244140625,0.6031672501041142,70.63925675286009,3630.310694419015,,,,,,,,,,,,,758835.0341796875,562616.2414550781,1.0,1.0
2022-03-23,3712.39990234375,1180.699951171875,0.6030905149997708,70.65221563993691,3641.747686703813,,,,,,,,,,,,,,,,
2022-03-24,3749.85009765625,1192.0999755859375,0.6667976415418109,78.14211465183462,3671.707983004416,,,,,,,,,,,,,,,,
2022-03-25,3707.449951171875,1179.3499755859375,0.584130715444371,68.47130836659926,3638.978642805276,,,,,,,,,,,,,,,,
2022-03-28,3707.699951171875,1163.949951171875,0.9221102923638888,108.05414193500384,3599.645809236871,,,,,,,,,,,,,,,,
2022-03-29,3705.35009765625,1167.699951171875,0.8132086518952675,95.25258468311448,3610.097512973136,,,,,,,,,,,,,,,,
2022-03-30,3731.550048828125,1165.199951171875,1.085718024700309,127.18288739252876,3604.367161435596,,Individual Breakup,,Lot TCS.NS Y,Lot  HCLTECH.NS X,Total Profit,Total Trade,,,,,,,,,
2022-03-31,3739.949951171875,1163.75,1.1823527002484433,138.65438277755675,3601.2955683943183,,Margin of HCLTECH.NS X,Margin of TCS.NS Y,175,700,25042.51708984375,1,,,,,,,,,
2022-04-01,3758.75,1169.6500244140625,1.2038565085909827,141.36452214704468,3617.3854778529553,,13.22,12.5,,,,,,,,,,,,,
2022-04-04,3770.35009765625,1187.050048828125,0.9096050781813432,106.87352828564872,3663.476569370601,,,,,,,,,,,,,,,,
2022-04-05,3814.800048828125,1195.449951171875,1.096317486964332,128.9212394218439,3685.878809406281,,,,,,,,,,,,,,,,
2022-04-06,3755.35009765625,1170.5,1.140283691055331,134.29723073147397,3621.052866924776,,,,,,,,,,,,,,,,
2022-04-07,3684.14990234375,1173.300048828125,0.4713893688603653,55.52936332458967,3628.62053901916,,,,,,,,,,,,,,,,
2022-04-08,3685.64990234375,1165.3499755859375,0.6595623996270878,77.70492319084724,3607.944979152903,,,,,,,,,,,,,,,,
2022-04-11,3696.39990234375,1133.5,1.4512446584539689,171.3612252945054,3525.0386770492446,,,,,,,,,,,,,,,,
2022-04-12,3691.10009765625,1131.1500244140625,1.4500834100354256,171.55145718022095,3519.548640476029,,,,,,,,,,,,,,,,
2022-04-13,3661.949951171875,1125.0999755859375,1.330706365057723,157.7069110487264,3504.2430401231486,,,,,,,,,,,,,,,,
2022-04-18,3528.050048828125,1101.75,0.7153040860547284,84.829973899391,3443.220074928734,,,,,,,,,,,,,,,,
2022-04-19,3471.89990234375,1070.25,0.9353621359549242,111.04500360832844,3360.8548987354216,,,,,,,,,,,,,,,,
2022-04-20,3556.800048828125,1089.4000244140625,1.2220967868599766,145.2362230385911,3411.563825789534,,,,,,,,,,,,,,,,
2022-04-21,3628.64990234375,1099.199951171875,1.6012468300074498,190.7597297074076,3437.8901726363424,,,,,,,,,,,,,,,,
2022-04-22,3612.550048828125,1102.050048828125,1.3963077858894388,166.6679068024705,3445.8821420256545,,,,,,,,,,,,,,,,
2022-04-25,3548.199951171875,1089.8499755859375,1.1214031329102283,133.9844283890261,3414.215522782849,,,,,,,,,,,,,,,,
2022-04-26,3546.300048828125,1094.300048828125,1.0035702125317554,119.98836800800656,3426.3116808201185,,,,,,,,,,,,,,,,
2022-04-27,3561.199951171875,1095.5999755859375,1.09512834252055,131.07966377304865,3430.1202873988263,,,,,,,,,,,,,,,,
2022-04-28,3584.300048828125,1092.5,1.3500891326829052,161.8868833790193,3422.4131654491057,,,,,,,,,,,,,,,,
2022-04-29,3546.699951171875,1079.25,1.3220630053007063,158.81526724168043,3387.8846839301946,,,,,,,,,,,,,,,,
2022-05-02,3542.39990234375,1066.9000244140625,1.5498209154895688,186.6406034401125,3355.759298903637,,,,,,,,,,,,,,,,
2022-05-04,3479.75,1044.949951171875,1.503630930115309,181.5104829826805,3298.2395170173195,,,,,,,,,,,,,,,,
2022-05-05,3513.39990234375,1072.050048828125,1.18517621422764,143.2542522724325,3370.145650071317,,,,,,,,,,,,,,,,
2022-05-06,3432.60009765625,1050.199951171875,0.9906500464980724,119.87208790924068,3312.7280097470093,,,,,,,,,,,,,,,,
2022-05-09,3445.10009765625,1076.0999755859375,0.5272167420948157,63.80466157081992,3381.29543608543,,,,,,,,,,,,,,,,
2022-05-10,3438.75,1072.550048828125,0.5506728918799844,66.66423911121638,3372.085760888784,,,,,,,,,,,,,,,,
2022-05-11,3412.0,1060.9000244140625,0.5823579353064744,70.52807746119379,3341.471922538806,,,,,,,,,,,,,,,,
2022-05-12,3408.64990234375,1059.4000244140625,0.5858295513221993,70.97374319821893,3337.676159145531,,,,,,,,,,,,,,,,
2022-05-13,3414.89990234375,1052.1500244140625,0.7935299413714676,96.17864534915408,3318.721256994596,,,,,,,,,,,,,,,,
2022-05-16,3376.800048828125,1044.550048828125,0.6435154263401264,78.02185447757984,3298.778194350545,,,,,,,,,,,,,,,,
2022-05-17,3451.60009765625,1082.9000244140625,0.4224341300136485,51.216018606019134,3400.384079050231,,,,,,,,,,,,,,,,
2022-05-18,3448.800048828125,1073.699951171875,0.5984784263292651,72.58096744327213,3376.219081384853,,,,,,,,,,,,,,,,
2022-05-19,3261.949951171875,1009.4000244140624,0.4616372486270177,55.98238366059559,3205.9675675112794,,,,,,,,,,,,,,,,
2022-05-20,3293.0,1028.8499755859375,0.2922261006464541,35.43843200628044,3257.56156799372,,,,,,,,,,,,,,,,
2022-05-23,3321.75,1018.2999877929688,0.7587087731345384,92.03593466423354,3229.7140653357665,,,,,,,,,,,,,,,,
2022-05-24,3288.0,991.75,1.058210856963048,128.5057217182848,3159.494278281715,,,,,,,,,,,,,,,,
2022-05-25,3167.64990234375,974.4500122070312,0.4438496707822281,53.909527482977865,3113.740374860772,,,,,,,,,,,,,,,,
2022-05-26,3226.949951171875,980.7000122070312,0.7940632621052602,96.50121269081092,3130.448738481064,,,,,,,,,,,,,,,,
2022-05-27,3261.300048828125,1003.9000244140624,0.5692998826909683,69.20307408943154,3192.096974738693,,,,,,,,,,,,,,,,
2022-05-30,3375.25,1039.9000244140625,0.7189576358528749,87.43112412882147,3287.8188758711785,,,,,,,,,,,,,,,,
2022-05-31,3364.35009765625,1040.75,0.6094267806630143,74.13523023897687,3290.214867417273,,,,,,,,,,,,,,,,
2022-06-01,3355.199951171875,1017.9000244140624,1.0296970795130975,125.4010618334114,3229.798889338464,,,,,,,,,,,,,,,,
2022-06-02,3423.0,1039.699951171875,1.1073528706570075,135.01870771065705,3287.981292289343,,,,,,,,,,,,,,,,
2022-06-03,3440.14990234375,1043.0,1.172122241542621,143.1082609541786,3297.0416413895714,,,,,,,,,,,,,,,,
2022-06-06,3430.949951171875,1037.300048828125,1.216887385870511,148.77848842345156,3282.1714627484234,,,,,,,,,,,,,,,,
2022-06-07,3362.699951171875,1022.9000244140624,0.968928889653172,118.5791071828612,3244.120843989014,,,,,,,,,,,,,,,,
2022-06-08,3404.14990234375,1030.199951171875,1.1450584344050585,140.31857269715147,3263.8313296465985,,,,,,,,,,,,,,,,
2022-06-09,3427.10009765625,1028.6500244140625,1.3603499060381388,167.0019146309296,3260.0981830253204,,,,,,,,,,,,,,,,
2022-06-10,3359.89990234375,1015.3499755859376,1.0971771036236364,134.85624526415177,3225.0436570795982,,,,,,,,,,,,,,,,
2022-06-13,3219.60009765625,991.7999877929688,0.4639267809373798,57.03507510734653,3162.5650225489035,,,,,,,,,,,,,,,,
2022-06-14,3210.550048828125,996.9000244140624,0.2790230114966585,34.30406604093605,3176.245982787189,,,,,,,,,,,,,,,,
2022-06-15,3206.300048828125,989.9000244140624,0.394991543772377,48.56920365917267,3157.7308451689523,,,,,,,,,,,,,,,,
2022-06-16,3142.0,964.9500122070312,0.4101685889431293,50.44191872256943,3091.5580812774306,,,,,,,,,,,,,,,,
2022-06-17,3088.89990234375,958.75,0.1112977958356533,13.686126129557124,3075.213776214193,,,,,,,,,,,,,,,,
2022-06-20,3112.39990234375,960.0499877929688,0.2744181520604561,33.74568083144368,3078.6542215123063,,,,,,,,,,,,,,,,
2022-06-21,3211.949951171875,986.5999755859376,0.5096117623946832,62.68385553930602,3149.266095632569,,,,,,,,,,,,,,,,
2022-06-22,3222.949951171875,961.2999877929688,1.1450332584900065,140.93378394911042,3082.0161672227646,,,,,,,,,,,,,,,,
2022-06-23,3308.800048828125,971.25,1.623348548982776,200.19855077991903,3108.601498048206,,,,,,,,,,,,,,,,
2022-06-24,3293.10009765625,966.7000122070312,1.5894303065193596,196.43767633919515,3096.662421317055,,,,,,,,,,,,,,,,
2022-06-27,3314.699951171875,992.3499755859376,1.2096065597622478,149.6198908407514,3165.080060331124,,,,,,,,,,,,,,,,
2022-06-28,3318.14990234375,1001.9500122070312,1.0302961476290156,127.45304030682564,3190.6968620369244,,,,,,,,,,,,,,,,
2022-06-29,3290.5,987.5499877929688,1.1182930982608728,138.3351534019498,3152.16484659805,,,,,,,,,,,,,,,,
2022-06-30,3267.10009765625,973.25,1.2422855729005402,153.4771080586961,3113.622989597554,,,,,,,,,,,,,,,,
2022-07-01,3315.10009765625,975.3499755859376,1.5854791152896643,195.95845702733183,3119.141640628918,,,,,,,,,,,,,,,,
2022-07-04,3235.050048828125,984.5999755859376,0.740237637285109,91.35358126945584,3143.696467558669,,,,,,,,,,,,,,,,
2022-07-05,3216.300048828125,982.1500244140624,0.6437110767264616,79.38746495966598,3136.912583868459,,,,,,,,,,,,,,,,
2022-07-06,3260.75,986.5999755859376,0.9094793832515992,112.05754189516348,3148.6924581048365,,,,,,,,,,,,,,,,
2022-07-07,3287.85009765625,989.8499755859376,1.057967937511756,130.39875490733948,3157.4513427489105,,,,,,,,,,,,,,,,
2022-07-08,3265.449951171875,983.5499877929688,1.013907560542174,125.02619290621624,3140.4237582656588,,,,,,,,,,,,,,,,
2022-07-11,3113.800048828125,943.5499877929688,0.663123192917528,81.75054670773443,3032.0495021203906,,,,,,,,,,,,,,,,
2022-07-12,3084.699951171875,927.7999877929688,0.7728642189267353,95.30662951558952,2989.393321656285,,,,,,,,,,,,,,,,
2022-07-13,3038.75,917.75,0.6205973155253707,76.5468023038029,2962.203197696197,,,,,,,,,,,,,,,,
2022-07-14,2998.75,903.0,0.6172423128845785,76.14959097509382,2922.600409024906,,,,,,,,,,,,,,,,
2022-07-15,2994.60009765625,883.1500244140625,1.0141392116885426,125.21787080261583,2869.382226853634,,,,,,,,,,,,,,,,
2022-07-18,3063.5,900.2999877929688,1.1889360689041668,147.01101803747906,2916.488981962521,,,,,,,,,,,,,,,,
2022-07-19,3074.25,889.7000122070312,1.496566913777443,185.3773659131948,2888.872634086805,,,,,,,,,,,,,,,,
2022-07-20,3164.800048828125,917.4000244140624,1.6116050347279909,199.8375168978646,2964.9625319302604,,,,,,,,,,,,,,,,
2022-07-21,3177.300048828125,924.4500122070312,1.5483176800145857,192.07244408575295,2985.227604742372,,,,,,,,,,,,,,,,
2022-07-22,3171.0,920.25,1.5776315754755568,196.05086886224265,2974.9491311377574,,,,,,,,,,,,,,,,
2022-07-25,3166.75,930.6500244140624,1.31062179738573,163.07214549965693,3003.677854500343,,,,,,,,,,,,,,,,
2022-07-26,3115.89990234375,913.5,1.262820519886626,157.26496435235276,2958.634937991397,,,,,,,,,,,,,,,,
2022-07-27,3188.85009765625,928.4500122070312,1.5169087172471052,189.19151655546284,2999.658581100787,,,,,,,,,,,,,,,,
2022-07-28,3260.5,946.0999755859376,1.7018796830595542,212.5910501155745,3047.908949884425,,,,,,,,,,,,,,,,
2022-07-29,3301.89990234375,948.4000244140624,1.96968970516129,246.7756195224738,3055.124282821276,,,,,,,,,,,,,,,,
2022-08-01,3298.800048828125,952.1500244140624,1.8524255333807629,232.7347722698232,3066.065276558302,,,,,,,,,,,,,,,,
2022-08-02,3291.800048828125,951.0499877929688,1.8076775165554195,227.71433020797804,3064.085718620147,,,,,,,,,,,,,,,,
2022-08-03,3339.5,957.2000122070312,2.041731152626325,258.1991539447981,3081.300846055202,1.0,,,,,,,,,,,,,,,
2022-08-04,3354.949951171875,958.0999755859376,2.128546970190391,270.26110181849026,3084.6888493533847,,,,,,,,,,,,,,,,
2022-08-05,3365.050048828125,957.75,2.197776859071154,280.31147646213094,3084.738572365994,,,,,,,,,,,,,,,,
2022-08-08,3374.449951171875,966.0499877929688,2.0850836433487823,266.50880161579335,3107.9411495560817,,,,,,,,,,,,,,,,
2022-08-10,3354.25,952.0499877929688,2.199374575246392,281.6444443278524,3072.605555672148,,,,,,,,,,,,,,,,
2022-08-11,3422.5,962.3499755859376,2.499331806597888,321.37370578773425,3101.1262942122657,,,,,,,,,,,,,,,,
2022-08-12,3401.550048828125,956.4000244140624,2.437334821443644,314.4319201783251,3087.1181286498,,,,,,,,,,,,,,,,
2022-08-16,3392.699951171875,958.2000122070312,2.3133977528057232,299.4403691848347,3093.2595819870403,,,,,,,,,,,,,,,,
2022-08-17,3401.10009765625,980.5999755859376,1.915502888501304,248.34290954084463,3152.7571881154054,,,,,,,,,,,,,,,,
2022-08-18,3381.25,973.5,1.8926604643517315,245.68422409358664,3135.5657759064134,,,,,,,,,,,,,,,,
2022-08-19,3385.75,970.0499877929688,1.9827474875075848,257.81413490939394,3127.935865090606,,,,,,,,,,,,,,,,
2022-08-22,3354.550048828125,959.4500122070312,1.9397930862142367,252.58392182799253,3101.9661270001325,,,,,,,,,,,,,,,,
2022-08-23,3284.60009765625,946.9000244140624,1.6392208647409814,213.51642796255965,3071.0836696936904,,,,,,,,,,,,,,,,
2022-08-24,3255.35009765625,949.1500244140624,1.3607547443920478,177.07820306315625,3078.2718945930937,,,,,,,,,,,,,,,,
2022-08-25,3218.199951171875,943.7999877929688,1.17140749168249,152.20399690022575,3065.995954271649,,,,,,,,,,,,,,,,
2022-08-26,3222.199951171875,945.6500244140624,1.156727803046422,150.05282646514206,3072.147124706733,,,,,,,,,,,,,,,,
2022-08-29,3132.550048828125,917.5,1.0076190063298904,130.56171512837864,3001.9883336997464,,,,,,,,,,,,,,,,
2022-08-30,3211.14990234375,938.9500122070312,1.1844384902006693,153.42710830933174,3057.7227940344183,,,,,,,,,,,,,,,,
2022-09-01,3131.699951171875,926.0499877929688,0.8135986274575981,105.20587036017425,3026.4940808117008,,,,,,,,,,,,,,,,
2022-09-02,3130.39990234375,924.4500122070312,0.8256593323335913,106.63787088611753,3023.7620314576325,,,,,,,,,,,,,,,,
2022-09-05,3133.39990234375,936.0,0.6160898040042166,79.4644292517064,3053.935473092044,,,,,,,,,,,,,,,,
2022-09-06,3127.050048828125,937.7999877929688,0.5246906215375281,67.59198188329401,3059.458066944831,,,,,,,,,,,,,,,,
2022-09-07,3149.60009765625,931.7000122070312,0.8094569087704205,104.12676752105835,3045.473330135192,,,,,,,,,,,,,,,,
2022-09-08,3169.64990234375,931.0499877929688,0.9681853713082968,124.36928987906047,3045.280612464689,,,,,,,,,,,,,,,,
2022-09-09,3217.64990234375,948.5,0.9952887753273986,127.6972032980243,3089.9526990457257,,,,,,,,,,,,,,,,
2022-09-12,3242.949951171875,955.5499877929688,1.0483032492520925,134.45851684618083,3108.491434325694,,,,,,,,,,,,,,,,
2022-09-13,3229.35009765625,955.4000244140624,0.9377273191306192,120.0207540420124,3109.3293436142376,,,,,,,,,,,,,,,,
2022-09-14,3120.39990234375,932.0,0.5290338570243449,67.51662677241075,3052.8832755713397,,,,,,,,,,,,,,,,
2022-09-15,3104.35009765625,919.9000244140624,0.6276406928448995,79.92253259276958,3024.4275650634804,,,,,,,,,,,,,,,,
2022-09-16,3008.699951171875,896.9000244140625,0.3073570483175928,38.92255266918346,2969.7773985026915,,,,,,,,,,,,,,,,
2022-09-19,3028.800048828125,897.7999877929688,0.4362674236795987,54.92323259878458,2973.8768162293404,,,,,,,,,,,,,,,,
2022-09-20,3040.300048828125,914.0,0.2031466400566082,25.45578576101116,3014.844263067114,,,,,,,,,,,,,,,,
2022-09-21,3001.199951171875,900.9500122070312,0.132944748233908,16.579586917141114,2984.620364254734,,,,,,,,,,,,,,,,
2022-09-22,3007.39990234375,897.6500244140625,0.2338359031788172,28.98178287555584,2978.418119468194,,,,,,,,,,,,,,,,
2022-09-23,2982.050048828125,895.8499755859375,0.0463667986571914,5.690651040170451,2976.3593977879545,,,,,,,,,,,,,,,,
2022-09-26,2994.39990234375,906.7000122070312,-0.081910735900816,-9.950909367762506,3004.3508117115125,0.0,,,,,,,,,,,,,,,
2022-09-27,3017.449951171875,918.75,-0.1462961822509408,-17.572322417837768,3035.0222735897128,,,,,,,,,,,,,,,,
2022-09-28,3035.64990234375,920.7999877929688,-0.0476622080317934,-5.69011078967651,3041.3400131334265,,,,,,,,,,,,,,,,
2022-09-29,2997.300048828125,923.0499877929688,-0.4265972351191995,-50.63398366152842,3047.9340324896534,,,,,,,,,,,,,,,,
2022-09-30,3004.550048828125,932.3499755859376,-0.5623153761220578,-66.43579701099952,3070.9858458391245,,,,,,,,,,,,,,,,
2022-10-03,2984.949951171875,930.25,-0.6885018226779748,-81.30970344072148,3066.2596546125965,,,,,,,,,,,,,,,,
2022-10-04,3091.14990234375,946.0,-0.1079594622119289,-12.74011161561657,3103.8900139593666,,,,,,,,,,,,,,,,
2022-10-06,3101.949951171875,964.5499877929688,-0.3891864533306459,-45.91513921695878,3147.865090388834,,,,,,,,,,,,,,,,
2022-10-07,3064.89990234375,957.7000122070312,-0.5664011770798553,-66.82717060376308,3131.727072947513,,,,,,,,,,,,,,,,
2022-10-10,3118.550048828125,963.25,-0.2244018713074914,-26.46685947154674,3145.016908299672,,,,,,,,,,,,,,,,
2022-10-11,3069.550048828125,938.5999755859376,-0.150179061973736,-17.699201905685186,3087.24925073381,,,,,,,,,,,,,,,,
2022-10-12,3100.75,952.0,-0.1578126011507905,-18.562361339653307,3119.3123613396533,,,,,,,,,,,,,,,,
2022-10-13,3103.300048828125,982.0999755859376,-0.7410512234853054,-87.06031945732593,3190.360368285451,,,,,,,,,,,,,,,,
2022-10-14,3099.14990234375,1002.5499877929688,-1.1869523136367983,-139.3865753426389,3238.536477686389,,,,,,,,,,,,,,,,
2022-10-17,3111.75,994.5999755859376,-0.91999194762452,-108.09285442856935,3219.8428544285694,,,,,,,,,,,,,,,,
2022-10-18,3144.699951171875,1009.2000122070312,-0.933322511233075,-109.56328624165826,3254.2632374135333,,,,,,,,,,,,,,,,
2022-10-19,3121.85009765625,995.6500244140624,-0.863139958207356,-101.05904811309848,3222.9091457693485,,,,,,,,,,,,,,,,
2022-10-20,3157.300048828125,1017.4000244140624,-1.0016969366435304,-116.83821677485685,3274.138265602982,,,,,,,,,,,,,,,,
2022-10-21,3137.39990234375,1027.199951171875,-1.3741456969905412,-159.8374905083574,3297.2373928521074,,,,,,,,,,,,,,,,
2022-10-24,3161.699951171875,1031.5999755859375,-1.256459904122113,-145.92648645026838,3307.6264376221434,,,,,,,,,,,,,,,,
2022-10-25,3162.10009765625,1026.5,-1.1541391605639002,-133.8480616212005,3295.9481592774505,,,,,,,,,,,,,,,,
2022-10-27,3157.39990234375,1032.050048828125,-1.3116364672448224,-151.65746924981204,3309.057371593562,,,,,,,,,,,,,,,,
2022-10-28,3163.25,1030.0,-1.2244352346921952,-141.27327923640087,3304.523279236401,,,,,,,,,,,,,,,,
2022-10-31,3193.14990234375,1041.1500244140625,-1.1931603770968189,-137.28853978497682,3330.438442128727,,,,,,,,,,,,,,,,
2022-11-01,3259.699951171875,1060.050048828125,-0.9958416709590904,-114.31823470354992,3374.018185875425,,,,,,,,,,,,,,,,
2022-11-02,3241.699951171875,1045.199951171875,-0.8602256364122602,-98.44355919301644,3340.1435103648914,,,,,,,,,,,,,,,,
2022-11-03,3206.75,1045.1500244140625,-1.16646268147097,-133.34632767845278,3340.096327678453,,,,,,,,,,,,,,,,
2022-11-04,3217.39990234375,1045.3499755859375,-1.0787370665803335,-123.21214415433496,3340.612046498085,,,,,,,,,,,,,,,,
2022-11-07,3233.699951171875,1047.1500244140625,-0.9750907705447504,-111.15559869150547,3344.8555498633805,,,,,,,,,,,,,,,,
2022-11-09,3216.050048828125,1053.449951171875,-1.2574957799081572,-143.17493652505482,3359.22498535318,,,,,,,,,,,,,,,,
2022-11-10,3205.64990234375,1052.449951171875,-1.3301322556258202,-151.32198398984474,3356.9718863335947,,,,,,,,,,,,,,,,
2022-11-11,3315.949951171875,1090.6500244140625,-1.1203380567021994,-127.34950790706898,3443.299459078944,,,,,,,,,,,,,,,,
2022-11-14,3335.5,1099.0,-1.1130781619232182,-126.42823767740992,3461.92823767741,,,,,,,,,,,,,,,,
2022-11-15,3332.60009765625,1103.9000244140625,-1.2342422707592702,-140.07207791745077,3472.6721755737008,,,,,,,,,,,,,,,,
2022-11-16,3355.35009765625,1105.199951171875,-1.05936123931687,-119.99569330106806,3475.345790957318,,,,,,,,,,,,,,,,
2022-11-17,3349.0,1092.550048828125,-0.8659287789501462,-97.88954773559816,3446.889547735598,,,,,,,,,,,,,,,,
2022-11-18,3343.449951171875,1103.1500244140625,-1.123131969885691,-126.8573086533861,3470.307259825261,,,,,,,,,,,,,,,,
2022-11-21,3283.5,1095.5,-1.5014951100000238,-169.4488270596985,3452.9488270596985,,,,,,,,,,,,,,,,
2022-11-22,3314.949951171875,1103.4000244140625,-1.3757905022393744,-155.19367622728532,3470.1436273991603,,,,,,,,,,,,,,,,
2022-11-23,3308.300048828125,1103.4000244140625,-1.4324069793281329,-161.4941531162999,3469.794201944425,,,,,,,,,,,,,,,,
2022-11-24,3380.14990234375,1129.5999755859375,-1.304697111219381,-147.00292186367142,3527.1528242074214,,,,,,,,,,,,,,,,
2022-11-25,3389.64990234375,1128.199951171875,-1.1901149854648887,-133.98165944546463,3523.631561789214,,,,,,,,,,,,,,,,
2022-11-28,3395.25,1118.800048828125,-0.9551567988812584,-107.42977620733154,3502.6797762073315,,,,,,,,,,,,,,,,
2022-11-29,3397.35009765625,1128.949951171875,-1.1317559481308597,-127.1259731614482,3524.476070817698,,,,,,,,,,,,,,,,
2022-11-30,3390.800048828125,1120.800048828125,-1.0298508730817135,-115.52704660664222,3506.327095434767,,,,,,,,,,,,,,,,
2022-12-01,3475.64990234375,1136.4000244140625,-0.5744203616451226,-64.3215435707798,3539.97144591453,,,,,,,,,,,,,,,,
2022-12-02,3439.14990234375,1135.550048828125,-0.8815428252724087,-98.60076839023895,3537.750670733989,,,,,,,,,,,,,,,,
2022-12-05,3425.89990234375,1130.8499755859375,-0.9094576105914588,-101.34977917596824,3527.2496815197183,,,,,,,,,,,,,,,,
2022-12-06,3385.35009765625,1120.949951171875,-1.0816275645912987,-120.2460080445644,3505.5961057008144,,,,,,,,,,,,,,,,
2022-12-07,3380.60009765625,1105.9000244140625,-0.8342243009518503,-92.52304947220456,3473.1231471284545,,,,,,,,,,,,,,,,
2022-12-08,3350.550048828125,1101.3499755859375,-1.016824713346351,-112.66693914637015,3463.216987974495,,,,,,,,,,,,,,,,
2022-12-09,3292.75,1027.5,-0.1176110985228187,-13.00593986072181,3305.755939860722,,,,,,,,,,,,,,,,
2022-12-12,3286.449951171875,1028.4000244140625,-0.1964884937889665,-21.67175737672096,3308.121708548596,,,,,,,,,,,,,,,,
2022-12-13,3332.10009765625,1044.699951171875,-0.1007928399471595,-11.090388139793504,3343.1904857960435,,,,,,,,,,,,,,,,
2022-12-14,3365.35009765625,1056.199951171875,-0.023863307519543,-2.61851218747006,3367.96860984372,,,,,,,,,,,,,,,,
2022-12-15,3305.10009765625,1042.3499755859375,-0.3117432986358344,-34.03542052025887,3339.135518176509,,,,,,,,,,,,,,,,
2022-12-16,3240.25,1029.6500244140625,-0.665193956735258,-72.42374412121171,3312.673744121212,,,,,,,,,,,,,,,,
2022-12-19,3202.050048828125,1033.25,-1.0882919680327174,-118.37949392420067,3320.4295427523257,,,,,,,,,,,,,,,,
2022-12-20,3243.949951171875,1029.699951171875,-0.6381738757059527,-69.29355052411483,3313.24350169599,,,,,,,,,,,,,,,,
2022-12-21,3268.550048828125,1040.3499755859375,-0.6210651923831324,-67.3178511614069,3335.867899989532,,,,,,,,,,,,,,,,
2022-12-22,3259.699951171875,1039.0999755859375,-0.683560961628481,-73.87467300670869,3333.574624178584,,,,,,,,,,,,,,,,
2022-12-23,3228.35009765625,1030.5999755859375,-0.8135253494087565,-87.72542846652777,3316.075526122778,,,,,,,,,,,,,,,,
2022-12-26,3252.89990234375,1031.699951171875,-0.6114268870546781,-65.78223666943177,3318.6821390131818,,,,,,,,,,,,,,,,
2022-12-27,3259.5,1036.3499755859375,-0.643697661010763,-69.12835571027972,3328.62835571028,,,,,,,,,,,,,,,,
2022-12-28,3257.10009765625,1035.449951171875,-0.6533218721988712,-69.9710382454382,3327.071135901688,,,,,,,,,,,,,,,,
2022-12-29,3268.75,1044.449951171875,-0.725132893286262,-77.36947447267539,3346.1194744726754,,,,,,,,,,,,,,,,
2022-12-30,3256.699951171875,1039.300048828125,-0.7473824910368314,-79.23046408292566,3335.9304152548007,,,,,,,,,,,,,,,,
2023-01-02,3261.449951171875,1039.449951171875,-0.7118454473401631,-75.15966127368165,3336.6096124455566,,,,,,,,,,,,,,,,
2023-01-03,3311.35009765625,1041.3499755859375,-0.2803047415215112,-29.515638058296645,3340.865735714546,,,,,,,,,,,,,,,,
2023-01-04,3314.64990234375,1036.5999755859375,-0.1589236362960647,-16.70255908296349,3331.352461426713,,,,,,,,,,,,,,,,
2023-01-05,3311.10009765625,1044.0999755859375,-0.343293927943453,-36.00040481910264,3347.1005024753526,,,,,,,,,,,,,,,,
2023-01-06,3211.550048828125,1032.800048828125,-1.0725371300404292,-112.37918476853338,3323.9292335966584,,,,,,,,,,,,,,,,
2023-01-09,3319.949951171875,1067.449951171875,-0.7203244079678404,-75.41011717570746,3395.3600683475825,,,,,,,,,,,,,,,,
2023-01-10,3286.39990234375,1063.8499755859375,-0.9742411492788822,-101.7373101759822,3388.137212519732,,,,,,,,,,,,,,,,
2023-01-11,3328.699951171875,1054.800048828125,-0.3956849471629705,-41.15784135048261,3369.8577925223576,,,,,,,,,,,,,,,,
2023-01-12,3334.35009765625,1071.6500244140625,-0.6800035025627079,-70.46235419840059,3404.8124518546506,,,,,,,,,,,,,,,,
2023-01-13,3374.550048828125,1077.800048828125,-0.4145707647628564,-42.94846973083122,3417.498518558956,,,,,,,,,,,,,,,,
2023-01-16,3334.050048828125,1093.699951171875,-1.1174285886225022,-115.90168857780372,3449.9517374059287,,,,,,,,,,,,,,,,
2023-01-17,3378.39990234375,1111.050048828125,-1.0302583085973285,-106.96285907211814,3485.362761415868,,,,,,,,,,,,,,,,
2023-01-18,3390.0,1115.1500244140625,-0.9958795660367986,-103.48106818626457,3493.481068186265,,,,,,,,,,,,,,,,
2023-01-19,3373.10009765625,1111.4000244140625,-1.0799225617555992,-112.3202060650574,3485.4203037213074,,,,,,,,,,,,,,,,
2023-01-20,3363.10009765625,1107.800048828125,-1.1006045651605294,-114.60494168563127,3477.7050393418813,,,,,,,,,,,,,,,,
2023-01-23,3414.89990234375,1121.199951171875,-0.8641751818512957,-89.99525615832499,3504.895158502075,,,,,,,,,,,,,,,,
2023-01-24,3436.300048828125,1137.8499755859375,-0.9843892665419396,-102.4001586926388,3538.700207520764,,,,,,,,,,,,,,,,
2023-01-25,3429.75,1122.75,-0.746241455720006,-77.61523286331612,3507.365232863316,,,,,,,,,,,,,,,,
2023-01-27,3411.050048828125,1115.5999755859375,-0.7819516528221521,-81.33956663048639,3492.3896154586114,,,,,,,,,,,,,,,,
2023-01-30,3433.64990234375,1134.75,-0.9400422597012198,-97.84310751168005,3531.49300985543,,,,,,,,,,,,,,,,
2023-01-31,3358.699951171875,1122.199951171875,-1.405397318509478,-146.57771675528147,3505.2776679271565,,,,,,,,,,,,,,,,
2023-02-01,3408.35009765625,1132.0999755859375,-1.1199333688818882,-116.92214837936854,3525.2722460356185,,,,,,,,,,,,,,,,
2023-02-02,3460.39990234375,1149.5999755859375,-0.9620513002653248,-100.50428272878072,3560.9041850725307,,,,,,,,,,,,,,,,
2023-02-03,3482.300048828125,1146.1500244140625,-0.6819924857068925,-71.28092052199736,3553.5809693501224,,,,,,,,,,,,,,,,
2023-02-06,3459.949951171875,1145.699951171875,-0.8835008090309466,-92.41433617711664,3552.364287348992,,,,,,,,,,,,,,,,
2023-02-07,3472.550048828125,1128.25,-0.4189142022774806,-43.82611178306525,3516.3761606111902,,,,,,,,,,,,,,,,
2023-02-08,3520.10009765625,1145.0,-0.2922065175678428,-30.565504512856023,3550.665602169106,,,,,,,,,,,,,,,,
2023-02-09,3540.85009765625,1146.3499755859375,-0.1197220671499621,-12.52102526943372,3553.371122925684,,,,,,,,,,,,,,,,
2023-02-10,3537.550048828125,1115.6500244140625,0.4505337260010947,47.1428208585412,3490.407227969584,,,,,,,,,,,,,,,,
2023-02-13,3482.39990234375,1113.0,-0.0242042966333574,-2.5326534432460903,3484.932555786996,,,,,,,,,,,,,,,,
2023-02-14,3500.10009765625,1125.449951171875,-0.0994899414499679,-10.4089335899871,3510.509031246237,,,,,,,,,,,,,,,,
2023-02-15,3520.64990234375,1132.9000244140625,-0.0496026399233228,-5.188199594186699,3525.8381019379367,,,,,,,,,,,,,,,,
2023-02-16,3558.050048828125,1128.1500244140625,0.3997610292315563,41.80657083007736,3516.243477998048,,,,,,,,,,,,,,,,
2023-02-17,3501.14990234375,1109.550048828125,0.2193536730531298,22.92753355442028,3478.2223687893297,,,,,,,,,,,,,,,,
2023-02-20,3487.300048828125,1115.699951171875,-0.034620169477149,-3.616339825873183,3490.916388653998,,,,,,,,,,,,,,,,
2023-02-21,3451.0,1105.199951171875,-0.1773889890550492,-18.501688263189408,3469.5016882631894,,,,,,,,,,,,,,,,
2023-02-22,3401.550048828125,1092.5999755859375,-0.4048414891375335,-42.20294903578088,3443.752997863906,,,,,,,,,,,,,,,,
2023-02-23,3413.800048828125,1094.3499755859375,-0.3232576952461572,-33.64435549443715,3447.444404322562,,,,,,,,,,,,,,,,
2023-02-24,3400.449951171875,1094.8499755859375,-0.4624058478545457,-48.07715407843625,3448.5271052503117,,,,,,,,,,,,,,,,
2023-02-27,3331.85009765625,1083.949951171875,-0.9113752527431432,-94.56251529736028,3426.4126129536103,,,,,,,,,,,,,,,,
2023-02-28,3312.85009765625,1077.5999755859375,-0.9738687079011492,-100.800148631889,3413.650246288139,,,,,,,,,,,,,,,,
2023-03-01,3385.699951171875,1101.0999755859375,-0.7324213520389237,-75.66949213258522,3461.36944330446,,,,,,,,,,,,,,,,
2023-03-02,3321.449951171875,1105.949951171875,-1.4470458162585291,-149.58394288319414,3471.033894055069,,,,,,,,,,,,,,,,
2023-03-03,3342.14990234375,1119.0,-1.4985734030317166,-155.0296880019955,3497.179590345745,,,,,,,,,,,,,,,,
2023-03-06,3371.85009765625,1126.699951171875,-1.3590308829220294,-140.6193429802688,3512.469440636519,,,,,,,,,,,,,,,,
2023-03-08,3390.39990234375,1120.6500244140625,-1.063063023526607,-109.81287023595632,3500.2127725797063,,,,,,,,,,,,,,,,
2023-03-09,3336.85009765625,1116.6500244140625,-1.5018315395532935,-155.15245479998885,3492.002552456239,,,,,,,,,,,,,,,,
2023-03-10,3331.0,1116.300048828125,-1.5504198125366553,-160.15371660321307,3491.153716603213,,,,,,,,,,,,,,,,
2023-03-13,3281.949951171875,1098.5999755859375,-1.680004883372946,-173.63891686469833,3455.5888680365733,,,,,,,,,,,,,,,,
2023-03-14,3214.949951171875,1084.050048828125,-2.043099058893754,-211.44379995243025,3426.3937511243053,,,,,,,,,,,,,,,,
2023-03-15,3198.89990234375,1079.6500244140625,-2.1078339907077,-218.58131179262045,3417.4812141363705,,,,,,,,,,,,,,,,
2023-03-16,3185.0,1072.4000244140625,-2.094050477719428,-217.8238734577108,3402.8238734577108,,,,,,,,,,,,,,,,
