Dates,IOC.NS Y,HINDPETRO.NS X,Standard Residual,Residual,Y Predicted,Signal,Coint,Trades,Investments,Net Investments,Effective Margin of HINDPETRO.NS X,Effective Margin of IOC.NS Y,Trade Length,Percentage Return,Profit,Net Percentage Return,Long Profit,Short Profit,Effective Investment of IOC.NS X,Effective Investment of IOC.NS Y,Multiplier X,Multiplier Y
2023-05-22,87.1500015258789,255.5,2.331366515397508,10.719660756693742,76.43034076918516,1.0,0.4455842488060957,1.0,516.9500045776367,5.169500045776367,2.555,2.614500045776367,166.0,9.594743892540226,49.60002899169922,959.4743892540226,183.8500061035156,-134.2499771118164,255.5,261.4500045776367,1.0,3.0
2023-05-23,89.0,263.3999938964844,2.539040045646648,11.733715706650216,77.26628429334978,,0.5025026034142875,2.0,1030.249984741211,10.30249984741211,5.083999938964844,5.218499908447265,3.0,-3.746659635898406,-38.59996032714844,-374.6659635898406,16.750030517578125,-55.34999084472656,508.3999938964844,521.8499908447266,1.0,3.0
2023-05-24,89.6500015258789,258.20001220703125,2.768662155621282,12.873193675515026,76.77680785036388,,0.5878328479001853,3.0,974.9499969482422,9.749499969482422,4.7260000610351565,5.023499908447266,27.0,4.415611383815742,43.05000305175781,441.5611383815742,60.899993896484375,-17.849990844726562,472.6000061035156,502.34999084472656,1.0,3.0
2023-05-25,89.1500015258789,258.1000061035156,2.6407782268182864,12.346669769605144,76.80333175627376,,0.5529078248122896,,,,,4.8,,,,,,,514.0499877929688,480.0,1.0,3.0
2023-05-26,90.1999969482422,258.54998779296875,2.828680174928507,13.312193708611003,76.88780323963118,,0.6525711867154785,,,,,,,,,,,,,,,
2023-05-29,90.05000305175781,257.70001220703125,2.788219536713831,13.212486295907368,76.83751675585044,,0.6563397872413625,,,,,,,,,,,,,,,
2023-05-30,90.3000030517578,256.8999938964844,2.8299862922912284,13.50806767745894,76.79193537429887,,0.6743521889317803,,,,,,,,,,,,,,,
2023-05-31,90.0,260.8999938964844,2.6573566809865525,12.763199752877838,77.23680024712216,,0.6574535377827752,,,,,,,,,,,,,,,
2023-06-01,90.5,260.25,2.748422188142946,13.295526400102917,77.20447359989709,,0.6752101449968219,,,,,,,,,,,,,,,
2023-06-02,89.80000305175781,258.54998779296875,2.616735866746395,12.735523363866164,77.06447968789165,,0.6622636883137628,Individual Breakup,,Lot IOC.NS Y,Lot  HINDPETRO.NS X,Total Profit,Total Trade,,,,,,,,,
2023-06-05,89.25,256.5,2.525586521490804,12.3645122066752,76.8854877933248,,0.6390656782709407,Margin of HINDPETRO.NS X,Margin of IOC.NS Y,1,-3.5500030517578125,58.600074768066406,3,,,,,,,,,
2023-06-06,89.4000015258789,262.3500061035156,2.413345924058566,11.877382593554884,77.52261893232402,,0.6008580600895346,1,1,,,,,,,,,,,,,
2023-06-07,90.8499984741211,276.6499938964844,2.387013706347516,11.802836804851012,79.04716166927008,,0.6149578358364111,,,,,,,,,,,,,,,
2023-06-08,90.05000305175781,265.8999938964844,2.431123961478052,12.087796829460402,77.96220622229741,,0.623305781913577,,,,,,,,,,,,,,,
2023-06-09,90.3000030517578,262.20001220703125,2.537428615639956,12.68863421967636,77.61136883208145,,0.6286896520088032,,,,,,,,,,,,,,,
2023-06-12,91.8499984741211,273.45001220703125,2.5878693607253886,13.008312065692351,78.84168640842874,,0.6461018543902385,,,,,,,,,,,,,,,
2023-06-13,91.9000015258789,274.3500061035156,2.5561513635692057,12.914104663003926,78.98589686287498,,0.6281735253567979,,,,,,,,,,,,,,,
2023-06-14,93.1500015258789,275.8999938964844,2.743817075981791,13.942892872400122,79.20710865347878,,0.7072564871204143,,,,,,,,,,,,,,,
2023-06-15,92.9000015258789,274.0,2.708214215716597,13.844373942807875,79.05562758307103,,0.6988542731608085,,,,,,,,,,,,,,,
2023-06-16,92.1500015258789,273.3999938964844,2.5516273936625584,13.108987631261217,79.04101389461769,,0.6432493138117049,,,,,,,,,,,,,,,
2023-06-19,91.9000015258789,272.75,2.4959553866610205,12.879945978636982,79.02005554724192,,0.6201871244735646,,,,,,,,,,,,,,,
2023-06-20,91.9000015258789,272.95001220703125,2.471591144105544,12.806461041503482,79.09354048437542,,0.606623169586309,,,,,,,,,,,,,,,
2023-06-21,92.0,274.0,2.448932858227511,12.736867875142394,79.2631321248576,,0.5523298557694916,,,,,,,,,,,,,,,
2023-06-22,92.0,275.0,2.409970524248158,12.568198121558112,79.43180187844189,,0.5303016815017665,,,,,,,,,,,,,,,
2023-06-23,89.30000305175781,269.45001220703125,2.0009752170019097,10.44348887196898,78.85651417978883,,0.3689140579810452,,,,,,,,,,,,,,,
2023-06-26,89.55000305175781,271.1499938964844,2.001842276964112,10.449779201734389,79.10022385002343,,0.3869174680838268,,,,,,,,,,,,,,,
2023-06-27,89.3499984741211,267.0,2.0435388608075127,10.674798463375694,78.6752000107454,,0.3706407624696348,,,,,,,,,,,,,,,
2023-06-28,90.6500015258789,269.1000061035156,2.2336821345966986,11.67950728517549,78.97049424070342,,0.4076258712485338,,,,,,,,,,,,,,,
2023-06-30,91.3000030517578,273.8500061035156,2.239521730060945,11.717666648518332,79.58233640323948,,0.3777344952923445,,,,,,,,,,,,,,,
2023-07-03,95.25,283.5,2.754530956323725,14.44942023482828,80.80057976517172,,0.6686747584952751,,,,,,,,,,,,,,,
2023-07-04,94.6500015258789,279.1000061035156,2.7144655268086044,14.305457778346437,80.34454374753247,,0.676940311014068,,,,,,,,,,,,,,,
2023-07-05,95.5,290.79998779296875,2.5866562073566257,13.679552292911112,81.82044770708889,,0.669178736654726,,,,,,,,,,,,,,,
2023-07-06,98.5999984741211,301.95001220703125,2.8833598575722856,15.331818665811385,83.26817980830971,,0.7712862208563536,,,,,,,,,,,,,,,
2023-07-07,99.1999969482422,305.95001220703125,2.865966116096321,15.33045379203466,83.86954315620753,,0.767362904022564,,,,,,,,,,,,,,,
2023-07-10,97.4000015258789,298.0,2.680693166768693,14.421277660546508,82.9787238653324,,0.7133456183545805,,,,,,,,,,,,,,,
2023-07-11,98.0999984741211,295.1499938964844,2.84329941126892,15.38968564089572,82.71031283322537,,0.7588908408847757,,,,,,,,,,,,,,,
2023-07-12,97.9000015258789,291.3999938964844,2.8609368469038685,15.57966360040247,82.32033792547644,,0.7519943897464656,,,,,,,,,,,,,,,
2023-07-13,96.1999969482422,286.79998779296875,2.630783122577916,14.389695750753162,81.81030119748903,,0.6531734201811863,,,,,,,,,,,,,,,
2023-07-14,96.5999984741211,287.3999938964844,2.665538056520546,14.635586021578176,81.96441245254292,,0.696756794710168,,,,,,,,,,,,,,,
2023-07-17,97.3499984741211,294.3500061035156,2.6140668491082213,14.405204749186396,82.9447937249347,,0.6600448566595863,,,,,,,,,,,,,,,
2023-07-18,97.5999984741211,290.3999938964844,2.7246841399991526,15.081622101702322,82.51837637241877,,0.683666387849257,,,,,,,,,,,,,,,
2023-07-19,98.25,297.8999938964844,2.639442390967922,14.65358913037673,83.59641086962327,,0.6618131390125215,,,,,,,,,,,,,,,
2023-07-20,98.75,300.3999938964844,2.643146508861256,14.723427835131332,84.02657216486867,,0.6913946340113146,,,,,,,,,,,,,,,
2023-07-21,99.3499984741211,301.54998779296875,2.6943296119655,15.070451342509074,84.27954713161202,,0.715974434811082,,,,,,,,,,,,,,,
2023-07-24,99.8499984741211,300.95001220703125,2.767257348539725,15.551623548544342,84.29837492557675,,0.7369431569744018,,,,,,,,,,,,,,,
2023-07-25,99.0,300.29998779296875,2.605594183219592,14.697514613887703,84.3024853861123,,0.6868743320481928,,,,,,,,,,,,,,,
2023-07-26,99.5999984741211,301.70001220703125,2.649405443882908,15.001145837128874,84.59885263699222,,0.7108022295712116,,,,,,,,,,,,,,,
2023-07-27,98.5999984741211,290.70001220703125,2.712144880025975,15.433451021864684,83.16654745225641,,0.7257129615328539,,,,,,,,,,,,,,,
2023-07-28,95.25,279.3999938964844,2.381655380162678,13.59203091472017,81.65796908527983,,0.6194843181342179,,,,,,,,,,,,,,,
2023-07-31,93.75,282.3999938964844,2.034061244527942,11.617269165392798,82.1327308346072,,0.5626652320101105,,,,,,,,,,,,,,,
2023-08-01,94.0,285.04998779296875,2.000330938242514,11.440702333844513,82.55929766615549,,0.5283940414219289,,,,,,,,,,,,,,,
2023-08-02,93.8499984741211,276.29998779296875,2.175601552412514,12.470666917577574,81.37933155654352,,0.5430823266963246,,,,,,,,,,,,,,,
2023-08-03,93.5,270.3500061035156,2.248239628419899,12.910233991198368,80.58976600880163,,0.6325645198810121,,,,,,,,,,,,,,,
2023-08-04,92.3000030517578,266.70001220703125,2.1170534389589624,12.181426254500082,80.11857679725773,,0.598810352803101,,,,,,,,,,,,,,,
2023-08-07,92.8499984741211,267.79998779296875,2.172958090200957,12.531564231073505,80.31843424304759,,0.631650575528634,,,,,,,,,,,,,,,
2023-08-08,92.3499984741211,265.04998779296875,2.1411049424873294,12.377193961664132,79.97280451245696,,0.6696690554839758,,,,,,,,,,,,,,,
2023-08-09,93.9000015258789,266.3999938964844,2.3592474079148773,13.692819301353808,80.2071822245251,,0.7206271572613009,,,,,,,,,,,,,,,
2023-08-10,93.8499984741211,264.8999938964844,2.3703651755029997,13.81069191394326,80.03930656017783,,0.7351574361507515,,,,,,,,,,,,,,,
2023-08-11,93.5,266.6499938964844,2.2527850010756376,13.17058500369768,80.32941499630232,,0.6787512893021641,,,,,,,,,,,,,,,
2023-08-14,92.5999984741211,263.3999938964844,2.164439981253329,12.687339715939828,79.91265875818127,,0.6499699627017822,,,,,,,,,,,,,,,
2023-08-16,93.3000030517578,261.6499938964844,2.310876242084756,13.589260271627865,79.71074278012995,,0.7359281969782452,,,,,,,,,,,,,,,
2023-08-17,92.25,261.75,2.116764370507282,12.484674936064408,79.76532506393559,,0.6530163662861215,,,,,,,,,,,,,,,
2023-08-18,91.4000015258789,261.1499938964844,1.976291768309017,11.678180430754608,79.7218210951243,,0.6123895953664648,,,,,,,,,,,,,,,
2023-08-21,92.0,260.5,2.0813143136108336,12.327225544983662,79.67277445501634,,0.6460507161551492,,,,,,,,,,,,,,,
2023-08-22,91.8499984741211,260.20001220703125,2.051457791782242,12.17728720382712,79.67271127029397,,0.6556426790025349,,,,,,,,,,,,,,,
2023-08-23,91.3000030517578,260.0,1.952811226556136,11.615391221249666,79.68461183050815,,0.6701440494712896,,,,,,,,,,,,,,,
2023-08-24,92.25,264.8500061035156,1.9859645624505595,11.844858106204684,80.40514189379532,,0.6788445061828877,,,,,,,,,,,,,,,
2023-08-25,91.8000030517578,261.5,1.9779143826874976,11.828527432368915,79.9714756193889,,0.6677808586127487,,,,,,,,,,,,,,,
2023-08-28,91.9000015258789,264.3500061035156,1.9167303763407253,11.48836929728138,80.41163222859753,,0.6708717425772008,,,,,,,,,,,,,,,
2023-08-29,91.9000015258789,263.8999938964844,1.916228591757132,11.514181307443693,80.38582021843521,,0.6684333438631962,,,,,,,,,,,,,,,
2023-08-30,90.75,257.70001220703125,1.8603607724283104,11.203294768508414,79.54670523149159,,0.6689253594886936,,,,,,,,,,,,,,,
2023-08-31,89.0999984741211,248.1000061035156,1.801696232125357,10.872307867631465,78.22769060648963,,0.6587862289756703,,,,,,,,,,,,,,,
2023-09-01,89.05000305175781,250.25,1.7337856693843985,10.483802000798876,78.56620105095894,,0.6501834158750504,,,,,,,,,,,,,,,
2023-09-04,90.05000305175781,253.0500030517578,1.8235524959513345,11.053745663518455,78.99625738823936,,0.6849552993534871,,,,,,,,,,,,,,,
2023-09-05,91.3499984741211,254.6499938964844,1.9884222587856828,12.092214162692528,79.25778431142857,,0.7328895520369473,,,,,,,,,,,,,,,
2023-09-06,91.3499984741211,254.6999969482422,1.9750396634007537,12.050031667722948,79.29996680639815,,0.7411281193365994,,,,,,,,,,,,,,,
2023-09-07,91.6999969482422,254.1499938964844,2.031981763699734,12.442527242617317,79.25746970562487,,0.7619218800661549,,,,,,,,,,,,,,,
2023-09-08,94.0,260.3999938964844,2.247187646864852,13.825172473347834,80.17482752665217,,0.8105603729438486,,,,,,,,,,,,,,,
2023-09-11,95.1999969482422,265.79998779296875,2.300802206944997,14.223933585830508,80.97606336241168,,0.814004134514467,,,,,,,,,,,,,,,
2023-09-12,91.5500030517578,251.8000030517578,2.01768920121386,12.51502763417686,79.03497541758095,,0.7530670961247743,,,,,,,,,,,,,,,
2023-09-13,93.0999984741211,254.6999969482422,2.1860742122227013,13.616870998983586,79.48312747513751,,0.7981270740551861,,,,,,,,,,,,,,,
2023-09-14,94.6500015258789,258.5,2.3308279794322817,14.590705638603056,80.05929588727585,,0.8383546457439455,,,,,,,,,,,,,,,
2023-09-15,91.9499969482422,252.25,2.0275379936708053,12.738476372702904,79.21152057553928,,0.7739261474032559,,,,,,,,,,,,,,,
2023-09-18,92.5999984741211,257.1000061035156,2.0090007352400514,12.669095750666116,79.93090272345498,,0.7783074019253416,,,,,,,,,,,,,,,
2023-09-20,91.8499984741211,257.79998779296875,1.86342380630966,11.78871512702689,80.0612833470942,,0.7568109328245269,,,,,,,,,,,,,,,
2023-09-21,92.75,263.45001220703125,1.868316828127068,11.859477641728915,80.89052235827108,,0.7742036530255371,,,,,,,,,,,,,,,
2023-09-22,92.25,260.95001220703125,1.834908365420034,11.687403556933049,80.56259644306695,,0.7639141791784685,,,,,,,,,,,,,,,
2023-09-25,91.9499969482422,260.3500061035156,1.7910758200182024,11.443852220332786,80.5061447279094,,0.7670347275670785,,,,,,,,,,,,,,,
2023-09-26,92.0,260.0,1.796769002447182,11.51791791171658,80.48208208828342,,0.7656873948060416,,,,,,,,,,,,,,,
2023-09-27,90.4000015258789,256.29998779296875,1.6209604748608857,10.4172803072384,79.9827212186405,,0.7342749885549039,,,,,,,,,,,,,,,
2023-09-28,89.80000305175781,249.6999969482422,1.664975943842745,10.72894937335856,79.07105367839925,,0.7478258914832183,,,,,,,,,,,,,,,
2023-09-29,90.9499969482422,254.9499969482422,1.7186344999148,11.108717064984605,79.84127988325758,,0.7619394672687465,,,,,,,,,,,,,,,
2023-10-03,90.0,254.3999938964844,1.5762737683051722,10.214253847684631,79.78574615231537,,0.733210952755115,,,,,,,,,,,,,,,
2023-10-04,89.0999984741211,249.9499969482422,1.5278232999972017,9.923151051377689,79.1768474227434,,0.7238847491669183,,,,,,,,,,,,,,,
2023-10-05,89.6500015258789,253.5500030517578,1.5267022409599578,9.939666898259844,79.71033462761906,,0.7181253108386201,,,,,,,,,,,,,,,
2023-10-06,89.75,257.75,1.4439144091754226,9.419289256808652,80.33071074319135,,0.7045685239658749,,,,,,,,,,,,,,,
2023-10-09,87.44999694824219,251.6999969482422,1.2186242911766874,7.960085597819472,79.48991135042272,,0.6700623952250633,,,,,,,,,,,,,,,
2023-10-10,88.3499984741211,251.75,1.3497607857421208,8.832804481924413,79.51719399219668,,0.6992109199490697,,,,,,,,,,,,,,,
2023-10-11,89.69999694824219,254.1000061035156,1.498272235680003,9.827474112047383,79.8725228361948,,0.728769484976182,,,,,,,,,,,,,,,
2023-10-12,90.3000030517578,258.3999938964844,1.489773505643293,9.79407558955026,80.50592746220755,,0.7254401091271448,,,,,,,,,,,,,,,
2023-10-13,90.8499984741211,256.45001220703125,1.6077693699827065,10.596873767436108,80.25312470668499,,0.7501629656318369,,,,,,,,,,,,,,,
2023-10-16,90.9000015258789,256.70001220703125,1.60205715396229,10.586048686932884,80.31395283894602,,0.7416375513558622,,,,,,,,,,,,,,,
2023-10-17,91.8499984741211,261.70001220703125,1.6291177369217713,10.791192128604592,81.0588063455165,,0.7535289912453951,,,,,,,,,,,,,,,
2023-10-18,90.75,256.95001220703125,1.5582833888408203,10.345737233088784,80.40426276691122,,0.7339841023517176,,,,,,,,,,,,,,,
2023-10-19,90.6500015258789,261.79998779296875,1.4313080117142518,9.519668999792572,81.13033252608633,,0.699290682315622,,,,,,,,,,,,,,,
2023-10-20,90.3000030517578,252.6999969482422,1.5688332667436775,10.455929381627868,79.84407367012994,,0.7409396326218227,,,,,,,,,,,,,,,
2023-10-23,87.94999694824219,249.1999969482422,1.2872235200350095,8.590895273563746,79.35910167467844,,0.6870898640224484,,,,,,,,,,,,,,,
2023-10-25,87.5999984741211,246.0500030517578,1.298049848146138,8.675804719221674,78.92419375489942,,0.7083455706505752,,,,,,,,,,,,,,,
2023-10-26,86.19999694824219,242.1499938964844,1.168872336144903,7.82241031684481,78.37758663139738,,0.6865813664781952,,,,,,,,,,,,,,,
2023-10-27,86.9000015258789,243.5500030517578,1.238091712585639,8.299009692333897,78.60099183354501,,0.6995014228174194,,,,,,,,,,,,,,,
2023-10-30,88.25,245.9499969482422,1.3816003014214944,9.2796083737325,78.9703916262675,,0.7269223248455006,,,,,,,,,,,,,,,
2023-10-31,89.69999694824219,247.6999969482422,1.5524055188836816,10.452980835373635,79.24701611286855,,0.7605998101599594,,,,,,,,,,,,,,,
2023-11-01,92.4499969482422,251.9499969482422,1.859013227554463,12.562696906173016,79.88730004206917,,0.8194883466254432,,,,,,,,,,,,,,,
2023-11-02,95.0500030517578,255.1999969482422,2.159469293031549,14.66337633641828,80.38662671533953,,0.873720437850531,,,,,,,,,,,,,,,
2023-11-03,95.9000015258789,257.54998779296875,2.2187529791223803,15.142104988115364,80.75789653776354,,0.8806172806724806,,,,,,,,,,,,,,,
2023-11-06,99.0,262.1000061035156,2.5532397611071787,17.53450642999303,81.46549357000697,,0.92514392656886,,,,,,,,,,,,,,,
2023-11-07,104.0500030517578,278.6499938964844,2.901511920897857,20.0768530083985,83.97315004335931,,0.9588251096619989,,,,,,,,,,,,,,,
2023-11-08,103.4499969482422,299.5,2.3368763428865424,16.22092765462891,87.22906929361328,,0.8833503134678216,,,,,,,,,,,,,,,
2023-11-09,102.9499969482422,298.95001220703125,2.2437333816547977,15.644789895323411,87.30520705291877,,0.8669467678156197,,,,,,,,,,,,,,,
2023-11-10,98.0500030517578,299.54998779296875,1.507700334586522,10.528722099870508,87.5212809518873,,0.7020997197305924,,,,,,,,,,,,,,,
2023-11-13,99.0,303.25,1.5405401609053768,10.773863815475238,88.22613618452476,,0.670868920065832,,,,,,,,,,,,,,,
2023-11-15,101.6999969482422,313.6000061035156,1.664870396061448,11.64774459161582,90.05225235662637,,0.7131329646368787,,,,,,,,,,,,,,,
2023-11-16,104.0999984741211,320.25,1.819494501665514,12.748067327058294,91.3519311470628,,0.7456699861169318,,,,,,,,,,,,,,,
2023-11-17,102.6999969482422,310.0,1.823777327396679,12.827512756839852,89.87248419140234,,0.7444621997087261,,,,,,,,,,,,,,,
2023-11-20,102.8499984741211,307.20001220703125,1.8800723046853955,13.26213379528258,89.58786467883851,,0.7395816679706614,,,,,,,,,,,,,,,
2023-11-21,101.0500030517578,304.95001220703125,1.6540685040793517,11.688066461784471,89.36193658997334,,0.6670776410436735,,,,,,,,,,,,,,,
2023-11-22,101.25,305.5,1.6453910335604824,11.640281836364592,89.6097181636354,,0.670121990038351,,,,,,,,,,,,,,,
2023-11-23,103.8000030517578,326.70001220703125,1.458661696445811,10.295122911202329,93.50488014055549,,0.5795572821280965,,,,,,,,,,,,,,,
2023-11-24,103.4499969482422,320.20001220703125,1.5383696377748155,10.874017210403991,92.5759797378382,,0.6388814542509142,,,,,,,,,,,,,,,
2023-11-28,108.1999969482422,342.75,1.5995392016358612,11.27402706092495,96.92596988731724,,0.6816082599067813,,,,,,,,,,,,,,,
2023-11-29,108.5500030517578,342.45001220703125,1.6112405625363853,11.376255149202024,97.1737479025558,,0.6620140937582537,,,,,,,,,,,,,,,
2023-11-30,111.75,347.3999938964844,1.8791726386828167,13.285849762662169,98.46415023733783,,0.6844358623544143,,,,,,,,,,,,,,,
2023-12-01,111.25,345.54998779296875,1.8011862995539365,12.758331953064584,98.49166804693542,,0.6639239138430753,,,,,,,,,,,,,,,
2023-12-04,115.9000015258789,376.5,1.5543419870207376,10.939053202311214,104.96094832356768,,0.6226867691043153,,,,,,,,,,,,,,,
2023-12-05,117.6999969482422,381.4500122070313,1.5907340765121705,11.186465999483543,106.51353094875864,,0.6009246157944047,,,,,,,,,,,,,,,
2023-12-06,119.3000030517578,384.25,1.6515065393314752,11.61202276587214,107.68798028588569,,0.5261048858566233,,,,,,,,,,,,,,,
2023-12-07,121.3499984741211,383.1000061035156,1.8850844232595816,13.278689325622937,108.07130914849816,,0.5943695248473184,,,,,,,,,,,,,,,
2023-12-08,118.8000030517578,377.5,1.6140976856242664,11.38641113690025,107.41359191485756,,0.4604462907047597,,,,,,,,,,,,,,,
2023-12-11,117.5,360.8500061035156,1.86159742387148,13.180441728045976,104.31955827195402,,0.5099923427748629,,,,,,,,,,,,,,,
2023-12-12,117.5500030517578,357.1000061035156,1.9218392055340872,13.621581084159374,103.92842196759844,,0.541927653090399,,,,,,,,,,,,,,,
2023-12-13,119.6500015258789,375.0,1.6057104234535355,11.331903229698682,108.31809829618022,,0.3971112900427672,,,,,,,,,,,,,,,
2023-12-14,120.0999984741211,375.7000122070313,1.592258031306898,11.225373366199562,108.87462510792152,,0.3959731119841667,,,,,,,,,,,,,,,
2023-12-15,123.8000030517578,383.8999938964844,1.786990952380401,12.568381896122958,111.23162115563484,,0.41011844338246,,,,,,,,,,,,,,,
2023-12-18,124.3499984741211,379.2999877929688,1.942295192089578,13.657621648376876,110.69237682574422,,0.4476608950220446,,,,,,,,,,,,,,,
2023-12-19,124.6999969482422,380.6000061035156,1.877229949915836,13.17897312575954,111.52102382248265,,0.3925408837161908,,,,,,,,,,,,,,,
2023-12-20,120.0500030517578,364.8500061035156,1.6934020707441595,11.893749928559131,108.15625312319868,,0.3240111379438545,,,,,,,,,,,,,,,
2023-12-21,124.1500015258789,375.7000122070313,1.846687283396137,12.920990415189152,111.22901111068975,,0.3716339280893552,,,,,,,,,,,,,,,
2023-12-22,123.6999969482422,369.2999877929688,1.9443709609783637,13.60073745878951,110.09925948945268,,0.279108318261191,,,,,,,,,,,,,,,
2023-12-26,128.0500030517578,384.1499938964844,1.9743237200491213,13.751413295577931,114.29858975617988,,0.2671487883760807,,,,,,,,,,,,,,,
2023-12-27,126.5999984741211,381.8500061035156,1.7883778907076335,12.43568656082192,114.16431191329916,,0.1810439538241648,,,,,,,,,,,,,,,
2023-12-28,133.25,417.6499938964844,1.369627823766738,9.41742979241991,123.83257020758008,,0.0831930280386247,,,,,,,,,,,,,,,
2023-12-29,129.85000610351562,398.8999938964844,1.506665443852661,10.366125400635184,119.48388070288044,,0.2761510560313828,,,,,,,,,,,,,,,
2024-01-01,130.3000030517578,399.6000061035156,1.4824868415686931,10.16239837230708,120.13760467945072,,0.1851317300938139,,,,,,,,,,,,,,,
2024-01-02,130.5500030517578,408.7000122070313,1.1036863286850325,7.503312708036049,123.04669034372176,,0.1916867968638186,,,,,,,,,,,,,,,
2024-01-03,132.6999969482422,421.7999877929688,0.8421723680157966,5.669128117834092,127.0308688304081,,0.1340740058819629,,,,,,,,,,,,,,,
2024-01-04,131.1999969482422,415.3999938964844,0.8103085335707884,5.4175115375989975,125.7824854106432,,0.1238595601530535,,,,,,,,,,,,,,,
2024-01-05,132.6999969482422,420.0,0.777753081461712,5.145383407242633,127.55461354099955,,0.2454897433781662,,,,,,,,,,,,,,,
2024-01-08,132.64999389648438,429.3999938964844,0.3258925801445263,2.1324042489763144,130.51758964750806,,0.2585015564194895,,,,,,,,,,,,,,,
2024-01-09,131.89999389648438,439.3500061035156,-0.249037812535165,-1.6113500403133116,133.5113439367977,0.0,0.3013951678777792,,,,,,,,,,,,,,,
2024-01-10,130.5500030517578,430.7000122070313,-0.1257054039117466,-0.8075521475636833,131.3575551993215,,0.3436700841765404,,,,,,,,,,,,,,,
2024-01-11,133.25,445.5,-0.3854849213610345,-2.447989142847007,135.697989142847,,0.2729874813831567,,,,,,,,,,,,,,,
2024-01-12,135.3000030517578,450.7999877929688,-0.3370613075049489,-2.1183360692278086,137.41833912098562,,0.2316505453130197,,,,,,,,,,,,,,,
2024-01-15,137.64999389648438,449.6000061035156,0.0453792460044403,0.2828647889215858,137.3671291075628,,0.1758391240824058,,,,,,,,,,,,,,,
2024-01-16,143.60000610351562,452.7999877929688,0.7876992052739888,4.870153867589437,138.7298522359262,,0.1375621392241089,,,,,,,,,,,,,,,
2024-01-17,144.10000610351562,449.1000061035156,0.9688023328786112,5.949204191589331,138.1508019119263,,0.1517483825616619,,,,,,,,,,,,,,,
2024-01-18,144.5,454.6000061035156,0.724484241372577,4.41489071304764,140.08510928695236,,0.1315607359044126,,,,,,,,,,,,,,,
2024-01-19,148.64999389648438,465.75,0.8242259219690808,4.984210401293353,143.66578349519102,,0.1046214001984,,,,,,,,,,,,,,,
2024-01-23,138.9499969482422,440.4500122070313,0.3959991951280308,2.3860244490521723,136.56397249919002,,0.0723924406287949,,,,,,,,,,,,,,,
2024-01-24,143.4499969482422,452.5499877929688,0.5188758041870335,3.099996516366275,140.3500004318759,,0.0791879909585678,,,,,,,,,,,,,,,
2024-01-25,143.6999969482422,430.6000061035156,1.5727435312209732,9.379834726175403,134.32016222206678,,0.1042892420987377,,,,,,,,,,,,,,,
2024-01-29,146.6999969482422,452.2999877929688,0.9548437536104684,5.640097819374546,141.05989912886764,,0.0952136477873771,,,,,,,,,,,,,,,
2024-01-30,147.6999969482422,471.7000122070313,0.1330166186929806,0.7803716051531637,146.91962534308902,,0.0644523591702208,,,,,,,,,,,,,,,
2024-01-31,146.9499969482422,463.25,0.4089280379305905,2.3968711637972437,144.55312578444494,,0.0685160258740032,,,,,,,,,,,,,,,
2024-02-01,149.75,465.7999877929688,0.7273254839287714,4.257432233085069,145.49256776691493,,0.0745701900806028,,,,,,,,,,,,,,,
2024-02-02,162.89999389648438,488.8500061035156,1.729340520036626,10.106288791304904,152.79370510517947,,0.134945004855899,,,,,,,,,,,,,,,
2024-02-05,173.9499969482422,508.3999938964844,2.4950242812218364,14.598806287010206,159.35119066123198,1.0,0.1650273088570179,,,,,,,,,,,,,,,
2024-02-06,184.5,535.7999877929688,2.728062120774457,15.964408928577797,168.5355910714222,,0.1623416919934817,,,,,,,,,,,,,,,
2024-02-07,186.4499969482422,523.5999755859375,3.4883980329137865,20.61431244203743,165.83568450620476,,0.1631259664198599,,,,,,,,,,,,,,,
2024-02-08,192.3999938964844,525.1500244140625,4.164034174481489,24.87802669894171,167.52196719754266,0.0,0.2045007913364709,,,,,,,,,,,,,,,
2024-02-09,182.5,510.2000122070313,3.136247095571429,18.851047073914543,163.64895292608546,,0.0438972295841414,,,,,,,,,,,,,,,
2024-02-12,175.39999389648438,501.8999938964844,2.301271266828119,13.832968050549056,161.56702584593532,,0.1480551765153726,,,,,,,,,,,,,,,
2024-02-13,174.4499969482422,501.6499938964844,2.078789102661136,12.46313698131516,161.98685996692703,,0.1330456097183923,,,,,,,,,,,,,,,
2024-02-14,183.5500030517578,543.2999877929688,1.306104224198543,7.736056381962271,175.81394666979554,,0.0790319275472489,,,,,,,,,,,,,,,
2024-02-15,189.8500061035156,575.0,0.6008326030747102,3.5182514933160007,186.3317546101996,,0.0307307907337188,,,,,,,,,,,,,,,
2024-02-16,187.0,565.7000122070312,0.5858212794222573,3.414125421763174,183.58587457823683,,0.0163557016566705,,,,,,,,,,,,,,,
2024-02-19,188.5,554.7000122070312,1.3881687566026173,8.067769273769528,180.43223072623047,,0.0732947192824584,,,,,,,,,,,,,,,
2024-02-20,188.75,563.0999755859375,0.9168335729213988,5.288340599594676,183.46165940040527,,0.0649026425514488,,,,,,,,,,,,,,,
2024-02-21,182.3000030517578,543.25,0.8814941795625176,5.065103733200459,177.23489931855735,,0.0456189553673076,,,,,,,,,,,,,,,
2024-02-22,179.6999969482422,539.0999755859375,0.6422669890604049,3.6698321117360138,176.03016483650617,,0.0337622065999816,,,,,,,,,,,,,,,
2024-02-23,175.85000610351562,527.5999755859375,0.6075729617490628,3.46271427831698,172.38729182519864,,0.0367767138139786,,,,,,,,,,,,,,,
2024-02-26,177.5,541.6500244140625,0.0830692303280153,0.4707052606788409,177.02929473932116,,0.0237530243873576,,,,,,,,,,,,,,,
2024-02-27,173.25,529.8499755859375,0.0120693309959656,0.0681894771109341,173.18181052288907,,0.0425751231274391,,,,,,,,,,,,,,,
2024-02-28,167.39999389648438,507.2000122070313,0.2782518223104068,1.5655510304082725,165.8344428660761,,0.0431018606559215,,,,,,,,,,,,,,,
2024-02-29,165.5500030517578,509.3999938964844,-0.1852864514802057,-1.032575985730773,166.5825790374886,,0.0415786798301169,,,,,,,,,,,,,,,
2024-03-01,169.39999389648438,517.1500244140625,0.0432807183128799,0.2392583025963972,169.16073559388798,,0.033603432751116,,,,,,,,,,,,,,,
2024-03-04,175.25,525.0999755859375,0.6144094208250431,3.3845807598627573,171.86541924013724,,0.0433056647983547,,,,,,,,,,,,,,,
2024-03-05,175.85000610351562,528.0499877929688,0.5336727537607655,2.9312296553233352,172.9187764481923,,0.0401798966237479,,,,,,,,,,,,,,,
2024-03-06,177.35000610351562,517.2000122070312,1.42022921033951,7.797030959818954,169.55297514369667,,0.0462670554723712,,,,,,,,,,,,,,,
2024-03-07,174.60000610351562,508.5,1.4084744766403408,7.706266992558568,166.89373911095706,,0.0426468492241759,,,,,,,,,,,,,,,
2024-03-11,174.25,511.8500061035156,1.1187653263735793,6.104717726685777,168.14528227331422,,0.0340272519793617,,,,,,,,,,,,,,,
2024-03-12,172.89999389648438,514.2999877929688,0.7077889812199083,3.850752452431891,169.04924144405248,,0.0280073569493603,,,,,,,,,,,,,,,
2024-03-13,163.35000610351562,483.8999938964844,0.7828213319867552,4.257600234450933,159.0924058690647,,0.0238562791629744,,,,,,,,,,,,,,,
2024-03-14,170.35000610351562,500.1000061035156,1.0662125508512132,5.77500567536012,164.5750004281555,,0.0206697002801285,,,,,,,,,,,,,,,
2024-03-15,161.0,468.8500061035156,1.2310805830135805,6.660588499704403,154.3394115002956,,0.0177295092089416,,,,,,,,,,,,,,,
2024-03-18,160.8000030517578,461.1499938964844,1.6434427080303915,8.881047159351056,151.91895589240676,,0.0306018466137222,,,,,,,,,,,,,,,
2024-03-19,155.25,445.5,1.5592341061108848,8.410859657948578,146.83914034205142,,0.0238044626716667,,,,,,,,,,,,,,,
2024-03-20,158.25,453.6499938964844,1.5940653408417096,8.589359661189889,149.6606403388101,,0.0426139121944643,,,,,,,,,,,,,,,
2024-03-21,164.5,472.5,1.569336861665588,8.440893376898742,156.05910662310126,,0.0272531315943486,,,,,,,,,,,,,,,
2024-03-22,165.14999389648438,473.4500122070313,1.60752178075298,8.653039801659219,156.49695409482516,,0.027878420362558,,,,,,,,,,,,,,,
2024-03-26,167.4499969482422,472.6000061035156,2.05573241113114,11.08433660036954,156.36566034787265,1.0,0.0383452538030825,,,,,,,,,,,,,,,
2024-03-27,166.1999969482422,471.1000061035156,1.8894050760696703,10.199898345918768,156.00009860232342,,0.034686120777042,,,,,,,,,,,,,,,
2024-03-28,167.75,475.6499938964844,1.867329738771068,10.08566731080819,157.6643326891918,,0.0269017356795087,,,,,,,,,,,,,,,
2024-04-01,169.25,468.7999877929688,2.5276245729023947,13.703487024155637,155.54651297584437,,0.0251683926110139,,,,,,,,,,,,,,,
2024-04-02,174.1999969482422,482.2000122070313,2.566518236009232,13.94693135954023,160.25306558870196,,0.0273134528976534,,,,,,,,,,,,,,,
2024-04-03,173.6999969482422,474.5499877929688,2.8950178589145152,15.809390738216962,157.89060621002525,,0.092827403406494,,,,,,,,,,,,,,,
2024-04-04,169.64999389648438,461.5499877929688,2.9071633679632494,15.950137143970665,153.6998567525137,,0.1184706178873051,,,,,,,,,,,,,,,
2024-04-05,168.0,461.2000122070313,2.5902908923271317,14.242728233407718,153.75727176659228,,0.0255237984202112,,,,,,,,,,,,,,,
2024-04-08,170.3000030517578,462.8999938964844,2.8598004567217123,15.763933347846091,154.53606970391172,,0.0525903537494868,,,,,,,,,,,,,,,
2024-04-09,168.89999389648438,458.8500061035156,2.814275306235957,15.544201938925198,153.35579195755918,,0.0585304968781582,,,,,,,,,,,,,,,
2024-04-10,173.0500030517578,487.4500122070313,1.7779814262918423,9.796161920184003,163.2538411315738,,0.0323085915833796,,,,,,,,,,,,,,,
2024-04-12,170.14999389648438,478.25,1.7963596456208497,9.892126499479332,160.25786739700504,,0.0297065813865437,,,,,,,,,,,,,,,
2024-04-15,166.39999389648438,467.4500122070313,1.761565488977117,9.715084899949204,156.68490899653517,,0.0271738090865327,,,,,,,,,,,,,,,
2024-04-16,169.0,468.5499877929688,2.135044657367579,11.789744577465342,157.21025542253466,,0.0403410324144011,,,,,,,,,,,,,,,
2024-04-18,169.0,477.2999877929688,1.5711879370016493,8.663736277463244,160.33626372253676,,0.0518894503674707,,,,,,,,,,,,,,,
2024-04-19,166.64999389648438,478.3999938964844,1.0618694209190105,5.843482291232419,160.80651160525196,,0.0134817351953759,,,,,,,,,,,,,,,
2024-04-22,170.89999389648438,492.0499877929688,0.9677483549576812,5.311380647358504,165.58861324912587,,0.0085425957688446,,,,,,,,,,,,,,,
2024-04-23,168.10000610351562,483.1000061035156,1.0051735069392551,5.5007952351253095,162.59921086839032,,0.0103043761273202,,,,,,,,,,,,,,,
2024-04-24,168.75,487.3999938964844,0.8420213796627446,4.591893278631943,164.15810672136806,,0.0116584666789025,,,,,,,,,,,,,,,
2024-04-25,170.1999969482422,491.2000122070313,0.8565048305197307,4.662459013085908,165.53753793515628,,0.01216349169965,,,,,,,,,,,,,,,
2024-04-26,171.5500030517578,491.1000061035156,1.0959905675728598,5.964324990864895,165.58567806089292,,0.0186246694439362,,,,,,,,,,,,,,,
2024-04-29,176.75,505.6499938964844,1.113918847634857,6.059536571579599,170.6904634284204,,0.018220341273132,,,,,,,,,,,,,,,
2024-04-30,168.85000610351562,495.3999938964844,0.3073966138243067,1.6714628763456003,167.17854322717002,,0.0323756399783334,,,,,,,,,,,,,,,
2024-05-02,173.39999389648438,533.5,-1.258371977652759,-6.83150606605696,180.2314999625413,0.0,0.0140566079670868,,,,,,,,,,,,,,,
2024-05-03,170.75,534.0999755859375,-1.7541424247887023,-9.543146444948803,180.2931464449488,,0.011303472929506,,,,,,,,,,,,,,,
2024-05-06,166.25,513.7999877929688,-1.2775471511727978,-6.964819245755734,173.2148192457557,,0.012840144765327,,,,,,,,,,,,,,,
2024-05-07,160.0,514.0499877929688,-2.3976527779735304,-13.13275869546436,173.13275869546436,,0.0116638463759601,,,,,,,,,,,,,,,
2024-05-08,163.14999389648438,523.2000122070312,-2.357079811304652,-12.950082304074726,176.1000762005591,,0.0121757891463968,,,,,,,,,,,,,,,
2024-05-09,156.60000610351562,501.0,-2.132301695924879,-11.76427924734017,168.3642853508558,,0.0126560900904527,,,,,,,,,,,,,,,
2024-05-10,158.9499969482422,501.5499877929688,-1.717635097654286,-9.496286699417595,168.44628364765978,,0.0119300944804256,,,,,,,,,,,,,,,
2024-05-13,158.1999969482422,500.1499938964844,-1.7429896926868136,-9.661323772582987,167.86132072082518,,0.0124600141138619,,,,,,,,,,,,,,,
2024-05-14,159.35000610351562,493.2999877929688,-1.101130533034928,-6.1118658527405785,165.4618719562562,,0.012011456060617,,,,,,,,,,,,,,,
2024-05-15,161.8000030517578,506.7000122070313,-1.4630531743324648,-8.133537035371774,169.9335400871296,,0.0125778897426176,,,,,,,,,,,,,,,
2024-05-16,162.85000610351562,498.8999938964844,-0.7873657094973949,-4.381318990055945,167.23132509357157,,0.011755402648662,,,,,,,,,,,,,,,
2024-05-17,164.0500030517578,506.9500122070313,-1.0508826759998675,-5.852489140493788,169.9024921922516,,0.0121154691745018,,,,,,,,,,,,,,,
2024-05-21,166.89999389648438,526.8499755859375,-1.7272370777786323,-9.638459238658925,176.5384531351433,,0.0130664188855871,,,,,,,,,,,,,,,
2024-05-22,166.9499969482422,530.3499755859375,-1.8990622180837549,-10.635627860627269,177.58562480886943,,0.0128147528556515,,,,,,,,,,,,,,,
