Dates,HINDCOPPER.NS Y,COALINDIA.NS X,Standard Residual,Residual,Y Predicted,Signal,Coint,Trades,Investments,Net Investments,Effective Margin of COALINDIA.NS X,Effective Margin of HINDCOPPER.NS Y,Trade Length,Percentage Return,Profit,Net Percentage Return,Long Profit,Short Profit,Effective Investment of HINDCOPPER.NS X,Effective Investment of HINDCOPPER.NS Y,Multiplier X,Multiplier Y
13-02-2023,105.9000015,213.0500031,-0.435722513,-7.272154324,113.1721559,,0.000705017,1,511.4500122,5.114500122,2.2925,2.822000122,25,-8.280377326,-42.34999084,-828.0377326,18.55000305,-60.8999939,229.25,282.2000122,1.0,2.0
14-02-2023,106.5500031,211.75,-0.420697194,-6.940285397,113.4902884,,0.000323327,,,,,,,,,,,,,,,
15-02-2023,106.6999969,212.8999939,-0.392323213,-6.421505161,113.1215021,,0.000990184,,,,,,,,,,,,,,,
16-02-2023,108.1500015,215.4499969,-0.258056082,-4.185311646,112.3353132,,0.00343127,,,,,,,,,,,,,,,
17-02-2023,106.0500031,217.5,-0.348583476,-5.622919857,111.6729229,,0.006104586,,,,,,,,,,,,,,,
20-02-2023,104.25,218.3000031,-0.44291625,-7.134912841,111.3849128,,0.007948182,,,,,,,,,,,,,,,
21-02-2023,103.5999985,214.0500031,-0.560251338,-9.029147801,112.6291463,,0.007673244,Individual Breakup,,Lot HINDCOPPER.NS Y,Lot  COALINDIA.NS X,Total Profit,Total Trade,,,,,,,,,
22-02-2023,100.8499985,211.8500061,-0.76861668,-12.39106006,113.2410585,,0.006205531,Margin of COALINDIA.NS X,Margin of HINDCOPPER.NS Y,1,1,-42.34999084,1,,,,,,,,,
23-02-2023,101.6500015,214.8999939,-0.659471945,-10.62011757,112.2701191,,0.008285895,1,1,,,,,,,,,,,,,
24-02-2023,100.0,217.0500031,-0.719687739,-11.56201753,111.5620175,,0.01111577,,,,,,,,,,,,,,,
27-02-2023,97.0,216.9499969,-0.904711224,-14.52492489,111.5249249,,0.014601425,,,,,,,,,,,,,,,
28-02-2023,97.25,215.3999939,-0.913904117,-14.67733787,111.9273379,,0.012626837,,,,,,,,,,,,,,,
01-03-2023,102.5999985,218.75,-0.515526788,-8.279277775,110.8792762,,0.010905704,,,,,,,,,,,,,,,
02-03-2023,101.4499969,222.8500061,-0.507845966,-8.152151092,109.602148,,0.011787626,,,,,,,,,,,,,,,
03-03-2023,103.0,222.9499969,-0.407495008,-6.539762149,109.5397621,,0.011983686,,,,,,,,,,,,,,,
06-03-2023,102.4000015,224.8999939,-0.406220219,-6.518391964,108.9183935,,0.012176118,,,,,,,,,,,,,,,
08-03-2023,101.5,224.8500061,-0.460849044,-7.396294988,108.896295,,0.012329772,,,,,,,,,,,,,,,
09-03-2023,102.1500015,224.8000031,-0.419104897,-6.727521635,108.8775232,,0.012289836,,,,,,,,,,,,,,,
10-03-2023,100.6999969,224.3500061,-0.515233914,-8.273088285,108.9730852,,0.012211605,,,,,,,,,,,,,,,
13-03-2023,98.59999847,220.8000031,-0.709298253,-11.39784967,109.9978481,,0.011880201,,,,,,,,,,,,,,,
14-03-2023,98.25,221.0500031,-0.72246588,-11.61142755,109.8614276,,0.013456631,,,,,,,,,,,,,,,
15-03-2023,98.65000153,219.8999939,-0.715697944,-11.49859468,110.1485962,,0.012364607,,,,,,,,,,,,,,,
16-03-2023,97.75,220.8500061,-0.749438299,-12.04216754,109.7921675,,0.013860799,,,,,,,,,,,,,,,
17-03-2023,100.1999969,221.6499939,-0.578239925,-9.288760099,109.488757,,0.010838874,,,,,,,,,,,,,,,
20-03-2023,97.25,217.0500031,-0.846474066,-13.60921451,110.8592145,,0.011494675,,,,,,,,,,,,,,,
21-03-2023,98.19999695,217.0500031,-0.783553694,-12.59642613,110.7964231,,0.01147535,,,,,,,,,,,,,,,
22-03-2023,98.40000153,213.9499969,-0.827934944,-13.30742542,111.7074269,,0.011176385,,,,,,,,,,,,,,,
23-03-2023,98.59999847,213.3500061,-0.823821612,-13.23894245,111.8389409,,0.009994095,,,,,,,,,,,,,,,
24-03-2023,96.30000305,208.4499969,-1.060271563,-17.0449932,113.3449963,,0.013627156,,,,,,,,,,,,,,,
27-03-2023,96.0,208.3999939,-1.076573995,-17.30344071,113.3034407,,0.015390337,,,,,,,,,,,,,,,
28-03-2023,94.65000153,208.8999939,-1.145986964,-18.43222274,113.0822243,,0.017620068,,,,,,,,,,,,,,,
29-03-2023,96.44999695,212.9499969,-0.948110246,-15.2577425,111.7077394,,0.016286684,,,,,,,,,,,,,,,
31-03-2023,98.34999847,213.6499939,-0.812449998,-13.08297409,111.4329726,,0.015610976,,,,,,,,,,,,,,,
03-04-2023,99.34999847,220.1499939,-0.616306066,-9.922837427,109.2728359,,0.014445239,,,,,,,,,,,,,,,
05-04-2023,98.19999695,222.5,-0.637415985,-10.26460351,108.4646005,,0.015085422,,,,,,,,,,,,,,,
06-04-2023,99.0,221.6999969,-0.601646953,-9.691852237,108.6918522,,0.014718675,,,,,,,,,,,,,,,
10-04-2023,100.5,222.0500031,-0.498114104,-8.02327242,108.5232724,,0.013697089,,,,,,,,,,,,,,,
11-04-2023,100.6999969,223.6499939,-0.450861988,-7.262949879,107.9629468,,0.012850723,,,,,,,,,,,,,,,
12-04-2023,100.9499969,227.6999969,-0.350381009,-5.643303197,106.5933001,,0.012641713,,,,,,,,,,,,,,,
13-04-2023,100.5500031,225.5,-0.419556348,-6.757493954,107.307497,,0.012708213,,,,,,,,,,,,,,,
17-04-2023,102.3000031,229.6000061,-0.225638686,-3.633293359,105.9332964,,0.012099296,,,,,,,,,,,,,,,
18-04-2023,101.1500015,232.1999969,-0.242309944,-3.901188547,105.0511901,,0.012265579,,,,,,,,,,,,,,,
19-04-2023,101.3000031,230.3999939,-0.267702418,-4.310747002,105.6107501,,0.012264488,,,,,,,,,,,,,,,
20-04-2023,101.0999985,229.5500031,-0.295657183,-4.761628002,105.8616265,,0.011443723,,,,,,,,,,,,,,,
21-04-2023,98.5,230.0500031,-0.444057882,-7.152827795,105.6528278,,0.010949689,,,,,,,,,,,,,,,
24-04-2023,99.30000305,231.5500031,-0.363844239,-5.857253827,105.1572569,,0.010953771,,,,,,,,,,,,,,,
25-04-2023,99.09999847,230.25,-0.404442064,-6.503630436,105.6036289,,0.011732378,,,,,,,,,,,,,,,
26-04-2023,98.90000153,229.75,-0.428492181,-6.882385876,105.7823874,,0.01172966,,,,,,,,,,,,,,,
27-04-2023,99.84999847,231.75,-0.329656083,-5.288473282,105.1384718,,0.012631734,,,,,,,,,,,,,,,
28-04-2023,101.4000015,233.1000061,-0.207432837,-3.323688041,104.7236896,,0.012278691,,,,,,,,,,,,,,,
02-05-2023,104.3000031,236.1000061,0.03172159,0.507739023,103.792264,,0.009847213,,,,,,,,,,,,,,,
03-05-2023,105.3000031,236.8999939,0.107116146,1.713073906,103.5869291,,0.004351618,,,,,,,,,,,,,,,
04-05-2023,107.5999985,237.4499969,0.257076908,4.105089209,103.4949093,,0.00068612,,,,,,,,,,,,,,,
05-05-2023,104.6500015,237.3999939,0.064993919,1.032417589,103.6175839,,0.000769214,,,,,,,,,,,,,,,
08-05-2023,106.9000015,232.8500061,0.111572502,1.749821933,105.1501796,,0.002911134,,,,,,,,,,,,,,,
09-05-2023,105.75,236.3500061,0.105120711,1.626455769,104.1235442,,0.005507576,,,,,,,,,,,,,,,
10-05-2023,105.6999969,236.5500031,0.102670394,1.574121748,104.1258752,,0.004974428,,,,,,,,,,,,,,,
11-05-2023,105.0999985,236.1499939,0.051151698,0.778979041,104.3210194,,0.001730647,,,,,,,,,,,,,,,
12-05-2023,102.0999985,235.0500031,-0.171699047,-2.597392474,104.6973909,,0.002176352,,,,,,,,,,,,,,,
15-05-2023,104.4499969,237.6999969,0.030126182,0.45103269,103.9989643,,0.00364278,,,,,,,,,,,,,,,
16-05-2023,104.3499985,240.9499969,0.082664249,1.225636652,103.1243618,,0.003840835,,,,,,,,,,,,,,,
17-05-2023,102.6500015,241.6000061,-0.02519418,-0.370710356,103.0207119,,0.0026674,,,,,,,,,,,,,,,
18-05-2023,101.9000015,239.6000061,-0.120530488,-1.761332735,103.6613343,,0.003026476,,,,,,,,,,,,,,,
19-05-2023,101.5999985,239.8999939,-0.140581834,-2.037811042,103.6378095,,0.002889733,,,,,,,,,,,,,,,
22-05-2023,103.6999969,238.6999969,-0.024141013,-0.347346198,104.0473431,,0.001911077,,,,,,,,,,,,,,,
23-05-2023,102.9000015,239.3000031,-0.073814887,-1.054102033,103.9541036,,0.001119633,,,,,,,,,,,,,,,
24-05-2023,102.1999969,241.0,-0.097007645,-1.373191033,103.573188,,0.001577373,,,,,,,,,,,,,,,
25-05-2023,102.8499985,240.0500031,-0.076047417,-1.065559392,103.9155579,,0.003624963,,,,,,,,,,,,,,,
26-05-2023,106.9000015,241.5,0.235184747,3.265380929,103.6346206,,0.002954187,,,,,,,,,,,,,,,
29-05-2023,108.9000015,246.1000061,0.460324875,6.35065952,102.549342,,0.003005021,,,,,,,,,,,,,,,
30-05-2023,111.0999985,244.3000031,0.579636676,7.949445896,103.1505526,,0.003416697,,,,,,,,,,,,,,,
31-05-2023,113.25,241.25,0.673779731,9.189228908,104.0607711,,0.002255304,,,,,,,,,,,,,,,
01-06-2023,111.5999985,230.3500061,0.348150991,4.725447713,106.8745508,,0.002796456,,,,,,,,,,,,,,,
02-06-2023,113.8000031,230.8999939,0.520065845,7.010324414,106.7896786,,0.002160023,,,,,,,,,,,,,,,
05-06-2023,114.3499985,229.6999969,0.538123755,7.213524736,107.1364737,,0.001883817,,,,,,,,,,,,,,,
06-06-2023,113.6500015,227.8000031,0.45120579,6.009680338,107.6403212,,0.000356788,,,,,,,,,,,,,,,
07-06-2023,115.1500015,230.6999969,0.616703721,8.157266539,106.992735,,0.000585037,,,,,,,,,,,,,,,
08-06-2023,113.4499969,228.1000061,0.44466042,5.811058372,107.6389386,,0.000976777,,,,,,,,,,,,,,,
09-06-2023,112.75,227.6499939,0.385094165,4.977673585,107.7723264,,0.001811518,,,,,,,,,,,,,,,
12-06-2023,113.4000015,229.0,0.460784921,5.903470673,107.4965309,,0.002997756,,,,,,,,,,,,,,,
13-06-2023,113.3499985,228.9499969,0.455739452,5.801446095,107.5485524,,0.006817374,,,,,,,,,,,,,,,
14-06-2023,115.4000015,228.9499969,0.615339219,7.798684761,107.6013168,,0.004254268,,,,,,,,,,,,,,,
15-06-2023,114.25,228.6000061,0.515612945,6.523399638,107.7266004,,0.003094015,,,,,,,,,,,,,,,
16-06-2023,115.1999969,228.5500031,0.587388483,7.408349427,107.7916475,,0.003128734,,,,,,,,,,,,,,,
19-06-2023,114.5,227.1499939,0.505879446,6.352495665,108.1475043,,0.004080447,,,,,,,,,,,,,,,
20-06-2023,117.0999985,227.25,0.713112772,8.916762868,108.1832356,,0.002351334,,,,,,,,,,,,,,,
21-06-2023,115.8000031,228.4499969,0.627331321,7.818226689,107.9817764,,0.00401014,,,,,,,,,,,,,,,
22-06-2023,115.25,226.9499969,0.556539846,6.899656955,108.350343,,0.004530831,,,,,,,,,,,,,,,
23-06-2023,114.0500031,225.8999939,0.4403375,5.441119542,108.6088835,,0.004782609,,,,,,,,,,,,,,,
26-06-2023,115.9499969,224.3000031,0.565313699,6.968219079,108.9817779,,0.005324091,,,,,,,,,,,,,,,
27-06-2023,115.3000031,225.1499939,0.524816968,6.454567997,108.8454351,,0.00572386,,,,,,,,,,,,,,,
28-06-2023,115.8499985,227.25,0.60152247,7.383764542,108.4662339,,0.003390983,,,,,,,,,,,,,,,
30-06-2023,116.0500031,231.0,0.675607869,8.280082894,107.7699202,,0.004323248,,,,,,,,,,,,,,,
03-07-2023,118.3499985,231.6499939,0.870470974,10.63499474,107.7150037,,0.003384212,,,,,,,,,,,,,,,
04-07-2023,117.1500015,231.8000031,0.770854334,9.394922641,107.7550789,,0.003950993,,,,,,,,,,,,,,,
05-07-2023,116.3000031,231.3999939,0.691666161,8.400088306,107.8999147,,0.00358903,,,,,,,,,,,,,,,
06-07-2023,122.0,234.6000061,1.204826206,14.60239779,107.3976022,,0.004914932,,,,,,,,,,,,,,,
07-07-2023,119.5,234.0,0.984103424,11.89898607,107.6010139,,0.004259545,,,,,,,,,,,,,,,
10-07-2023,118.0,233.75,0.851537917,10.27148998,107.72851,,0.004343204,,,,,,,,,,,,,,,
11-07-2023,118.8499985,234.0,0.92098047,11.08348712,107.7665114,,0.004387021,,,,,,,,,,,,,,,
12-07-2023,119.5500031,234.3999939,0.979773204,11.76891816,107.7810849,,0.00486262,,,,,,,,,,,,,,,
13-07-2023,117.25,229.8999939,0.718965146,8.618327841,108.6316722,,0.004960594,,,,,,,,,,,,,,,
14-07-2023,120.0999985,231.0500031,0.968725048,11.59227735,108.5077211,,0.007050897,,,,,,,,,,,,,,,
17-07-2023,122.5999985,230.1999969,1.159551593,13.86716837,108.7328301,,0.006924645,,,,,,,,,,,,,,,
18-07-2023,119.9499969,228.25,0.905965844,10.83104151,109.1189554,,0.004117313,,,,,,,,,,,,,,,
19-07-2023,119.8000031,228.6000061,0.894037535,10.67985132,109.1201517,,0.003015356,,,,,,,,,,,,,,,
20-07-2023,119.6999969,229.75,0.897675857,10.69622939,109.0037676,,0.001991809,,,,,,,,,,,,,,,
21-07-2023,119.9499969,229.0,0.905797787,10.75053832,109.1994586,,0.004388601,,,,,,,,,,,,,,,
24-07-2023,118.1500015,230.9499969,0.777421595,9.171348842,108.9786527,,0.001620281,,,,,,,,,,,,,,,
25-07-2023,124.5500031,229.9499969,1.303158301,15.31934035,109.2306627,,0.004900301,,,,,,,,,,,,,,,
26-07-2023,126.1500015,230.5,1.443073204,16.8855135,109.264488,,0.001866773,,,,,,,,,,,,,,,
27-07-2023,127.75,229.0500031,1.560001307,18.16233434,109.5876657,,0.002878827,,,,,,,,,,,,,,,
28-07-2023,127.8499985,227.1000061,1.54421147,17.88947939,109.9605191,,0.003993523,,,,,,,,,,,,,,,
31-07-2023,141.1000061,229.25,2.696412876,31.2729095,109.8270966,1.0,0.024478098,,,,,,,,,,,,,,,
01-08-2023,150.3999939,240.3500061,3.571182218,41.73131089,108.668683,,0.032359749,,,,,,,,,,,,,,,
02-08-2023,146.8500061,234.5500031,3.166661876,37.24814973,109.6018564,,0.031803049,,,,,,,,,,,,,,,
03-08-2023,151.1499939,230.0500031,3.44231598,40.82134622,110.3286477,,0.08832308,,,,,,,,,,,,,,,
04-08-2023,154.0,233.75,3.657465438,43.86646455,110.1335354,,0.124554556,,,,,,,,,,,,,,,
07-08-2023,148.6999969,232.9499969,3.162324954,38.29911566,110.4008813,,0.065510698,,,,,,,,,,,,,,,
08-08-2023,146.75,230.25,2.940224618,35.91276139,110.8372386,,0.059767212,,,,,,,,,,,,,,,
09-08-2023,151.8999939,234.75,3.34855136,41.307616,110.5923779,,0.100555169,,,,,,,,,,,,,,,
10-08-2023,148.25,234.8999939,3.013264693,37.47751253,110.7724875,,0.087089554,,,,,,,,,,,,,,,
11-08-2023,158.9499969,234.8999939,3.802857298,47.92805074,111.0219462,,0.348901997,,,,,,,,,,,,,,,
14-08-2023,152.3999939,233.8999939,3.227724936,41.08827378,111.3117201,,0.226810726,,,,,,,,,,,,,,,
16-08-2023,142.8999939,233.0500031,2.450013525,31.3663441,111.5336498,,0.127538353,,,,,,,,,,,,,,,
17-08-2023,142.5500031,232.3000031,2.393925105,30.83002768,111.7199754,,0.12445433,,,,,,,,,,,,,,,
18-08-2023,140.75,227.4499969,2.207775054,28.56981893,112.1801811,,0.117799032,,,,,,,,,,,,,,,
21-08-2023,136.6999969,230.1000061,1.897796144,24.6416658,112.0583311,,0.05961854,,,,,,,,,,,,,,,
22-08-2023,144.8500061,230.75,2.503992759,32.71989335,112.1301128,,0.15703653,,,,,,,,,,,,,,,
23-08-2023,148.3000031,230.8999939,2.737994083,36.05020119,112.2498019,,0.201675095,,,,,,,,,,,,,,,
24-08-2023,146.1999969,229.25,2.54350492,33.7132585,112.4867384,,0.133994163,,,,,,,,,,,,,,,
25-08-2023,144.8500061,227.6999969,2.410271787,32.14039527,112.7096108,,0.171405712,,,,,,,,,,,,,,,
28-08-2023,147.8999939,229.4499969,2.620240621,35.18318659,112.7168073,,0.158281584,,,,,,,,,,,,,,,
29-08-2023,151.75,229.9499969,2.874567669,38.92516068,112.8248393,,0.211809238,,,,,,,,,,,,,,,
30-08-2023,154.6499939,228.75,3.042757889,41.59894037,113.0510535,,0.261384476,,,,,,,,,,,,,,,
31-08-2023,158.4499969,230.0500031,3.278216454,45.31215115,113.1378458,,0.331872705,,,,,,,,,,,,,,,
01-09-2023,167.1000061,236.8999939,3.85742406,54.11736198,112.9826441,,0.632959315,,,,,,,,,,,,,,,
04-09-2023,171.5500031,247.8000031,4.121126126,58.78427116,112.7657319,0.0,0.613502739,,,,,,,,,,,,,,,
05-09-2023,168.5500031,255.3500061,3.848856851,55.70030529,112.8496978,,0.560176495,,,,,,,,,,,,,,,
06-09-2023,163.75,255.8000031,3.447771255,50.50762455,113.2423755,,0.452701164,,,,,,,,,,,,,,,
07-09-2023,162.6999969,274.0,3.344021586,49.41522304,113.2847739,,0.442506403,,,,,,,,,,,,,,,
08-09-2023,166.9499969,282.1000061,3.544817119,52.9738779,113.976119,,0.585535991,,,,,,,,,,,,,,,
11-09-2023,166.5,278.9500122,3.414795517,51.66305683,114.8369432,,0.576204549,,,,,,,,,,,,,,,
12-09-2023,154.75,270.75,2.581573014,39.37856864,115.3714314,,0.323923292,,,,,,,,,,,,,,,
13-09-2023,158.5,279.6499939,2.768774935,42.50954956,115.9904504,,0.414630286,,,,,,,,,,,,,,,
14-09-2023,161.9499969,277.5499878,2.928567018,45.37545825,116.5745387,,0.466633629,,,,,,,,,,,,,,,
15-09-2023,161.3000031,279.2999878,2.824894789,44.11288104,117.187122,,0.475449642,,,,,,,,,,,,,,,
18-09-2023,157.3500061,281.25,2.517867625,39.56296824,117.7870379,,0.403507848,,,,,,,,,,,,,,,
20-09-2023,159.1000061,284.2999878,2.568352047,40.61220092,118.4878052,,0.437461741,,,,,,,,,,,,,,,
21-09-2023,154.25,280.4500122,2.226696851,35.41186846,118.8381315,,0.338377773,,,,,,,,,,,,,,,
22-09-2023,153.1499939,283.3500061,2.11189287,33.72368205,119.4263118,,0.332921029,,,,,,,,,,,,,,,
25-09-2023,157.3999939,288.0499878,2.317736081,37.1856745,120.2143194,,0.393041643,,,,,,,,,,,,,,,
26-09-2023,156.1999969,286.75,2.201299287,35.50424104,120.6957559,,0.369658228,,,,,,,,,,,,,,,
27-09-2023,159.3000031,291.5499878,2.327075032,37.7110914,121.5889116,,0.438490314,,,,,,,,,,,,,,,
28-09-2023,156.3000031,290.2000122,2.103316487,34.24803348,122.0519696,,0.384116981,,,,,,,,,,,,,,,
29-09-2023,162.3999939,295.2000122,2.402131481,39.31106975,123.0889241,,0.48419856,,,,,,,,,,,,,,,
03-10-2023,160.8999939,291.8999939,2.275060088,37.45294228,123.4470516,,0.43605046,,,,,,,,,,,,,,,
04-10-2023,155.8500061,287.9500122,1.950442984,32.24727239,123.6027337,,0.386410833,,,,,,,,,,,,,,,
05-10-2023,153.8000031,289.3500061,1.787220426,29.62638503,124.173618,,0.303222209,,,,,,,,,,,,,,,
06-10-2023,154.8500061,287.7999878,1.826503094,30.37499694,124.4750092,,0.19719507,,,,,,,,,,,,,,,
09-10-2023,148.8500061,287.7999878,1.442983542,24.04126646,124.8087396,,0.139713525,,,,,,,,,,,,,,,
10-10-2023,154.8000031,303.25,1.674732326,27.90303285,126.8969702,,0.197459819,,,,,,,,,,,,,,,
11-10-2023,153.8500061,301.8500061,1.592931344,26.60803345,127.2419727,,0.249502889,,,,,,,,,,,,,,,
12-10-2023,157.3999939,307.2000122,1.731335085,28.95184035,128.4481535,,0.344709635,,,,,,,,,,,,,,,
13-10-2023,157.0500031,307.9500122,1.670425642,27.8912951,129.1587079,,0.32400079,,,,,,,,,,,,,,,
16-10-2023,160.1499939,312.0,1.787199244,29.78920094,130.360793,,0.264448429,,,,,,,,,,,,,,,
17-10-2023,158.4499969,317.3999939,1.603450068,26.69012957,131.7598674,,0.238238146,,,,,,,,,,,,,,,
18-10-2023,154.75,316.9500122,1.351252348,22.49643954,132.2535605,,0.232911805,,,,,,,,,,,,,,,
19-10-2023,157.1000061,314.7999878,1.474050419,24.58261084,132.5173953,,0.269524954,,,,,,,,,,,,,,,
20-10-2023,154.0,312.3999939,1.279043516,21.35276897,132.647231,,0.23909059,,,,,,,,,,,,,,,
23-10-2023,142.1000061,306.1000061,0.608589796,10.15316664,131.9468395,,0.157202019,,,,,,,,,,,,,,,
25-10-2023,141.1499939,310.2999878,0.499237296,8.310569173,132.8394247,,0.152018769,,,,,,,,,,,,,,,
26-10-2023,140.8999939,305.25,0.518586464,8.631579878,132.268414,,0.138816106,,,,,,,,,,,,,,,
27-10-2023,140.6499939,313.9500122,0.407145861,6.762336102,133.8876578,,0.137534459,,,,,,,,,,,,,,,
30-10-2023,143.5,314.5499878,0.558138261,9.262800552,134.2371994,,0.135275588,,,,,,,,,,,,,,,
31-10-2023,143.1999969,314.25,0.528655098,8.766418588,134.4335784,,0.147196948,,,,,,,,,,,,,,,
01-11-2023,140.8000031,306.6499939,0.449616845,7.458045656,133.3419574,,0.154193269,,,,,,,,,,,,,,,
02-11-2023,145.6999969,308.8500061,0.7071616,11.7162016,133.9837954,,0.172254014,,,,,,,,,,,,,,,
03-11-2023,145.25,312.0,0.632534019,10.46455156,134.7854484,,0.171061741,,,,,,,,,,,,,,,
06-11-2023,147.8500061,316.5499878,0.723677466,11.94855927,135.9014468,,0.215890528,,,,,,,,,,,,,,,
07-11-2023,145.9499969,314.25,0.617680429,10.19050458,135.7594924,,0.205842945,,,,,,,,,,,,,,,
08-11-2023,146.3000031,317.3999939,0.58891874,9.702976447,136.5970266,,0.222768162,,,,,,,,,,,,,,,
09-11-2023,144.25,323.5499878,0.382933266,6.297361405,137.9526386,,0.226922968,,,,,,,,,,,,,,,
10-11-2023,145.0500031,323.3999939,0.418994932,6.884616538,138.1653865,,0.177813418,,,,,,,,,,,,,,,
13-11-2023,162.0500031,349.3500061,1.119115275,18.3143589,143.7356442,,0.267327197,,,,,,,,,,,,,,,
15-11-2023,160.25,350.6000061,0.960202439,15.71611246,144.5338875,,0.260028234,,,,,,,,,,,,,,,
16-11-2023,159.0,345.7999878,0.911858167,14.94539499,144.054605,,0.248958498,,,,,,,,,,,,,,,
17-11-2023,157.8999939,345.25,0.825385433,13.53587483,144.3641191,,0.259357351,,,,,,,,,,,,,,,
20-11-2023,156.9499969,347.75,0.712092551,11.6729434,145.2770535,,0.27136248,,,,,,,,,,,,,,,
21-11-2023,158.6000061,334.2000122,0.958836665,15.75827936,142.8417267,,0.29286334,,,,,,,,,,,,,,,
22-11-2023,158.1000061,332.1499939,0.931363583,15.31406162,142.7859445,,0.273589335,,,,,,,,,,,,,,,
23-11-2023,162.1499939,334.4500122,1.121192045,18.44742182,143.7025721,,0.282481777,,,,,,,,,,,,,,,
24-11-2023,163.9499969,332.7999878,1.225616528,20.20088974,143.7491072,,0.292160557,,,,,,,,,,,,,,,
28-11-2023,168.6999969,341.9500122,1.358412659,22.40087125,146.2991257,,0.315013062,,,,,,,,,,,,,,,
29-11-2023,173.3000031,342.3500061,1.591298548,26.30002965,146.9999734,,0.275920369,,,,,,,,,,,,,,,
30-11-2023,173.0500031,342.1499939,1.540126202,25.50390312,147.5460999,,0.264777013,,,,,,,,,,,,,,,
01-12-2023,175.5500031,346.6499939,1.58659625,26.31233007,149.237673,,0.280881197,,,,,,,,,,,,,,,
04-12-2023,178.1000061,354.7000122,1.579441305,26.21858748,151.8814186,,0.22993606,,,,,,,,,,,,,,,
05-12-2023,177.75,355.5499878,1.499091555,24.89177569,152.8582243,,0.223917849,,,,,,,,,,,,,,,
06-12-2023,180.3000031,352.1499939,1.654791096,27.51268687,152.7873162,,0.268610029,,,,,,,,,,,,,,,
07-12-2023,183.0,351.9500122,1.770189127,29.47614565,153.5238543,,0.295665374,,,,,,,,,,,,,,,
08-12-2023,186.1999969,351.0,1.923054599,32.04669759,154.1532994,,0.364889662,,,,,,,,,,,,,,,
11-12-2023,182.8500061,353.6499939,1.632080336,27.17697001,155.6730361,,0.345860395,,,,,,,,,,,,,,,
12-12-2023,179.8500061,347.5,1.512247319,25.1950561,154.65495,,0.37628978,,,,,,,,,,,,,,,
13-12-2023,182.25,345.2000122,1.65276221,27.54640549,154.7035945,,0.37545231,,,,,,,,,,,,,,,
14-12-2023,184.3500061,347.6000061,1.694940993,28.26122856,156.0887775,,0.359409266,,,,,,,,,,,,,,,
15-12-2023,187.3999939,350.0,1.790057519,29.88889346,157.5111004,,0.36409039,,,,,,,,,,,,,,,
18-12-2023,197.0500031,347.6499939,2.348326824,39.40654185,157.6434612,,0.505750989,,,,,,,,,,,,,,,
19-12-2023,207.75,366.9500122,2.559727052,43.08051414,164.6694859,,0.560412095,,,,,,,,,,,,,,,
20-12-2023,196.6000061,352.1499939,2.112478386,35.72721468,160.8727914,,0.372163255,,,,,,,,,,,,,,,
21-12-2023,217.8999939,355.5,3.210651839,54.75030604,163.1496879,,0.59811328,,,,,,,,,,,,,,,
22-12-2023,226.6000061,363.25,3.455984682,59.50124536,167.0987607,,0.627997227,,,,,,,,,,,,,,,
26-12-2023,233.25,366.0499878,3.655625768,63.68226488,169.5677351,,0.722524971,,,,,,,,,,,,,,,
27-12-2023,235.25,365.6000061,3.650149449,64.28432844,170.9656716,,0.583691087,,,,,,,,,,,,,,,
28-12-2023,270.25,380.9500122,5.072454195,91.2599517,178.9900483,,0.877815877,,,,,,,,,,,,,,,
29-12-2023,273.6499939,376.0,5.102382989,94.12461649,179.5253774,,0.895984554,,,,,,,,,,,,,,,
01-01-2024,271.5,381.7999878,4.648493969,87.3372818,184.1627182,,0.809425119,,,,,,,,,,,,,,,
02-01-2024,269.7000122,392.6499939,4.13959098,78.7896398,190.9103724,,0.591655144,,,,,,,,,,,,,,,
03-01-2024,265.5499878,384.5499878,3.938881223,75.90251907,189.6474687,,0.422637339,,,,,,,,,,,,,,,
04-01-2024,278.0499878,384.75,4.396505868,85.9878181,192.0621697,,0.688361528,,,,,,,,,,,,,,,
05-01-2024,283.2999878,384.25,4.483506043,89.14307758,194.1569102,,0.566933933,,,,,,,,,,,,,,,
08-01-2024,267.8500061,380.3999939,3.666004591,73.62592451,194.2240816,,0.260986154,,,,,,,,,,,,,,,
09-01-2024,270.3999939,385.3500061,3.554766004,71.98981411,198.4101798,,0.304634126,,,,,,,,,,,,,,,
10-01-2024,269.4500122,382.0499878,3.470182357,70.89648702,198.5535252,,0.19857722,,,,,,,,,,,,,,,
11-01-2024,265.9500122,384.3500061,3.146495697,64.61017788,201.3398343,,0.11615062,,,,,,,,,,,,,,,
12-01-2024,262.5,381.1000061,2.973093634,61.33350249,201.1664975,,0.17843053,,,,,,,,,,,,,,,
15-01-2024,256.9500122,384.6499939,2.547606146,52.61847997,204.3315322,,0.069941229,,,,,,,,,,,,,,,
16-01-2024,266.9500122,381.8999939,3.017194845,62.57763026,204.3723819,,0.048240597,,,,,,,,,,,,,,,
17-01-2024,259.2000122,379.6499939,2.632828411,54.76036826,204.439644,,0.207052628,,,,,,,,,,,,,,,
18-01-2024,253.9499969,375.6499939,2.426216702,50.58701483,203.3629821,,0.169688547,,,,,,,,,,,,,,,
19-01-2024,264.8500061,383.25,2.681996431,56.01568037,208.8343257,,0.227529288,,,,,,,,,,,,,,,
23-01-2024,258.7000122,375.2999878,2.539025098,53.15123136,205.5487808,,0.161329473,,,,,,,,,,,,,,,
24-01-2024,273.6499939,382.6000061,2.975909393,62.60383342,211.0461605,,0.28413478,,,,,,,,,,,,,,,
25-01-2024,281.9500122,389.3999939,3.096575001,65.4964713,216.4535409,,0.299468544,,,,,,,,,,,,,,,
29-01-2024,283.5499878,412.7999878,2.45196532,51.86919247,231.6807953,,0.077642917,,,,,,,,,,,,,,,
30-01-2024,285.6000061,402.5499878,2.750118323,58.49123676,227.1087693,,0.321805897,,,,,,,,,,,,,,,
31-01-2024,289.0499878,406.1499939,2.72817081,58.22007231,230.8299155,,0.273401501,,,,,,,,,,,,,,,
01-02-2024,292.3500061,406.7000122,2.783659917,59.62509427,232.7249118,,0.135982599,,,,,,,,,,,,,,,
02-02-2024,301.1000061,419.7999878,2.727666423,58.52927385,242.5707323,,0.297396288,,,,,,,,,,,,,,,
05-02-2024,293.3999939,440.25,1.709041772,36.50286307,256.8971308,,0.067585162,,,,,,,,,,,,,,,
06-02-2024,298.0499878,448.6499939,1.613562648,34.26661463,263.7833732,,0.043014054,,,,,,,,,,,,,,,
07-02-2024,295.9500122,452.6499939,1.337333677,28.19813998,267.7518722,,0.063180173,,,,,,,,,,,,,,,
08-02-2024,289.5499878,459.2000122,0.788323034,16.49092323,273.0590646,,0.006167183,,,,,,,,,,,,,,,
09-02-2024,270.1499939,456.2000122,-0.063340698,-1.31626288,271.4662568,,0.002837159,,,,,,,,,,,,,,,
12-02-2024,240.9499969,432.7999878,-0.731168849,-15.1196507,256.0696477,,0.000955143,,,,,,,,,,,,,,,
13-02-2024,250.8000031,452.3500061,-0.883116327,-18.09432084,268.8943239,,0.001097089,,,,,,,,,,,,,,,
14-02-2024,259.4500122,466.3500061,-0.910221692,-18.53408149,277.9840937,,0.001500045,,,,,,,,,,,,,,,
